payment_id,ride_id,payment_method,payment_status,amount
700001,500001,Card,Paid,146.66
700002,500002,UPI,Paid,76.42
700003,500003,Cash,Paid,112.58
700004,500005,Wallet,Paid,76.87
700005,500006,UPI,Paid,107.6
700006,500007,Cash,Paid,35.0
700007,500008,Cash,Paid,159.26
700008,500009,UPI,Paid,301.34
700009,500010,UPI,Paid,164.07
700010,500011,Card,Paid,155.61
700011,500012,Cash,Paid,90.13
700012,500013,Cash,Paid,60.79
700013,500014,Cash,Paid,82.24
700014,500015,Card,Paid,104.85
700015,500017,Cash,Paid,207.57
700016,500018,UPI,Paid,72.44
700017,500019,Card,Paid,66.99
700018,500020,Card,Paid,203.5
700019,500021,UPI,Paid,241.42
700020,500022,Cash,Paid,60.2
700021,500023,Cash,Paid,179.01
700022,500024,Card,Paid,69.56
700023,500025,Cash,Paid,41.59
700024,500026,UPI,Paid,170.04
700025,500028,Cash,Paid,69.15
700026,500029,Card,Paid,177.43
700027,500030,UPI,Paid,69.03
700028,500031,Card,Paid,89.72
700029,500032,Card,Paid,296.31
700030,500033,UPI,Paid,97.37
700031,500034,Card,Paid,72.72
700032,500035,Card,Paid,142.92
700033,500036,UPI,Paid,71.12
700034,500037,UPI,Paid,103.94
700035,500038,UPI,Paid,47.75
700036,500039,UPI,Paid,106.69
700037,500040,Card,Paid,73.65
700038,500041,UPI,Paid,129.93
700039,500042,UPI,Paid,48.73
700040,500043,Card,Paid,120.89
700041,500044,Card,Paid,190.15
700042,500045,UPI,Paid,190.78
700043,500046,UPI,Paid,170.42
700044,500048,Wallet,Paid,111.24
700045,500049,Cash,Paid,109.13
700046,500050,Cash,Paid,275.54
700047,500051,UPI,Paid,43.84
700048,500052,Cash,Paid,143.73
700049,500053,Card,Paid,153.58
700050,500054,UPI,Paid,66.0
700051,500055,Cash,Paid,273.8
700052,500056,UPI,Paid,120.06
700053,500057,UPI,Paid,69.12
700054,500058,UPI,Failed,100.55
700055,500060,UPI,Paid,161.4
700056,500061,Card,Paid,121.17
700057,500062,Card,Paid,139.04
700058,500063,Wallet,Paid,130.78
700059,500064,Card,Paid,101.94
700060,500065,UPI,Paid,103.4
700061,500066,UPI,Paid,35.0
700062,500067,Card,Paid,79.96
700063,500068,UPI,Paid,108.8
700064,500069,Cash,Paid,81.01
700065,500070,Card,Paid,39.13
700066,500072,UPI,Paid,310.77
700067,500073,Cash,Paid,70.2
700068,500074,UPI,Paid,213.7
700069,500075,UPI,Paid,147.19
700070,500076,UPI,Paid,192.06
700071,500077,UPI,Paid,82.67
700072,500078,Card,Paid,203.18
700073,500079,UPI,Failed,58.77
700074,500081,Wallet,Paid,126.08
700075,500082,Card,Paid,153.0
700076,500083,Cash,Paid,195.49
700077,500084,UPI,Paid,296.41
700078,500085,Card,Paid,246.78
700079,500086,UPI,Paid,170.87
700080,500087,Wallet,Paid,46.51
700081,500088,UPI,Paid,57.95
700082,500089,UPI,Paid,134.13
700083,500091,Cash,Paid,174.73
700084,500092,UPI,Failed,67.46
700085,500094,UPI,Paid,173.32
700086,500095,Wallet,Paid,69.78
700087,500096,Cash,Failed,95.04
700088,500097,Cash,Paid,47.49
700089,500098,UPI,Paid,86.43
700090,500099,Cash,Paid,167.4
700091,500100,Card,Paid,117.65
700092,500101,Cash,Paid,77.19
700093,500102,Card,Paid,62.0
700094,500103,Card,Paid,121.54
700095,500107,Card,Paid,77.89
700096,500108,Cash,Paid,126.67
700097,500109,Cash,Paid,203.88
700098,500111,UPI,Paid,84.89
700099,500112,UPI,Paid,64.95
700100,500113,UPI,Paid,65.32
700101,500114,Wallet,Paid,171.67
700102,500115,Cash,Paid,79.67
700103,500116,Card,Paid,39.44
700104,500117,UPI,Paid,282.49
700105,500118,UPI,Paid,179.68
700106,500119,UPI,Paid,389.88
700107,500120,Cash,Paid,129.99
700108,500121,UPI,Paid,104.54
700109,500122,UPI,Paid,56.59
700110,500123,Wallet,Paid,86.81
700111,500125,Cash,Paid,62.17
700112,500126,UPI,Paid,258.14
700113,500127,Cash,Paid,88.8
700114,500128,UPI,Failed,62.17
700115,500129,UPI,Paid,108.45
700116,500130,UPI,Paid,74.05
700117,500131,Cash,Paid,54.79
700118,500132,Card,Paid,143.86
700119,500134,Card,Paid,215.97
700120,500136,UPI,Paid,156.97
700121,500137,Card,Paid,89.53
700122,500138,Cash,Paid,72.14
700123,500139,UPI,Paid,91.93
700124,500140,Card,Paid,81.78
700125,500141,Cash,Failed,127.7
700126,500142,Wallet,Paid,219.36
700127,500143,Cash,Paid,122.79
700128,500144,UPI,Paid,118.37
700129,500145,Cash,Paid,41.14
700130,500146,UPI,Paid,83.47
700131,500147,UPI,Paid,46.11
700132,500148,UPI,Paid,94.87
700133,500149,UPI,Paid,79.95
700134,500151,Card,Paid,35.0
700135,500152,UPI,Paid,127.29
700136,500153,Cash,Paid,181.58
700137,500155,UPI,Failed,181.54
700138,500158,Card,Paid,300.96
700139,500159,Wallet,Paid,195.78
700140,500160,UPI,Paid,245.12
700141,500161,Card,Paid,356.98
700142,500162,Cash,Paid,61.0
700143,500163,UPI,Paid,84.27
700144,500164,UPI,Paid,104.88
700145,500165,Card,Paid,148.85
700146,500166,Card,Paid,114.72
700147,500167,Cash,Paid,187.62
700148,500168,UPI,Paid,101.82
700149,500169,Card,Paid,140.56
700150,500170,Card,Paid,59.66
700151,500171,UPI,Paid,64.13
700152,500172,UPI,Paid,117.33
700153,500174,Card,Paid,113.3
700154,500175,UPI,Paid,72.57
700155,500176,Cash,Paid,63.7
700156,500177,Card,Paid,132.96
700157,500179,Card,Paid,93.91
700158,500182,UPI,Paid,157.57
700159,500183,UPI,Paid,95.65
700160,500184,UPI,Paid,40.53
700161,500185,Cash,Paid,51.65
700162,500186,UPI,Paid,164.08
700163,500187,Card,Paid,40.76
700164,500189,UPI,Paid,54.49
700165,500191,Cash,Paid,35.0
700166,500192,UPI,Paid,85.18
700167,500193,Cash,Paid,97.95
700168,500194,UPI,Paid,57.76
700169,500195,UPI,Paid,68.03
700170,500196,UPI,Paid,111.02
700171,500197,UPI,Paid,77.78
700172,500198,UPI,Paid,106.08
700173,500201,Cash,Paid,132.43
700174,500202,UPI,Paid,137.18
700175,500203,Card,Paid,53.1
700176,500204,UPI,Paid,71.16
700177,500208,UPI,Paid,111.2
700178,500209,Cash,Paid,101.85
700179,500210,Cash,Paid,144.97
700180,500211,UPI,Paid,98.14
700181,500212,UPI,Paid,106.62
700182,500213,Cash,Paid,66.22
700183,500215,Card,Paid,100.33
700184,500217,Card,Paid,104.27
700185,500218,Wallet,Paid,180.1
700186,500220,Card,Paid,123.76
700187,500221,Card,Paid,74.29
700188,500222,UPI,Paid,55.11
700189,500223,Card,Paid,49.36
700190,500224,UPI,Paid,176.71
700191,500225,Cash,Paid,146.74
700192,500226,Card,Paid,256.87
700193,500227,Card,Paid,114.91
700194,500228,UPI,Paid,199.62
700195,500229,UPI,Paid,36.91
700196,500231,UPI,Paid,65.69
700197,500232,UPI,Paid,285.28
700198,500233,Cash,Paid,121.0
700199,500234,Card,Paid,124.21
700200,500235,Card,Paid,67.86
700201,500236,UPI,Paid,136.42
700202,500237,Card,Paid,93.73
700203,500240,Card,Paid,212.78
700204,500241,Cash,Paid,163.89
700205,500242,Wallet,Paid,145.88
700206,500243,UPI,Paid,97.05
700207,500244,Card,Paid,235.12
700208,500246,Card,Paid,53.81
700209,500247,Wallet,Paid,152.27
700210,500248,Card,Paid,125.57
700211,500249,UPI,Paid,151.21
700212,500250,Cash,Paid,280.53
700213,500251,Card,Paid,161.37
700214,500252,Card,Paid,63.08
700215,500254,UPI,Paid,126.44
700216,500255,Wallet,Paid,130.64
700217,500256,UPI,Paid,81.97
700218,500257,Wallet,Paid,180.65
700219,500258,UPI,Paid,94.07
700220,500259,Card,Paid,385.93
700221,500260,Cash,Paid,144.06
700222,500261,UPI,Paid,35.0
700223,500262,UPI,Paid,87.41
700224,500263,UPI,Paid,106.95
700225,500265,Cash,Paid,168.57
700226,500266,UPI,Paid,65.74
700227,500268,Card,Paid,80.85
700228,500269,UPI,Paid,80.73
700229,500270,UPI,Paid,146.01
700230,500271,UPI,Paid,101.41
700231,500272,Card,Failed,78.56
700232,500274,UPI,Paid,254.82
700233,500275,UPI,Paid,134.71
700234,500276,Card,Paid,140.07
700235,500277,Card,Paid,52.52
700236,500278,UPI,Paid,178.59
700237,500280,UPI,Paid,105.45
700238,500281,Wallet,Paid,71.22
700239,500282,Cash,Paid,178.02
700240,500283,Card,Paid,63.24
700241,500286,UPI,Paid,104.2
700242,500291,Wallet,Paid,74.14
700243,500292,Wallet,Paid,137.23
700244,500294,UPI,Paid,152.68
700245,500296,Cash,Paid,128.48
700246,500297,Card,Paid,35.0
700247,500298,UPI,Paid,178.12
700248,500299,UPI,Paid,69.22
700249,500300,UPI,Paid,435.75
700250,500301,Card,Paid,51.3
700251,500302,Card,Paid,108.37
700252,500305,UPI,Paid,117.26
700253,500306,Cash,Paid,279.32
700254,500307,UPI,Paid,98.04
700255,500308,Card,Paid,109.35
700256,500309,Card,Paid,72.85
700257,500310,UPI,Paid,58.68
700258,500312,Card,Paid,94.28
700259,500313,Cash,Paid,66.87
700260,500314,UPI,Paid,81.31
700261,500316,UPI,Paid,250.23
700262,500317,UPI,Failed,112.87
700263,500318,UPI,Paid,121.83
700264,500319,UPI,Paid,47.27
700265,500320,UPI,Paid,77.23
700266,500321,UPI,Paid,182.68
700267,500323,Card,Paid,180.41
700268,500324,Card,Paid,82.03
700269,500326,Cash,Paid,100.59
700270,500327,UPI,Paid,98.96
700271,500329,UPI,Paid,160.82
700272,500330,UPI,Paid,64.83
700273,500331,Card,Paid,90.35
700274,500332,Cash,Paid,159.74
700275,500333,UPI,Paid,130.48
700276,500334,UPI,Paid,224.93
700277,500335,UPI,Paid,115.45
700278,500336,UPI,Paid,97.4
700279,500337,Cash,Paid,65.48
700280,500338,UPI,Paid,147.47
700281,500339,Card,Paid,207.13
700282,500340,UPI,Paid,319.0
700283,500341,UPI,Paid,52.13
700284,500342,UPI,Paid,90.65
700285,500343,Card,Paid,56.54
700286,500344,UPI,Paid,208.31
700287,500345,UPI,Failed,415.76
700288,500346,UPI,Paid,50.02
700289,500349,Card,Paid,120.44
700290,500350,UPI,Paid,290.44
700291,500351,Card,Paid,153.36
700292,500353,UPI,Paid,57.32
700293,500354,Card,Paid,113.59
700294,500355,UPI,Paid,145.56
700295,500356,UPI,Paid,145.06
700296,500357,Wallet,Paid,103.17
700297,500358,UPI,Paid,92.46
700298,500359,UPI,Paid,35.83
700299,500360,UPI,Paid,35.0
700300,500361,UPI,Paid,56.28
700301,500362,UPI,Paid,124.54
700302,500363,Cash,Paid,126.01
700303,500364,UPI,Paid,68.41
700304,500365,Cash,Paid,84.27
700305,500366,UPI,Paid,143.8
700306,500367,UPI,Paid,39.27
700307,500369,UPI,Paid,57.82
700308,500370,Card,Paid,123.79
700309,500372,Card,Paid,111.14
700310,500373,Wallet,Paid,103.88
700311,500374,UPI,Paid,51.55
700312,500376,Cash,Paid,52.25
700313,500377,UPI,Paid,183.53
700314,500378,Cash,Paid,57.27
700315,500379,Wallet,Paid,118.06
700316,500381,Cash,Paid,92.98
700317,500383,Card,Paid,133.54
700318,500385,UPI,Paid,159.06
700319,500387,UPI,Paid,93.33
700320,500388,Cash,Paid,68.61
700321,500389,Card,Paid,82.16
700322,500390,Cash,Paid,187.1
700323,500391,UPI,Paid,45.03
700324,500392,UPI,Paid,164.51
700325,500393,Cash,Paid,50.86
700326,500394,Cash,Paid,68.72
700327,500395,Card,Paid,196.32
700328,500396,Wallet,Paid,168.04
700329,500397,Cash,Paid,79.65
700330,500398,UPI,Paid,84.44
700331,500401,UPI,Paid,193.34
700332,500402,Card,Paid,40.35
700333,500403,Card,Paid,172.55
700334,500404,UPI,Paid,58.2
700335,500406,Wallet,Paid,154.39
700336,500407,Cash,Paid,225.75
700337,500408,UPI,Paid,64.35
700338,500409,UPI,Paid,68.68
700339,500412,Wallet,Paid,123.12
700340,500413,UPI,Paid,113.31
700341,500414,Card,Paid,93.47
700342,500415,UPI,Paid,233.62
700343,500416,UPI,Paid,185.03
700344,500417,Wallet,Paid,144.76
700345,500418,Card,Paid,94.32
700346,500419,Wallet,Paid,137.76
700347,500420,Wallet,Paid,151.0
700348,500421,Cash,Paid,187.79
700349,500422,Cash,Paid,55.78
700350,500423,UPI,Paid,202.62
700351,500425,Cash,Paid,144.4
700352,500426,Wallet,Paid,91.01
700353,500427,Card,Paid,75.16
700354,500428,UPI,Paid,196.86
700355,500429,Card,Paid,270.2
700356,500430,UPI,Paid,65.26
700357,500431,Cash,Paid,58.52
700358,500433,UPI,Paid,95.33
700359,500434,Card,Paid,98.58
700360,500435,UPI,Paid,35.0
700361,500436,UPI,Paid,116.81
700362,500439,UPI,Paid,154.44
700363,500440,UPI,Paid,142.19
700364,500442,Cash,Paid,57.95
700365,500443,Card,Paid,36.51
700366,500444,UPI,Paid,40.09
700367,500445,Cash,Paid,204.39
700368,500446,UPI,Paid,125.92
700369,500447,Cash,Paid,74.34
700370,500448,Cash,Paid,176.97
700371,500449,UPI,Paid,65.9
700372,500451,UPI,Paid,139.75
700373,500452,Cash,Paid,68.65
700374,500453,UPI,Paid,60.59
700375,500454,UPI,Paid,86.12
700376,500455,UPI,Paid,208.78
700377,500456,Card,Paid,343.06
700378,500457,UPI,Paid,93.65
700379,500458,UPI,Paid,74.32
700380,500459,UPI,Paid,102.27
700381,500460,UPI,Paid,214.55
700382,500463,Wallet,Paid,177.16
700383,500464,UPI,Paid,227.57
700384,500465,UPI,Paid,163.21
700385,500466,UPI,Paid,86.17
700386,500467,Wallet,Paid,279.76
700387,500468,UPI,Paid,312.75
700388,500470,Cash,Paid,184.86
700389,500471,Card,Paid,133.99
700390,500472,Card,Paid,110.04
700391,500473,UPI,Paid,189.57
700392,500474,UPI,Paid,64.09
700393,500475,UPI,Paid,104.02
700394,500476,Cash,Paid,265.73
700395,500480,UPI,Paid,167.37
700396,500482,UPI,Paid,180.2
700397,500483,Card,Paid,38.36
700398,500484,Card,Paid,99.79
700399,500486,Card,Paid,106.09
700400,500490,Cash,Paid,55.33
700401,500491,UPI,Paid,127.16
700402,500492,UPI,Paid,75.04
700403,500493,Wallet,Paid,103.87
700404,500494,Card,Paid,75.94
700405,500495,Card,Paid,87.76
700406,500498,Card,Paid,74.46
700407,500499,UPI,Paid,165.83
700408,500500,Wallet,Failed,75.34
700409,500502,UPI,Paid,86.36
700410,500503,Cash,Paid,112.91
700411,500504,UPI,Paid,113.07
700412,500505,Cash,Paid,104.16
700413,500506,UPI,Paid,182.51
700414,500510,UPI,Paid,150.45
700415,500512,UPI,Paid,188.53
700416,500513,UPI,Paid,98.17
700417,500514,UPI,Paid,101.0
700418,500515,Card,Paid,212.82
700419,500516,Card,Paid,101.29
700420,500517,UPI,Paid,121.91
700421,500519,UPI,Paid,96.82
700422,500520,UPI,Paid,69.38
700423,500522,Card,Paid,244.39
700424,500523,UPI,Paid,35.0
700425,500524,UPI,Paid,68.39
700426,500525,Cash,Paid,65.68
700427,500526,UPI,Paid,139.34
700428,500527,UPI,Paid,88.27
700429,500528,Cash,Paid,96.64
700430,500529,Card,Paid,205.79
700431,500530,Wallet,Paid,63.56
700432,500531,Wallet,Paid,35.0
700433,500532,UPI,Paid,117.65
700434,500533,Card,Paid,108.08
700435,500534,Cash,Paid,300.17
700436,500535,Card,Paid,251.63
700437,500537,UPI,Paid,172.81
700438,500538,UPI,Paid,129.7
700439,500539,UPI,Paid,220.15
700440,500540,Cash,Paid,86.47
700441,500541,UPI,Paid,113.42
700442,500542,Card,Paid,156.64
700443,500543,Wallet,Paid,80.72
700444,500544,UPI,Paid,88.68
700445,500545,Wallet,Paid,124.23
700446,500546,UPI,Paid,80.12
700447,500547,Cash,Paid,83.28
700448,500548,UPI,Paid,135.31
700449,500549,UPI,Paid,294.02
700450,500550,UPI,Paid,66.09
700451,500551,Cash,Paid,70.59
700452,500552,Cash,Paid,67.63
700453,500553,Wallet,Paid,374.48
700454,500554,Card,Paid,139.48
700455,500556,Wallet,Paid,117.54
700456,500559,UPI,Paid,181.74
700457,500560,Cash,Paid,67.94
700458,500561,Cash,Paid,64.11
700459,500564,Cash,Paid,101.32
700460,500566,Wallet,Paid,126.91
700461,500567,UPI,Paid,81.15
700462,500569,UPI,Paid,45.89
700463,500570,Cash,Paid,241.06
700464,500571,UPI,Paid,117.41
700465,500572,Card,Paid,63.58
700466,500573,UPI,Paid,35.0
700467,500574,Wallet,Paid,195.83
700468,500575,UPI,Paid,105.23
700469,500576,UPI,Paid,104.0
700470,500577,UPI,Paid,139.4
700471,500578,Card,Paid,179.64
700472,500579,Card,Paid,95.9
700473,500580,Card,Paid,141.41
700474,500581,Card,Paid,432.61
700475,500583,UPI,Paid,89.82
700476,500584,UPI,Paid,192.14
700477,500585,Card,Paid,119.76
700478,500586,Wallet,Paid,295.6
700479,500587,UPI,Paid,183.63
700480,500588,UPI,Paid,62.78
700481,500589,Card,Paid,48.29
700482,500590,UPI,Paid,119.33
700483,500591,UPI,Paid,66.14
700484,500592,UPI,Paid,35.0
700485,500595,Card,Paid,137.27
700486,500596,Cash,Paid,61.75
700487,500599,UPI,Paid,190.12
700488,500600,UPI,Paid,81.93
700489,500601,Cash,Paid,36.6
700490,500602,UPI,Paid,320.58
700491,500603,Card,Paid,44.94
700492,500604,Card,Paid,67.29
700493,500605,Cash,Paid,184.87
700494,500606,UPI,Paid,124.7
700495,500607,Wallet,Paid,177.75
700496,500608,Card,Paid,259.32
700497,500609,Card,Paid,167.45
700498,500610,Cash,Paid,171.0
700499,500611,Cash,Paid,76.9
700500,500612,UPI,Paid,160.83
700501,500613,Cash,Paid,157.75
700502,500614,Card,Paid,52.05
700503,500615,UPI,Paid,110.72
700504,500616,Card,Paid,63.81
700505,500617,Card,Paid,261.63
700506,500618,UPI,Paid,330.34
700507,500620,UPI,Paid,89.69
700508,500622,UPI,Paid,181.79
700509,500623,UPI,Paid,74.36
700510,500624,Card,Paid,66.77
700511,500625,Card,Paid,53.09
700512,500626,Wallet,Paid,46.05
700513,500627,UPI,Paid,106.79
700514,500628,Card,Paid,130.83
700515,500629,Wallet,Paid,112.82
700516,500630,Card,Paid,224.0
700517,500631,Cash,Paid,90.86
700518,500632,UPI,Paid,91.03
700519,500633,Cash,Paid,79.02
700520,500634,UPI,Paid,289.42
700521,500635,Card,Paid,75.16
700522,500636,Wallet,Paid,192.19
700523,500637,Cash,Paid,229.86
700524,500638,Wallet,Paid,58.34
700525,500639,UPI,Failed,112.43
700526,500640,Wallet,Paid,211.45
700527,500641,Cash,Paid,44.48
700528,500642,UPI,Paid,39.29
700529,500643,Card,Paid,44.92
700530,500644,Card,Paid,91.05
700531,500645,UPI,Paid,49.31
700532,500646,UPI,Paid,158.97
700533,500647,UPI,Paid,129.71
700534,500648,UPI,Paid,35.0
700535,500649,Wallet,Paid,246.52
700536,500650,Card,Paid,130.25
700537,500651,UPI,Failed,127.03
700538,500652,Card,Paid,130.51
700539,500653,UPI,Paid,113.54
700540,500654,UPI,Failed,44.81
700541,500656,Cash,Paid,136.19
700542,500657,UPI,Paid,62.6
700543,500658,Card,Paid,82.66
700544,500659,Card,Paid,42.82
700545,500660,UPI,Paid,279.41
700546,500662,UPI,Paid,65.98
700547,500664,Cash,Paid,218.15
700548,500665,Card,Paid,86.89
700549,500666,Wallet,Paid,96.4
700550,500667,UPI,Paid,63.88
700551,500668,UPI,Paid,53.55
700552,500669,UPI,Paid,142.98
700553,500670,Card,Paid,55.25
700554,500671,Card,Paid,113.94
700555,500672,Card,Paid,56.58
700556,500673,Card,Paid,163.79
700557,500674,Cash,Paid,70.93
700558,500677,Card,Paid,91.38
700559,500678,UPI,Paid,103.47
700560,500679,UPI,Paid,74.35
700561,500680,UPI,Paid,230.96
700562,500681,Card,Paid,71.16
700563,500682,Cash,Paid,273.41
700564,500683,Wallet,Paid,78.6
700565,500684,UPI,Paid,35.0
700566,500686,Cash,Paid,73.57
700567,500687,Cash,Paid,46.8
700568,500688,UPI,Paid,104.55
700569,500689,UPI,Paid,146.32
700570,500690,Cash,Paid,113.91
700571,500691,UPI,Paid,91.67
700572,500692,UPI,Paid,35.0
700573,500693,UPI,Paid,87.99
700574,500694,Card,Paid,117.0
700575,500695,Cash,Paid,140.38
700576,500696,Card,Paid,217.57
700577,500697,Cash,Paid,177.71
700578,500698,UPI,Paid,58.48
700579,500699,UPI,Paid,230.7
700580,500700,Card,Paid,99.17
700581,500702,Cash,Paid,93.96
700582,500703,Cash,Paid,98.32
700583,500704,Card,Paid,109.73
700584,500706,UPI,Paid,77.65
700585,500707,Wallet,Paid,93.65
700586,500708,UPI,Paid,85.22
700587,500709,Cash,Paid,57.1
700588,500710,UPI,Paid,317.88
700589,500712,UPI,Paid,190.12
700590,500713,Wallet,Paid,83.48
700591,500714,Card,Paid,96.82
700592,500715,UPI,Paid,156.96
700593,500716,UPI,Paid,75.35
700594,500717,UPI,Paid,45.24
700595,500719,Cash,Paid,113.42
700596,500720,Cash,Paid,153.07
700597,500721,Cash,Paid,287.1
700598,500723,UPI,Paid,216.61
700599,500724,Card,Paid,155.07
700600,500725,Wallet,Paid,286.59
700601,500726,Card,Paid,245.92
700602,500727,Cash,Paid,81.9
700603,500728,Card,Paid,54.17
700604,500729,UPI,Paid,83.75
700605,500730,UPI,Paid,44.53
700606,500731,Card,Paid,35.0
700607,500732,Card,Paid,57.36
700608,500733,Cash,Paid,96.7
700609,500734,Card,Paid,68.24
700610,500735,Cash,Paid,101.26
700611,500737,Card,Paid,239.68
700612,500738,Card,Paid,35.0
700613,500739,Card,Paid,103.26
700614,500740,Cash,Paid,78.6
700615,500742,Card,Paid,139.71
700616,500743,Wallet,Paid,80.85
700617,500744,Cash,Paid,71.3
700618,500745,UPI,Paid,61.06
700619,500746,Wallet,Paid,91.58
700620,500747,UPI,Paid,65.81
700621,500748,Card,Paid,132.7
700622,500749,Cash,Paid,57.27
700623,500750,Wallet,Paid,150.82
700624,500751,UPI,Paid,248.36
700625,500753,UPI,Paid,78.02
700626,500754,UPI,Paid,230.53
700627,500756,UPI,Paid,96.6
700628,500757,UPI,Paid,270.45
700629,500758,UPI,Paid,56.57
700630,500759,Cash,Paid,87.92
700631,500760,Wallet,Paid,35.0
700632,500761,Card,Paid,84.52
700633,500763,Card,Paid,44.58
700634,500764,UPI,Paid,89.3
700635,500765,UPI,Paid,234.11
700636,500766,Card,Paid,62.15
700637,500767,Card,Paid,93.04
700638,500768,Card,Paid,123.3
700639,500769,Cash,Paid,70.05
700640,500770,Card,Paid,206.81
700641,500773,UPI,Paid,93.74
700642,500774,Cash,Paid,100.59
700643,500775,Cash,Paid,73.08
700644,500776,Card,Paid,221.66
700645,500777,UPI,Paid,144.48
700646,500778,Card,Failed,469.04
700647,500779,Wallet,Paid,99.76
700648,500780,Cash,Paid,56.85
700649,500782,Card,Paid,200.15
700650,500783,Card,Failed,111.11
700651,500784,UPI,Paid,165.52
700652,500785,UPI,Paid,198.95
700653,500786,Card,Paid,191.09
700654,500787,Card,Paid,130.84
700655,500788,UPI,Paid,96.02
700656,500789,UPI,Paid,98.72
700657,500791,Card,Paid,35.0
700658,500792,UPI,Paid,194.27
700659,500795,Card,Paid,79.8
700660,500796,UPI,Paid,76.65
700661,500797,Cash,Paid,122.52
700662,500798,Card,Paid,87.71
700663,500799,Card,Paid,35.0
700664,500800,Card,Paid,42.06
700665,500801,Cash,Paid,72.36
700666,500802,UPI,Paid,64.75
700667,500803,UPI,Paid,109.8
700668,500804,Cash,Paid,98.05
700669,500805,UPI,Paid,217.3
700670,500807,Cash,Paid,194.7
700671,500808,Cash,Paid,35.0
700672,500811,Card,Paid,52.77
700673,500813,UPI,Paid,48.53
700674,500814,Card,Paid,77.09
700675,500815,UPI,Paid,154.43
700676,500816,Wallet,Paid,227.71
700677,500818,Cash,Paid,106.58
700678,500819,Card,Paid,341.94
700679,500820,Cash,Paid,176.77
700680,500821,Card,Paid,242.91
700681,500822,Card,Paid,182.9
700682,500823,UPI,Paid,132.18
700683,500824,Card,Paid,156.58
700684,500825,UPI,Paid,94.68
700685,500827,Card,Paid,94.23
700686,500828,UPI,Paid,67.36
700687,500829,UPI,Paid,132.78
700688,500830,UPI,Paid,74.87
700689,500831,UPI,Paid,81.78
700690,500833,UPI,Paid,141.49
700691,500834,Card,Paid,261.2
700692,500836,UPI,Paid,202.09
700693,500837,Card,Paid,86.04
700694,500838,Cash,Paid,490.55
700695,500839,UPI,Paid,356.39
700696,500840,Wallet,Paid,88.23
700697,500841,UPI,Paid,143.07
700698,500842,Wallet,Paid,85.05
700699,500843,Cash,Paid,98.29
700700,500844,Cash,Paid,116.41
700701,500845,Card,Paid,152.04
700702,500846,Cash,Paid,167.55
700703,500847,Cash,Paid,41.71
700704,500848,Card,Paid,185.72
700705,500849,UPI,Paid,94.54
700706,500850,Card,Paid,77.36
700707,500851,UPI,Paid,35.0
700708,500853,Cash,Paid,100.74
700709,500854,Cash,Paid,39.59
700710,500855,Cash,Paid,109.65
700711,500857,Card,Paid,143.63
700712,500858,Card,Paid,186.91
700713,500859,UPI,Paid,126.24
700714,500860,UPI,Paid,83.82
700715,500861,UPI,Paid,193.49
700716,500863,Card,Paid,124.04
700717,500864,Wallet,Paid,88.2
700718,500865,Cash,Paid,35.0
700719,500867,Wallet,Paid,35.0
700720,500868,Card,Paid,35.18
700721,500869,UPI,Paid,85.25
700722,500870,UPI,Paid,116.07
700723,500871,Card,Paid,35.0
700724,500872,UPI,Paid,185.34
700725,500873,Card,Paid,207.2
700726,500874,Card,Paid,67.18
700727,500875,Card,Paid,129.5
700728,500876,UPI,Paid,163.55
700729,500877,UPI,Paid,35.0
700730,500879,UPI,Paid,148.43
700731,500880,UPI,Paid,406.8
700732,500881,Card,Paid,58.75
700733,500882,UPI,Paid,197.17
700734,500884,UPI,Paid,129.65
700735,500885,Card,Paid,44.64
700736,500886,Card,Paid,35.0
700737,500887,Wallet,Paid,379.36
700738,500889,Card,Paid,111.01
700739,500890,UPI,Paid,95.5
700740,500892,UPI,Paid,160.23
700741,500893,Cash,Paid,260.88
700742,500894,UPI,Paid,112.77
700743,500895,Card,Paid,41.75
700744,500896,UPI,Paid,166.14
700745,500897,UPI,Paid,339.39
700746,500898,Card,Paid,94.58
700747,500899,Wallet,Paid,89.85
700748,500900,UPI,Paid,35.0
700749,500901,UPI,Paid,89.77
700750,500902,Card,Paid,120.84
700751,500903,UPI,Paid,35.76
700752,500904,UPI,Paid,100.21
700753,500906,UPI,Paid,320.75
700754,500909,UPI,Paid,129.79
700755,500910,UPI,Paid,38.68
700756,500911,UPI,Paid,126.07
700757,500912,Card,Paid,35.0
700758,500913,Cash,Paid,129.01
700759,500914,UPI,Paid,77.29
700760,500916,UPI,Paid,112.85
700761,500918,UPI,Paid,182.86
700762,500919,Cash,Paid,184.69
700763,500920,UPI,Paid,188.21
700764,500921,Wallet,Paid,130.78
700765,500922,Card,Paid,49.98
700766,500924,UPI,Paid,99.98
700767,500925,UPI,Paid,83.09
700768,500926,Cash,Failed,136.73
700769,500927,Cash,Paid,302.73
700770,500928,Card,Paid,72.77
700771,500929,Card,Paid,108.13
700772,500931,Card,Paid,129.44
700773,500932,UPI,Paid,93.44
700774,500934,Wallet,Paid,35.0
700775,500935,UPI,Paid,44.03
700776,500936,UPI,Paid,48.77
700777,500938,Cash,Paid,418.8
700778,500939,Cash,Paid,66.22
700779,500940,Wallet,Paid,311.93
700780,500941,Cash,Paid,59.04
700781,500942,UPI,Paid,61.39
700782,500943,UPI,Paid,234.86
700783,500944,Card,Paid,91.81
700784,500945,Cash,Paid,146.64
700785,500946,UPI,Paid,97.59
700786,500947,Card,Paid,51.12
700787,500948,Card,Paid,37.46
700788,500949,Wallet,Paid,99.5
700789,500950,Cash,Paid,116.45
700790,500951,UPI,Paid,105.43
700791,500952,UPI,Paid,75.72
700792,500953,Card,Paid,105.85
700793,500954,Card,Paid,360.13
700794,500955,UPI,Paid,190.47
700795,500956,UPI,Paid,121.03
700796,500957,UPI,Paid,35.0
700797,500958,Cash,Paid,143.71
700798,500959,UPI,Paid,196.97
700799,500961,UPI,Paid,70.55
700800,500962,UPI,Paid,256.51
700801,500963,UPI,Paid,89.2
700802,500965,UPI,Paid,215.34
700803,500967,UPI,Paid,35.0
700804,500969,Cash,Paid,89.54
700805,500970,Card,Paid,132.17
700806,500971,UPI,Paid,114.75
700807,500972,UPI,Paid,127.19
700808,500973,Cash,Paid,74.45
700809,500974,Wallet,Paid,210.59
700810,500975,Wallet,Paid,93.25
700811,500976,UPI,Paid,313.98
700812,500977,UPI,Paid,189.94
700813,500978,UPI,Paid,337.63
700814,500979,Cash,Paid,134.07
700815,500980,UPI,Paid,61.27
700816,500981,Cash,Paid,113.97
700817,500982,Card,Paid,69.2
700818,500983,Card,Paid,118.32
700819,500984,UPI,Paid,136.24
700820,500985,Wallet,Paid,116.48
700821,500986,Card,Paid,124.11
700822,500987,UPI,Paid,44.97
700823,500989,UPI,Paid,46.49
700824,500991,Card,Paid,35.0
700825,500992,UPI,Paid,256.56
700826,500993,UPI,Paid,151.62
700827,500994,Cash,Paid,145.34
700828,500995,Card,Paid,122.18
700829,500996,UPI,Paid,149.98
700830,500997,Wallet,Paid,37.95
700831,500998,Card,Paid,98.44
700832,500999,UPI,Paid,66.33
700833,501000,UPI,Failed,146.12
700834,501001,UPI,Paid,45.14
700835,501002,UPI,Paid,129.72
700836,501003,UPI,Paid,190.28
700837,501005,UPI,Paid,121.96
700838,501006,UPI,Paid,105.6
700839,501007,UPI,Paid,53.84
700840,501008,UPI,Paid,38.41
700841,501009,UPI,Paid,233.12
700842,501010,Card,Paid,100.06
700843,501011,UPI,Paid,85.79
700844,501012,UPI,Paid,132.77
700845,501013,Card,Paid,260.17
700846,501014,UPI,Paid,223.25
700847,501015,UPI,Paid,84.81
700848,501016,Wallet,Paid,169.76
700849,501017,UPI,Paid,71.91
700850,501018,UPI,Paid,92.73
700851,501020,UPI,Paid,59.96
700852,501021,UPI,Paid,151.37
700853,501022,UPI,Paid,68.88
700854,501023,Card,Paid,187.59
700855,501024,Cash,Paid,111.35
700856,501025,Cash,Paid,89.23
700857,501026,Card,Paid,275.12
700858,501027,Card,Paid,116.96
700859,501028,Card,Paid,209.1
700860,501029,Cash,Paid,155.2
700861,501030,UPI,Paid,73.78
700862,501031,UPI,Paid,82.6
700863,501033,Card,Paid,60.94
700864,501036,UPI,Paid,54.3
700865,501038,UPI,Paid,35.0
700866,501039,UPI,Paid,35.0
700867,501040,UPI,Paid,326.32
700868,501041,UPI,Paid,68.73
700869,501042,UPI,Paid,70.78
700870,501045,Card,Paid,60.24
700871,501046,Cash,Paid,183.8
700872,501047,Cash,Paid,144.91
700873,501048,UPI,Paid,38.68
700874,501049,Card,Paid,155.46
700875,501050,UPI,Paid,128.68
700876,501051,UPI,Failed,35.27
700877,501052,UPI,Paid,245.9
700878,501053,UPI,Paid,232.19
700879,501054,Cash,Paid,84.45
700880,501055,Card,Paid,163.05
700881,501056,UPI,Paid,116.85
700882,501057,Card,Paid,36.61
700883,501058,Cash,Paid,206.89
700884,501059,Card,Paid,283.9
700885,501060,UPI,Paid,97.45
700886,501061,Card,Paid,152.8
700887,501063,UPI,Paid,116.22
700888,501064,UPI,Paid,69.76
700889,501065,UPI,Paid,171.12
700890,501066,Card,Paid,76.1
700891,501068,Cash,Paid,230.27
700892,501069,UPI,Paid,135.22
700893,501070,UPI,Paid,91.79
700894,501071,Cash,Paid,195.33
700895,501072,Card,Paid,58.01
700896,501073,Cash,Paid,194.0
700897,501074,UPI,Paid,44.03
700898,501075,Card,Paid,130.34
700899,501076,Card,Paid,52.84
700900,501078,UPI,Paid,125.61
700901,501079,Cash,Paid,67.8
700902,501080,UPI,Paid,35.0
700903,501081,Wallet,Paid,105.4
700904,501082,UPI,Paid,94.53
700905,501083,Cash,Paid,43.54
700906,501085,UPI,Paid,47.29
700907,501086,UPI,Paid,199.66
700908,501087,Card,Paid,35.0
700909,501088,UPI,Paid,164.67
700910,501089,UPI,Paid,65.57
700911,501090,Card,Paid,230.08
700912,501091,UPI,Paid,37.88
700913,501093,UPI,Paid,39.88
700914,501094,Cash,Paid,86.72
700915,501096,Card,Paid,281.7
700916,501098,Card,Paid,35.0
700917,501099,Card,Paid,74.11
700918,501100,UPI,Paid,126.4
700919,501101,Card,Paid,117.12
700920,501102,Wallet,Paid,118.88
700921,501103,Card,Paid,160.82
700922,501104,UPI,Paid,75.82
700923,501105,Card,Paid,63.05
700924,501106,Cash,Paid,87.24
700925,501108,UPI,Paid,59.89
700926,501109,UPI,Paid,139.61
700927,501110,Cash,Paid,81.89
700928,501112,Card,Paid,139.59
700929,501113,Cash,Paid,68.24
700930,501114,Card,Paid,221.34
700931,501115,UPI,Paid,223.85
700932,501116,UPI,Paid,77.25
700933,501117,Cash,Paid,109.63
700934,501118,UPI,Paid,60.13
700935,501119,Card,Paid,70.98
700936,501120,Card,Paid,80.13
700937,501122,UPI,Paid,153.0
700938,501123,Wallet,Paid,178.72
700939,501125,UPI,Paid,73.66
700940,501126,UPI,Paid,258.65
700941,501128,UPI,Paid,143.18
700942,501129,UPI,Paid,35.0
700943,501130,UPI,Paid,35.0
700944,501131,Cash,Paid,57.14
700945,501133,UPI,Paid,85.95
700946,501134,UPI,Paid,173.02
700947,501135,UPI,Paid,121.45
700948,501136,Wallet,Paid,53.51
700949,501137,UPI,Paid,108.46
700950,501138,UPI,Paid,75.62
700951,501139,UPI,Paid,36.38
700952,501140,UPI,Paid,198.55
700953,501141,UPI,Paid,78.39
700954,501142,Card,Paid,94.31
700955,501143,Cash,Paid,74.21
700956,501146,Cash,Paid,127.17
700957,501147,UPI,Paid,264.94
700958,501148,Wallet,Paid,81.35
700959,501149,Wallet,Paid,35.0
700960,501150,Wallet,Paid,150.27
700961,501152,UPI,Paid,150.49
700962,501153,Card,Paid,43.39
700963,501154,Card,Paid,107.58
700964,501155,UPI,Paid,101.68
700965,501156,UPI,Paid,191.0
700966,501157,UPI,Paid,116.23
700967,501158,Cash,Paid,140.98
700968,501159,Wallet,Paid,155.8
700969,501160,Card,Paid,110.8
700970,501161,UPI,Paid,125.76
700971,501162,Cash,Paid,62.19
700972,501163,UPI,Paid,35.0
700973,501164,Cash,Paid,95.77
700974,501165,Card,Paid,61.48
700975,501166,Wallet,Failed,44.14
700976,501167,UPI,Paid,37.5
700977,501169,Card,Paid,94.56
700978,501170,UPI,Paid,170.59
700979,501171,UPI,Paid,187.89
700980,501173,UPI,Paid,132.73
700981,501174,UPI,Paid,63.91
700982,501175,UPI,Paid,62.46
700983,501176,UPI,Paid,75.29
700984,501178,Card,Paid,92.25
700985,501179,UPI,Paid,262.06
700986,501180,Cash,Paid,57.04
700987,501181,Cash,Paid,155.35
700988,501182,UPI,Paid,135.89
700989,501183,UPI,Paid,212.31
700990,501184,Cash,Paid,418.9
700991,501185,UPI,Paid,44.55
700992,501186,UPI,Paid,84.59
700993,501187,Wallet,Paid,80.01
700994,501188,Wallet,Paid,78.65
700995,501189,UPI,Paid,74.01
700996,501190,Cash,Paid,115.77
700997,501192,UPI,Paid,43.95
700998,501193,Wallet,Paid,105.83
700999,501194,UPI,Paid,44.95
701000,501195,UPI,Paid,90.93
701001,501196,Cash,Paid,142.88
701002,501198,Card,Paid,140.95
701003,501199,Card,Paid,62.31
701004,501201,UPI,Paid,59.02
701005,501204,UPI,Paid,141.93
701006,501205,Cash,Paid,63.68
701007,501207,UPI,Paid,46.54
701008,501208,UPI,Paid,82.14
701009,501209,UPI,Paid,151.86
701010,501210,Card,Paid,35.0
701011,501211,Cash,Paid,85.59
701012,501212,UPI,Paid,227.19
701013,501213,Card,Paid,79.53
701014,501214,Card,Paid,87.65
701015,501215,Wallet,Paid,142.02
701016,501217,Card,Paid,130.48
701017,501218,Cash,Paid,130.86
701018,501219,Card,Paid,103.45
701019,501221,UPI,Failed,37.08
701020,501222,Card,Paid,94.08
701021,501224,Card,Paid,109.69
701022,501225,UPI,Paid,35.0
701023,501227,UPI,Paid,63.57
701024,501228,UPI,Paid,164.02
701025,501229,Card,Paid,48.81
701026,501230,Cash,Paid,82.09
701027,501231,Card,Paid,183.67
701028,501232,Card,Paid,36.67
701029,501233,Cash,Paid,99.22
701030,501234,Card,Paid,77.76
701031,501236,UPI,Paid,321.04
701032,501237,Cash,Paid,35.0
701033,501238,Card,Paid,35.0
701034,501239,UPI,Paid,100.13
701035,501240,Card,Paid,152.34
701036,501242,UPI,Paid,124.82
701037,501243,UPI,Paid,138.12
701038,501244,Cash,Paid,112.68
701039,501246,UPI,Paid,65.53
701040,501247,Card,Paid,112.99
701041,501248,Card,Paid,67.27
701042,501250,Cash,Paid,113.89
701043,501251,UPI,Paid,127.46
701044,501252,Cash,Paid,188.8
701045,501254,Cash,Paid,120.38
701046,501255,Wallet,Paid,183.47
701047,501258,Cash,Paid,60.92
701048,501259,Card,Paid,67.11
701049,501260,Cash,Paid,108.63
701050,501262,UPI,Paid,77.46
701051,501263,Card,Paid,193.13
701052,501264,Wallet,Paid,108.93
701053,501265,Card,Paid,47.73
701054,501266,UPI,Paid,123.96
701055,501268,UPI,Paid,322.21
701056,501269,Wallet,Paid,35.2
701057,501270,Card,Paid,84.39
701058,501271,Cash,Paid,75.49
701059,501272,Cash,Paid,60.82
701060,501273,Card,Paid,157.24
701061,501274,UPI,Paid,65.96
701062,501275,UPI,Paid,262.3
701063,501276,UPI,Paid,35.0
701064,501277,Cash,Paid,114.25
701065,501279,Cash,Paid,324.62
701066,501280,Card,Paid,198.36
701067,501283,Card,Paid,163.01
701068,501284,UPI,Paid,102.74
701069,501285,Card,Paid,35.0
701070,501286,UPI,Paid,48.33
701071,501288,Cash,Paid,114.31
701072,501289,UPI,Paid,99.21
701073,501291,UPI,Paid,42.54
701074,501292,Card,Paid,78.58
701075,501293,UPI,Paid,175.98
701076,501294,UPI,Paid,140.58
701077,501295,Card,Paid,62.85
701078,501296,Card,Paid,228.08
701079,501297,UPI,Paid,213.77
701080,501298,UPI,Paid,87.29
701081,501299,UPI,Paid,126.29
701082,501300,Wallet,Paid,75.71
701083,501301,Cash,Paid,180.43
701084,501303,Wallet,Paid,81.59
701085,501304,UPI,Paid,167.01
701086,501305,Cash,Paid,208.41
701087,501306,UPI,Paid,239.37
701088,501307,Card,Paid,107.61
701089,501308,Card,Paid,86.7
701090,501310,UPI,Paid,50.74
701091,501311,UPI,Paid,219.51
701092,501312,UPI,Paid,68.83
701093,501313,UPI,Paid,125.34
701094,501314,UPI,Paid,50.98
701095,501315,UPI,Paid,76.91
701096,501316,UPI,Paid,150.63
701097,501318,Cash,Paid,35.0
701098,501319,UPI,Paid,90.8
701099,501320,UPI,Paid,130.1
701100,501322,UPI,Paid,113.82
701101,501323,Cash,Paid,63.83
701102,501324,UPI,Paid,61.77
701103,501325,Cash,Paid,67.83
701104,501326,Cash,Paid,170.34
701105,501327,Cash,Paid,94.05
701106,501328,UPI,Paid,189.69
701107,501329,UPI,Paid,244.01
701108,501330,UPI,Paid,182.79
701109,501331,UPI,Paid,111.92
701110,501332,Card,Paid,191.36
701111,501333,UPI,Paid,229.27
701112,501334,UPI,Paid,127.2
701113,501335,UPI,Failed,102.36
701114,501337,UPI,Paid,152.27
701115,501338,UPI,Paid,79.01
701116,501340,Card,Paid,456.81
701117,501342,Cash,Paid,97.92
701118,501343,Wallet,Paid,247.7
701119,501344,UPI,Paid,339.9
701120,501345,Card,Paid,50.63
701121,501346,Card,Paid,134.01
701122,501347,Card,Paid,202.33
701123,501349,Card,Paid,87.71
701124,501351,UPI,Paid,98.49
701125,501353,Card,Paid,126.0
701126,501354,Card,Paid,92.48
701127,501355,Cash,Paid,149.42
701128,501356,Card,Paid,146.32
701129,501357,Card,Paid,278.49
701130,501358,UPI,Paid,156.61
701131,501359,Cash,Paid,35.0
701132,501362,Cash,Paid,44.37
701133,501363,Card,Paid,115.0
701134,501364,UPI,Paid,99.58
701135,501365,Card,Paid,106.18
701136,501366,Cash,Paid,184.99
701137,501367,Card,Paid,119.3
701138,501369,Cash,Paid,80.82
701139,501370,Cash,Paid,80.06
701140,501372,Cash,Paid,178.59
701141,501374,Cash,Paid,90.98
701142,501375,UPI,Paid,312.71
701143,501377,UPI,Paid,97.49
701144,501378,UPI,Paid,103.77
701145,501379,UPI,Paid,35.0
701146,501381,Wallet,Paid,69.03
701147,501382,UPI,Paid,109.74
701148,501383,Card,Failed,35.0
701149,501384,UPI,Paid,81.69
701150,501385,Card,Paid,90.51
701151,501386,UPI,Paid,76.58
701152,501387,Card,Paid,367.23
701153,501388,UPI,Paid,63.93
701154,501389,Card,Paid,229.18
701155,501390,Cash,Paid,180.53
701156,501391,Cash,Paid,107.43
701157,501393,Cash,Paid,407.85
701158,501394,UPI,Failed,264.79
701159,501395,UPI,Paid,93.12
701160,501397,Card,Paid,156.05
701161,501398,Card,Paid,49.41
701162,501399,UPI,Paid,88.51
701163,501400,Wallet,Paid,207.46
701164,501402,UPI,Paid,55.85
701165,501403,UPI,Paid,40.92
701166,501404,Cash,Paid,252.72
701167,501405,UPI,Paid,164.34
701168,501406,UPI,Paid,55.65
701169,501407,UPI,Paid,156.24
701170,501408,Card,Paid,173.81
701171,501409,Cash,Paid,97.48
701172,501410,Card,Paid,52.72
701173,501411,UPI,Paid,84.44
701174,501412,Card,Paid,225.33
701175,501414,Card,Paid,219.45
701176,501415,Card,Paid,125.44
701177,501416,UPI,Paid,184.72
701178,501417,UPI,Paid,105.31
701179,501419,Cash,Paid,95.79
701180,501420,UPI,Paid,76.58
701181,501421,UPI,Paid,67.55
701182,501422,Card,Paid,50.41
701183,501423,Cash,Paid,112.31
701184,501424,UPI,Paid,66.94
701185,501425,UPI,Paid,51.89
701186,501426,UPI,Paid,137.09
701187,501427,UPI,Paid,240.89
701188,501428,Card,Paid,122.08
701189,501429,UPI,Paid,49.92
701190,501430,Card,Paid,73.45
701191,501432,Cash,Paid,122.46
701192,501433,Cash,Paid,137.86
701193,501436,Card,Paid,144.78
701194,501438,UPI,Paid,246.27
701195,501439,UPI,Paid,149.29
701196,501440,Card,Paid,180.92
701197,501442,UPI,Paid,35.0
701198,501443,UPI,Paid,94.54
701199,501444,UPI,Paid,247.28
701200,501445,UPI,Paid,92.05
701201,501446,Wallet,Paid,72.64
701202,501447,Card,Paid,167.64
701203,501448,Cash,Paid,104.81
701204,501449,Card,Paid,49.67
701205,501450,UPI,Paid,78.2
701206,501451,UPI,Paid,99.68
701207,501452,Wallet,Paid,84.89
701208,501453,Wallet,Paid,247.02
701209,501454,UPI,Paid,36.71
701210,501455,Card,Paid,82.1
701211,501456,Card,Paid,80.14
701212,501457,Card,Paid,79.49
701213,501458,UPI,Paid,65.68
701214,501459,Cash,Paid,290.77
701215,501462,Card,Paid,153.46
701216,501463,Cash,Paid,35.0
701217,501464,Cash,Paid,182.47
701218,501465,Card,Paid,140.13
701219,501467,UPI,Paid,208.0
701220,501468,Card,Paid,138.31
701221,501470,UPI,Paid,54.54
701222,501471,Cash,Paid,137.25
701223,501473,UPI,Paid,86.46
701224,501475,Cash,Paid,42.65
701225,501476,UPI,Paid,147.98
701226,501477,Card,Paid,125.24
701227,501478,Cash,Paid,67.45
701228,501479,Cash,Paid,138.42
701229,501480,Card,Paid,38.59
701230,501481,UPI,Paid,103.88
701231,501482,UPI,Paid,131.65
701232,501485,Cash,Paid,62.19
701233,501486,Cash,Paid,107.77
701234,501487,Card,Paid,181.78
701235,501488,Cash,Paid,197.62
701236,501489,Card,Paid,212.52
701237,501490,Cash,Paid,128.69
701238,501491,UPI,Paid,380.2
701239,501492,Card,Paid,138.08
701240,501493,Card,Paid,219.93
701241,501494,Wallet,Paid,86.34
701242,501495,UPI,Paid,60.97
701243,501496,Card,Paid,52.27
701244,501497,UPI,Paid,137.98
701245,501498,Card,Paid,96.1
701246,501499,Card,Paid,96.82
701247,501500,Cash,Paid,276.91
701248,501501,Card,Paid,247.8
701249,501502,Cash,Paid,85.87
701250,501503,Wallet,Paid,117.63
701251,501504,UPI,Paid,102.81
701252,501505,Cash,Paid,43.96
701253,501506,UPI,Paid,91.32
701254,501507,UPI,Paid,269.43
701255,501508,UPI,Paid,384.01
701256,501509,UPI,Paid,45.42
701257,501510,UPI,Paid,56.33
701258,501511,UPI,Paid,249.99
701259,501513,UPI,Paid,118.21
701260,501514,UPI,Paid,214.46
701261,501515,UPI,Paid,160.9
701262,501517,Cash,Paid,79.25
701263,501518,Card,Paid,73.55
701264,501519,UPI,Paid,90.46
701265,501520,Card,Paid,114.67
701266,501521,Cash,Paid,102.03
701267,501522,Wallet,Paid,116.35
701268,501523,UPI,Paid,64.54
701269,501524,Cash,Paid,96.64
701270,501527,Card,Paid,48.79
701271,501528,Card,Paid,161.34
701272,501529,UPI,Paid,216.35
701273,501530,UPI,Paid,228.01
701274,501531,UPI,Paid,35.0
701275,501532,Wallet,Paid,141.33
701276,501533,UPI,Paid,43.96
701277,501534,Card,Paid,197.68
701278,501535,UPI,Paid,72.34
701279,501536,Wallet,Paid,199.53
701280,501538,Card,Paid,36.84
701281,501539,Wallet,Paid,104.05
701282,501540,Card,Paid,74.79
701283,501541,UPI,Paid,85.89
701284,501543,Card,Paid,134.99
701285,501544,Cash,Paid,107.76
701286,501545,Cash,Paid,122.54
701287,501546,Cash,Paid,129.8
701288,501547,UPI,Paid,59.15
701289,501548,Card,Paid,245.58
701290,501549,UPI,Paid,35.0
701291,501550,Cash,Paid,90.36
701292,501551,UPI,Paid,78.35
701293,501552,Card,Paid,59.02
701294,501553,UPI,Paid,188.25
701295,501555,UPI,Paid,247.02
701296,501556,Card,Paid,185.0
701297,501557,Card,Paid,120.41
701298,501558,Card,Paid,56.13
701299,501559,UPI,Failed,60.7
701300,501560,UPI,Paid,52.92
701301,501561,Cash,Paid,161.96
701302,501563,UPI,Paid,195.84
701303,501564,Cash,Paid,35.0
701304,501565,Card,Paid,102.71
701305,501566,UPI,Paid,44.38
701306,501567,UPI,Paid,135.13
701307,501568,Cash,Paid,44.93
701308,501569,UPI,Paid,202.87
701309,501572,Cash,Paid,35.0
701310,501574,Card,Paid,44.06
701311,501575,UPI,Paid,63.01
701312,501577,Card,Paid,94.56
701313,501578,Card,Paid,75.79
701314,501579,UPI,Paid,95.94
701315,501581,Card,Paid,133.25
701316,501582,UPI,Paid,52.53
701317,501583,UPI,Paid,97.7
701318,501584,UPI,Paid,200.78
701319,501585,UPI,Paid,114.69
701320,501586,Cash,Paid,96.07
701321,501587,UPI,Paid,177.96
701322,501588,Cash,Paid,57.76
701323,501590,Cash,Paid,72.69
701324,501591,UPI,Paid,109.02
701325,501592,UPI,Paid,82.0
701326,501593,UPI,Paid,58.59
701327,501594,Cash,Paid,223.54
701328,501595,Card,Paid,35.0
701329,501596,UPI,Paid,35.0
701330,501597,UPI,Paid,127.07
701331,501598,Cash,Paid,56.95
701332,501599,Card,Paid,137.01
701333,501600,UPI,Paid,141.83
701334,501601,UPI,Paid,193.62
701335,501603,Card,Paid,59.56
701336,501604,UPI,Paid,89.53
701337,501605,Cash,Paid,55.88
701338,501607,UPI,Paid,105.95
701339,501608,UPI,Paid,35.0
701340,501609,Card,Failed,105.44
701341,501610,Card,Paid,187.2
701342,501611,Cash,Paid,60.42
701343,501613,Card,Paid,244.94
701344,501614,Wallet,Paid,182.57
701345,501615,Cash,Paid,85.3
701346,501616,Card,Paid,84.27
701347,501617,UPI,Paid,182.53
701348,501618,Cash,Paid,212.64
701349,501619,UPI,Paid,160.84
701350,501620,UPI,Paid,131.6
701351,501621,Card,Paid,87.04
701352,501622,Cash,Paid,35.88
701353,501623,Wallet,Paid,71.19
701354,501624,Cash,Paid,59.35
701355,501626,UPI,Paid,89.26
701356,501627,UPI,Paid,111.25
701357,501629,Card,Paid,111.92
701358,501632,Card,Paid,174.45
701359,501633,Card,Paid,86.46
701360,501635,UPI,Paid,154.28
701361,501636,Wallet,Paid,176.73
701362,501637,Cash,Paid,244.86
701363,501638,UPI,Paid,96.24
701364,501639,Card,Paid,175.35
701365,501641,UPI,Paid,134.77
701366,501642,UPI,Paid,76.47
701367,501643,Cash,Paid,137.95
701368,501644,UPI,Paid,132.08
701369,501646,UPI,Failed,43.16
701370,501647,UPI,Paid,76.91
701371,501648,Cash,Paid,71.66
701372,501649,Card,Paid,159.97
701373,501650,UPI,Paid,56.94
701374,501652,UPI,Paid,112.15
701375,501654,Card,Paid,150.14
701376,501657,Card,Paid,103.9
701377,501658,Card,Paid,71.71
701378,501660,UPI,Paid,203.32
701379,501661,UPI,Paid,35.0
701380,501662,Card,Paid,280.3
701381,501663,UPI,Paid,405.89
701382,501664,UPI,Paid,126.71
701383,501665,Wallet,Paid,41.03
701384,501666,UPI,Paid,237.75
701385,501667,Card,Paid,203.36
701386,501668,UPI,Paid,99.62
701387,501669,Wallet,Paid,36.49
701388,501670,Card,Paid,170.66
701389,501671,Cash,Paid,96.91
701390,501672,UPI,Paid,139.44
701391,501673,UPI,Paid,89.2
701392,501674,Card,Paid,84.0
701393,501675,UPI,Paid,121.27
701394,501676,UPI,Paid,99.79
701395,501677,UPI,Paid,87.39
701396,501679,Cash,Paid,63.04
701397,501681,UPI,Paid,78.58
701398,501683,Card,Paid,55.01
701399,501684,UPI,Paid,42.09
701400,501685,UPI,Paid,175.14
701401,501686,Cash,Paid,100.12
701402,501687,UPI,Paid,278.37
701403,501689,Cash,Paid,91.5
701404,501690,UPI,Paid,154.38
701405,501691,Cash,Paid,433.28
701406,501692,Wallet,Paid,117.4
701407,501693,Cash,Paid,231.45
701408,501694,UPI,Paid,149.44
701409,501695,UPI,Paid,106.49
701410,501696,UPI,Paid,145.61
701411,501697,UPI,Paid,100.6
701412,501698,UPI,Paid,124.32
701413,501699,UPI,Paid,111.14
701414,501700,UPI,Paid,61.62
701415,501701,Card,Paid,99.98
701416,501702,Card,Paid,94.24
701417,501704,UPI,Paid,46.67
701418,501705,Cash,Paid,329.41
701419,501706,UPI,Paid,269.17
701420,501707,UPI,Paid,120.26
701421,501708,UPI,Paid,58.29
701422,501709,UPI,Paid,107.08
701423,501710,Cash,Paid,82.63
701424,501711,Cash,Paid,128.18
701425,501712,UPI,Paid,140.81
701426,501713,Cash,Paid,156.26
701427,501714,UPI,Paid,187.41
701428,501715,Card,Paid,108.9
701429,501716,Card,Paid,60.11
701430,501717,UPI,Paid,259.4
701431,501718,UPI,Paid,96.59
701432,501719,UPI,Paid,92.45
701433,501720,Cash,Paid,177.22
701434,501721,Wallet,Paid,269.09
701435,501722,UPI,Paid,59.91
701436,501723,Wallet,Paid,128.85
701437,501727,Cash,Paid,35.0
701438,501728,Card,Paid,149.74
701439,501730,Card,Paid,62.47
701440,501731,UPI,Paid,86.93
701441,501732,Cash,Paid,46.8
701442,501733,UPI,Paid,123.97
701443,501734,UPI,Paid,109.16
701444,501735,UPI,Paid,286.93
701445,501736,Card,Paid,311.46
701446,501737,UPI,Paid,196.33
701447,501739,UPI,Paid,118.12
701448,501741,UPI,Paid,67.69
701449,501744,UPI,Paid,112.75
701450,501745,UPI,Paid,176.74
701451,501746,Cash,Paid,66.18
701452,501747,UPI,Paid,84.47
701453,501748,Card,Paid,35.0
701454,501749,UPI,Paid,72.37
701455,501751,Wallet,Paid,116.33
701456,501752,UPI,Paid,184.23
701457,501754,Card,Paid,88.76
701458,501756,Cash,Paid,202.17
701459,501757,UPI,Paid,120.49
701460,501758,UPI,Paid,109.99
701461,501759,UPI,Paid,165.78
701462,501760,Card,Paid,88.2
701463,501761,UPI,Paid,41.74
701464,501762,UPI,Paid,77.05
701465,501764,Cash,Paid,81.52
701466,501765,Wallet,Paid,35.0
701467,501766,Card,Paid,102.17
701468,501767,Card,Paid,58.13
701469,501768,Cash,Paid,194.78
701470,501769,UPI,Paid,118.89
701471,501770,UPI,Paid,311.35
701472,501771,Cash,Paid,105.95
701473,501772,UPI,Paid,124.44
701474,501773,UPI,Paid,169.86
701475,501774,UPI,Paid,56.24
701476,501776,Cash,Paid,168.47
701477,501777,Card,Paid,82.74
701478,501778,UPI,Paid,124.91
701479,501779,UPI,Paid,52.1
701480,501780,Cash,Paid,152.86
701481,501781,Cash,Paid,74.36
701482,501782,Card,Paid,113.78
701483,501783,UPI,Paid,56.28
701484,501785,Card,Paid,67.9
701485,501786,UPI,Paid,150.92
701486,501787,Card,Paid,54.34
701487,501788,Card,Paid,35.0
701488,501789,Wallet,Paid,189.3
701489,501790,UPI,Paid,35.0
701490,501791,UPI,Paid,111.15
701491,501792,UPI,Paid,103.3
701492,501793,Cash,Paid,35.0
701493,501794,UPI,Paid,125.48
701494,501795,UPI,Paid,104.39
701495,501796,Card,Paid,105.58
701496,501797,UPI,Paid,176.75
701497,501798,UPI,Paid,61.39
701498,501799,Cash,Paid,93.83
701499,501800,UPI,Paid,35.0
701500,501801,UPI,Paid,154.49
701501,501802,UPI,Paid,110.58
701502,501803,Wallet,Paid,133.02
701503,501804,Card,Paid,64.66
701504,501805,UPI,Paid,62.08
701505,501806,Cash,Paid,35.05
701506,501807,UPI,Paid,73.44
701507,501808,Cash,Paid,63.89
701508,501809,UPI,Paid,50.6
701509,501811,Card,Paid,123.87
701510,501812,UPI,Paid,124.29
701511,501813,UPI,Paid,59.63
701512,501814,UPI,Paid,104.25
701513,501815,UPI,Paid,40.67
701514,501817,Card,Paid,189.43
701515,501818,UPI,Paid,123.85
701516,501819,UPI,Paid,77.68
701517,501820,Card,Paid,100.63
701518,501821,Card,Failed,85.67
701519,501822,Wallet,Paid,47.85
701520,501823,UPI,Paid,110.9
701521,501824,UPI,Paid,146.67
701522,501825,Card,Paid,188.44
701523,501826,Card,Paid,84.04
701524,501827,Card,Paid,172.02
701525,501828,UPI,Paid,282.06
701526,501829,UPI,Paid,58.8
701527,501830,Cash,Paid,86.41
701528,501831,UPI,Paid,106.17
701529,501832,Cash,Paid,86.27
701530,501833,UPI,Paid,99.88
701531,501835,UPI,Paid,35.0
701532,501836,Cash,Paid,121.9
701533,501837,Card,Paid,140.52
701534,501838,Card,Paid,158.13
701535,501839,UPI,Paid,40.96
701536,501841,UPI,Paid,145.02
701537,501842,Card,Paid,173.71
701538,501844,UPI,Paid,66.39
701539,501845,UPI,Paid,193.39
701540,501846,UPI,Paid,78.61
701541,501847,Card,Paid,52.33
701542,501848,UPI,Paid,212.73
701543,501849,UPI,Paid,98.79
701544,501850,Card,Paid,256.46
701545,501851,UPI,Paid,53.33
701546,501852,Cash,Paid,165.67
701547,501853,UPI,Paid,138.98
701548,501856,UPI,Paid,183.53
701549,501857,UPI,Paid,316.98
701550,501858,Card,Paid,108.64
701551,501859,UPI,Paid,116.57
701552,501860,Wallet,Paid,151.62
701553,501861,Wallet,Paid,35.0
701554,501862,UPI,Paid,35.0
701555,501863,Card,Paid,139.18
701556,501865,UPI,Paid,38.39
701557,501866,UPI,Paid,290.29
701558,501867,UPI,Paid,263.5
701559,501868,Wallet,Paid,76.59
701560,501869,UPI,Paid,45.17
701561,501870,Cash,Paid,141.91
701562,501871,UPI,Paid,101.87
701563,501872,Wallet,Paid,210.49
701564,501873,UPI,Paid,111.48
701565,501874,UPI,Paid,133.02
701566,501875,Cash,Paid,129.8
701567,501876,UPI,Paid,187.93
701568,501877,UPI,Paid,81.69
701569,501880,Cash,Paid,104.56
701570,501881,UPI,Paid,50.51
701571,501882,UPI,Paid,99.82
701572,501883,Wallet,Paid,38.73
701573,501884,Wallet,Paid,148.12
701574,501885,Cash,Paid,83.36
701575,501886,UPI,Paid,35.0
701576,501888,Card,Paid,116.09
701577,501889,UPI,Paid,77.7
701578,501890,UPI,Paid,123.93
701579,501891,UPI,Paid,80.36
701580,501892,UPI,Paid,103.46
701581,501893,Cash,Paid,156.4
701582,501894,Card,Paid,43.38
701583,501895,Cash,Paid,179.19
701584,501896,Card,Paid,180.16
701585,501897,UPI,Paid,309.98
701586,501899,UPI,Paid,525.88
701587,501900,Card,Paid,50.95
701588,501901,Card,Paid,84.11
701589,501905,Cash,Paid,61.64
701590,501907,UPI,Paid,53.04
701591,501908,UPI,Paid,146.24
701592,501910,Cash,Paid,44.55
701593,501912,Card,Paid,35.0
701594,501914,Wallet,Paid,45.78
701595,501915,UPI,Paid,93.06
701596,501916,Card,Paid,274.7
701597,501917,UPI,Paid,71.27
701598,501918,UPI,Paid,51.85
701599,501919,Card,Paid,150.87
701600,501922,Card,Paid,382.5
701601,501923,UPI,Paid,107.67
701602,501924,Cash,Paid,358.24
701603,501925,Card,Paid,96.47
701604,501926,Wallet,Paid,178.6
701605,501927,Wallet,Paid,144.69
701606,501928,UPI,Paid,169.5
701607,501929,UPI,Paid,35.0
701608,501930,UPI,Paid,107.63
701609,501932,Card,Paid,80.29
701610,501933,UPI,Paid,113.71
701611,501934,UPI,Paid,40.66
701612,501935,Cash,Paid,180.78
701613,501936,UPI,Paid,56.27
701614,501937,Card,Paid,101.85
701615,501938,Card,Paid,83.51
701616,501939,UPI,Paid,151.38
701617,501941,Card,Paid,297.41
701618,501943,Card,Paid,125.93
701619,501944,Card,Paid,35.0
701620,501945,UPI,Paid,85.02
701621,501946,Cash,Paid,212.68
701622,501947,Card,Paid,45.96
701623,501948,UPI,Paid,121.98
701624,501949,Wallet,Paid,153.14
701625,501952,Cash,Paid,82.37
701626,501953,Cash,Paid,241.49
701627,501954,Card,Paid,149.86
701628,501955,Card,Paid,162.72
701629,501957,Card,Paid,99.48
701630,501958,Card,Paid,107.0
701631,501959,Cash,Paid,269.0
701632,501960,Cash,Paid,109.11
701633,501961,Card,Paid,45.89
701634,501962,UPI,Paid,119.83
701635,501963,UPI,Paid,131.18
701636,501965,Cash,Paid,171.58
701637,501966,Cash,Paid,216.45
701638,501967,Cash,Paid,318.74
701639,501968,Wallet,Paid,114.18
701640,501969,Card,Paid,171.85
701641,501970,UPI,Paid,192.58
701642,501971,UPI,Paid,266.8
701643,501972,UPI,Paid,179.08
701644,501974,UPI,Paid,102.11
701645,501976,Cash,Paid,220.04
701646,501977,Cash,Paid,81.01
701647,501978,UPI,Paid,155.72
701648,501979,UPI,Paid,42.09
701649,501980,Card,Paid,58.98
701650,501981,Card,Paid,298.34
701651,501982,UPI,Paid,80.36
701652,501983,Wallet,Paid,115.33
701653,501984,Cash,Paid,86.31
701654,501986,Card,Paid,71.35
701655,501987,UPI,Paid,72.54
701656,501988,UPI,Paid,81.82
701657,501989,UPI,Paid,101.87
701658,501990,UPI,Paid,480.69
701659,501992,UPI,Paid,131.56
701660,501993,Cash,Paid,281.75
701661,501994,UPI,Paid,141.41
701662,501995,Card,Paid,45.73
701663,501996,UPI,Paid,45.86
701664,501997,UPI,Paid,303.26
701665,501998,UPI,Paid,48.72
701666,502001,UPI,Paid,128.19
701667,502002,UPI,Paid,42.93
701668,502003,UPI,Paid,70.46
701669,502005,Card,Paid,83.09
701670,502006,UPI,Paid,124.61
701671,502008,UPI,Paid,103.87
701672,502010,UPI,Paid,72.05
701673,502011,UPI,Paid,109.11
701674,502012,UPI,Paid,139.45
701675,502013,UPI,Paid,141.65
701676,502014,UPI,Paid,285.9
701677,502015,UPI,Paid,76.84
701678,502016,UPI,Paid,55.2
701679,502018,UPI,Paid,376.13
701680,502020,UPI,Paid,145.67
701681,502022,Card,Paid,80.53
701682,502023,UPI,Paid,50.65
701683,502024,Card,Paid,145.25
701684,502025,UPI,Paid,50.7
701685,502027,Wallet,Paid,117.88
701686,502028,UPI,Paid,204.15
701687,502029,Card,Paid,160.9
701688,502031,UPI,Paid,57.43
701689,502033,UPI,Paid,293.16
701690,502034,UPI,Paid,133.9
701691,502035,Wallet,Paid,105.35
701692,502037,Wallet,Paid,63.67
701693,502038,Cash,Paid,218.34
701694,502039,UPI,Paid,181.38
701695,502040,Card,Paid,137.14
701696,502041,UPI,Paid,84.46
701697,502042,Cash,Paid,110.01
701698,502043,UPI,Paid,130.64
701699,502044,Cash,Paid,135.51
701700,502045,Cash,Paid,75.33
701701,502046,UPI,Paid,106.97
701702,502048,Card,Paid,92.78
701703,502049,Wallet,Paid,77.54
701704,502050,UPI,Paid,54.68
701705,502051,Cash,Paid,66.71
701706,502052,Card,Paid,201.58
701707,502053,UPI,Paid,97.22
701708,502054,UPI,Paid,58.51
701709,502055,Wallet,Paid,115.74
701710,502056,Card,Paid,131.09
701711,502057,UPI,Paid,83.71
701712,502058,Cash,Paid,101.78
701713,502059,Cash,Paid,35.0
701714,502060,Cash,Paid,259.73
701715,502061,Card,Paid,75.4
701716,502062,Card,Paid,316.89
701717,502063,Cash,Paid,219.3
701718,502064,UPI,Paid,113.71
701719,502065,Cash,Paid,159.49
701720,502066,Cash,Paid,59.0
701721,502067,UPI,Paid,105.01
701722,502068,Cash,Paid,112.52
701723,502069,Card,Paid,71.31
701724,502070,UPI,Paid,57.41
701725,502072,Cash,Paid,325.49
701726,502073,UPI,Paid,69.49
701727,502074,UPI,Paid,35.0
701728,502075,Cash,Paid,109.87
701729,502076,Cash,Paid,279.41
701730,502077,UPI,Failed,61.89
701731,502079,Card,Paid,71.03
701732,502080,UPI,Paid,75.25
701733,502081,Card,Paid,138.0
701734,502082,UPI,Paid,121.15
701735,502083,Card,Paid,195.35
701736,502084,Card,Paid,107.08
701737,502085,Cash,Paid,35.0
701738,502086,Cash,Paid,288.27
701739,502087,Wallet,Paid,147.38
701740,502088,Wallet,Paid,157.75
701741,502090,Card,Paid,126.89
701742,502092,UPI,Paid,66.16
701743,502093,Wallet,Paid,72.19
701744,502095,Cash,Paid,135.89
701745,502096,UPI,Paid,73.64
701746,502097,UPI,Failed,35.0
701747,502098,Card,Paid,98.05
701748,502100,UPI,Paid,67.19
701749,502101,Cash,Paid,105.45
701750,502102,Card,Paid,92.81
701751,502103,UPI,Paid,115.19
701752,502104,UPI,Paid,62.1
701753,502105,Wallet,Paid,182.47
701754,502106,Card,Paid,48.59
701755,502107,UPI,Paid,46.29
701756,502108,Card,Paid,98.35
701757,502109,UPI,Paid,153.2
701758,502110,UPI,Paid,48.68
701759,502112,UPI,Paid,66.22
701760,502113,Card,Paid,136.21
701761,502114,UPI,Paid,67.29
701762,502115,Cash,Paid,35.0
701763,502116,Cash,Paid,120.66
701764,502117,UPI,Paid,90.31
701765,502118,UPI,Paid,171.56
701766,502119,Wallet,Paid,85.46
701767,502120,Wallet,Paid,35.0
701768,502121,UPI,Paid,71.52
701769,502122,Cash,Paid,94.46
701770,502123,Cash,Paid,99.24
701771,502124,UPI,Paid,115.87
701772,502125,UPI,Paid,95.79
701773,502126,Cash,Paid,93.99
701774,502127,UPI,Paid,87.91
701775,502128,Cash,Paid,35.0
701776,502129,Cash,Failed,134.19
701777,502130,Card,Failed,43.53
701778,502131,UPI,Paid,81.73
701779,502132,UPI,Paid,58.2
701780,502133,UPI,Paid,70.91
701781,502134,UPI,Paid,222.74
701782,502135,Wallet,Failed,85.17
701783,502136,UPI,Paid,145.12
701784,502137,Card,Paid,35.0
701785,502138,UPI,Paid,293.33
701786,502139,Card,Paid,218.92
701787,502140,Card,Paid,78.38
701788,502141,UPI,Paid,81.4
701789,502142,UPI,Paid,127.41
701790,502143,UPI,Paid,94.86
701791,502144,Card,Paid,48.6
701792,502145,UPI,Paid,278.87
701793,502146,UPI,Paid,93.72
701794,502147,Card,Paid,105.81
701795,502148,UPI,Paid,96.87
701796,502149,Card,Paid,115.34
701797,502150,Cash,Paid,136.76
701798,502151,UPI,Paid,117.96
701799,502152,UPI,Paid,122.43
701800,502153,UPI,Paid,143.21
701801,502154,Cash,Paid,143.21
701802,502155,Card,Paid,212.03
701803,502156,Cash,Paid,130.35
701804,502157,UPI,Paid,35.0
701805,502158,Card,Paid,284.29
701806,502160,UPI,Paid,172.11
701807,502161,Card,Paid,66.4
701808,502162,Wallet,Paid,95.23
701809,502163,UPI,Paid,136.73
701810,502164,UPI,Failed,92.59
701811,502166,Cash,Paid,151.38
701812,502167,UPI,Paid,73.66
701813,502168,Cash,Paid,57.6
701814,502169,Card,Paid,164.78
701815,502170,UPI,Paid,73.53
701816,502171,UPI,Paid,112.76
701817,502172,Card,Paid,134.66
701818,502173,Cash,Paid,44.23
701819,502174,UPI,Paid,227.29
701820,502175,UPI,Paid,94.92
701821,502177,Cash,Paid,66.21
701822,502178,UPI,Paid,87.13
701823,502180,UPI,Paid,119.42
701824,502181,UPI,Paid,89.07
701825,502182,Card,Paid,43.21
701826,502183,Card,Paid,77.09
701827,502184,Cash,Paid,184.92
701828,502185,UPI,Paid,113.89
701829,502187,Card,Paid,95.22
701830,502188,Card,Paid,178.07
701831,502189,Cash,Paid,64.52
701832,502190,Cash,Paid,137.19
701833,502191,Card,Paid,116.07
701834,502192,Cash,Paid,131.14
701835,502193,Cash,Paid,262.05
701836,502194,Cash,Paid,264.47
701837,502195,Cash,Paid,68.79
701838,502196,UPI,Paid,101.28
701839,502197,Card,Paid,43.86
701840,502198,UPI,Paid,102.72
701841,502199,Cash,Paid,44.98
701842,502200,Card,Paid,171.4
701843,502202,UPI,Paid,238.02
701844,502203,UPI,Paid,191.19
701845,502204,UPI,Paid,108.77
701846,502205,Cash,Paid,255.91
701847,502206,UPI,Paid,206.58
701848,502207,UPI,Paid,53.81
701849,502208,UPI,Paid,428.53
701850,502209,UPI,Paid,56.33
701851,502210,Card,Paid,106.54
701852,502211,UPI,Paid,77.38
701853,502213,Cash,Paid,215.08
701854,502214,Cash,Paid,51.5
701855,502215,UPI,Paid,82.85
701856,502216,Cash,Paid,119.52
701857,502217,Card,Paid,170.76
701858,502219,UPI,Paid,59.29
701859,502220,UPI,Paid,171.33
701860,502221,UPI,Paid,150.54
701861,502222,Cash,Paid,132.52
701862,502223,UPI,Paid,35.0
701863,502224,Cash,Paid,95.08
701864,502226,Card,Paid,216.37
701865,502227,UPI,Paid,145.14
701866,502229,Wallet,Paid,92.42
701867,502230,Card,Paid,48.47
701868,502231,UPI,Paid,201.06
701869,502232,UPI,Paid,176.13
701870,502233,UPI,Paid,83.74
701871,502234,Card,Paid,134.18
701872,502235,UPI,Paid,73.84
701873,502236,UPI,Paid,157.72
701874,502237,Card,Paid,212.54
701875,502240,UPI,Paid,103.24
701876,502241,Card,Paid,141.8
701877,502244,Cash,Paid,160.04
701878,502245,Cash,Paid,54.27
701879,502246,Cash,Paid,58.76
701880,502248,Cash,Paid,110.68
701881,502249,Wallet,Paid,39.75
701882,502250,UPI,Paid,133.61
701883,502251,UPI,Paid,84.6
701884,502253,Wallet,Paid,35.0
701885,502254,UPI,Paid,87.43
701886,502255,Cash,Paid,95.58
701887,502256,UPI,Paid,103.92
701888,502257,UPI,Paid,59.29
701889,502258,UPI,Paid,112.7
701890,502259,Card,Paid,82.65
701891,502260,UPI,Paid,109.01
701892,502261,UPI,Paid,131.45
701893,502262,Card,Paid,115.98
701894,502263,UPI,Paid,157.54
701895,502264,Card,Paid,142.3
701896,502266,UPI,Paid,52.4
701897,502267,UPI,Paid,102.51
701898,502269,Cash,Paid,178.61
701899,502270,Cash,Paid,92.76
701900,502271,Wallet,Paid,137.38
701901,502272,UPI,Paid,98.44
701902,502273,Cash,Paid,141.68
701903,502274,Card,Paid,92.59
701904,502275,Cash,Paid,99.07
701905,502276,Wallet,Paid,147.69
701906,502277,UPI,Paid,82.44
701907,502278,UPI,Paid,131.8
701908,502279,Cash,Paid,228.26
701909,502280,Card,Paid,164.09
701910,502281,UPI,Paid,144.24
701911,502282,UPI,Paid,88.22
701912,502283,UPI,Paid,116.86
701913,502284,Cash,Paid,108.49
701914,502285,Cash,Paid,136.43
701915,502286,UPI,Paid,126.25
701916,502287,UPI,Paid,143.72
701917,502288,UPI,Paid,66.93
701918,502289,UPI,Paid,68.94
701919,502290,UPI,Paid,119.83
701920,502292,Card,Paid,181.67
701921,502293,UPI,Paid,75.49
701922,502294,Cash,Paid,120.84
701923,502295,Wallet,Paid,47.13
701924,502296,UPI,Paid,89.02
701925,502297,Wallet,Paid,54.98
701926,502298,UPI,Paid,68.45
701927,502299,Card,Paid,121.88
701928,502300,Card,Paid,85.11
701929,502301,Card,Paid,127.97
701930,502303,UPI,Paid,47.86
701931,502304,Card,Paid,133.1
701932,502305,Cash,Paid,86.31
701933,502306,UPI,Paid,150.59
701934,502307,Card,Paid,88.41
701935,502309,UPI,Paid,35.0
701936,502310,UPI,Paid,84.7
701937,502311,UPI,Paid,276.11
701938,502312,Card,Paid,94.68
701939,502313,Wallet,Paid,126.49
701940,502314,Card,Paid,234.88
701941,502315,UPI,Paid,174.04
701942,502316,Wallet,Paid,62.32
701943,502318,UPI,Paid,118.4
701944,502319,Card,Paid,166.16
701945,502321,UPI,Paid,111.24
701946,502322,UPI,Paid,68.28
701947,502323,UPI,Paid,347.77
701948,502324,UPI,Paid,119.38
701949,502325,Cash,Paid,119.19
701950,502326,UPI,Paid,153.95
701951,502327,UPI,Paid,326.46
701952,502328,Cash,Paid,44.93
701953,502329,UPI,Paid,70.91
701954,502330,Card,Paid,106.27
701955,502333,UPI,Paid,141.25
701956,502334,Card,Paid,188.28
701957,502335,UPI,Paid,110.7
701958,502336,UPI,Paid,72.82
701959,502337,Cash,Paid,148.19
701960,502338,UPI,Paid,147.06
701961,502340,Card,Paid,123.1
701962,502341,UPI,Paid,222.02
701963,502342,UPI,Paid,129.7
701964,502343,Card,Paid,129.52
701965,502345,Card,Paid,63.52
701966,502346,Cash,Paid,35.0
701967,502347,UPI,Paid,35.0
701968,502348,Cash,Paid,118.81
701969,502349,Card,Paid,37.17
701970,502350,UPI,Paid,145.15
701971,502351,Card,Paid,56.14
701972,502352,UPI,Paid,297.62
701973,502353,UPI,Paid,35.0
701974,502354,UPI,Paid,35.0
701975,502355,UPI,Paid,67.97
701976,502356,UPI,Paid,35.0
701977,502357,UPI,Paid,83.77
701978,502358,Card,Paid,86.76
701979,502359,Cash,Paid,319.7
701980,502360,Wallet,Paid,90.74
701981,502362,UPI,Paid,176.72
701982,502363,Card,Paid,134.69
701983,502365,Cash,Paid,35.0
701984,502366,UPI,Paid,70.07
701985,502367,Cash,Paid,35.0
701986,502368,UPI,Paid,115.5
701987,502370,UPI,Paid,119.77
701988,502371,Card,Paid,186.62
701989,502372,UPI,Paid,201.19
701990,502373,UPI,Paid,60.62
701991,502375,UPI,Paid,124.55
701992,502376,Cash,Paid,104.69
701993,502377,Card,Paid,80.79
701994,502382,UPI,Paid,110.3
701995,502383,Card,Paid,281.02
701996,502384,UPI,Paid,49.36
701997,502385,UPI,Paid,99.86
701998,502386,UPI,Paid,37.53
701999,502387,Wallet,Paid,98.89
702000,502388,UPI,Paid,105.27
702001,502389,UPI,Paid,136.83
702002,502390,Card,Paid,109.02
702003,502391,Cash,Paid,44.55
702004,502393,UPI,Paid,60.46
702005,502394,UPI,Paid,119.39
702006,502395,Cash,Paid,80.8
702007,502396,UPI,Paid,293.08
702008,502397,UPI,Paid,49.1
702009,502399,UPI,Paid,152.15
702010,502400,Cash,Paid,62.84
702011,502401,UPI,Paid,177.21
702012,502402,UPI,Paid,184.78
702013,502403,Cash,Paid,55.94
702014,502404,UPI,Paid,170.04
702015,502406,Cash,Paid,107.33
702016,502407,Cash,Paid,79.14
702017,502408,Card,Paid,182.84
702018,502409,UPI,Paid,35.72
702019,502410,Card,Paid,309.32
702020,502411,Cash,Paid,113.95
702021,502412,UPI,Paid,35.0
702022,502413,Cash,Paid,53.75
702023,502414,Cash,Paid,90.6
702024,502415,UPI,Paid,165.76
702025,502416,Cash,Paid,139.18
702026,502417,UPI,Paid,165.39
702027,502418,UPI,Paid,141.37
702028,502419,Cash,Paid,108.44
702029,502421,Card,Paid,91.88
702030,502422,UPI,Failed,247.71
702031,502423,Cash,Paid,320.4
702032,502424,UPI,Paid,48.98
702033,502425,UPI,Paid,38.58
702034,502427,UPI,Paid,108.4
702035,502428,UPI,Paid,261.9
702036,502429,Card,Paid,335.99
702037,502430,Cash,Paid,213.34
702038,502431,UPI,Paid,48.14
702039,502432,Card,Paid,121.11
702040,502433,Cash,Paid,87.08
702041,502434,UPI,Paid,89.28
702042,502435,UPI,Paid,111.39
702043,502436,Cash,Paid,102.95
702044,502437,UPI,Failed,165.8
702045,502438,UPI,Paid,206.23
702046,502439,Cash,Paid,124.63
702047,502440,UPI,Paid,71.22
702048,502441,Card,Paid,115.18
702049,502442,Card,Paid,145.13
702050,502443,UPI,Paid,100.27
702051,502444,Cash,Paid,95.18
702052,502445,UPI,Paid,143.27
702053,502446,Cash,Paid,154.26
702054,502447,Card,Paid,178.24
702055,502448,UPI,Paid,144.92
702056,502449,Cash,Paid,110.7
702057,502450,Card,Paid,123.47
702058,502451,Cash,Paid,63.86
702059,502453,Card,Paid,71.25
702060,502454,Card,Paid,87.0
702061,502455,Cash,Paid,123.63
702062,502456,Wallet,Paid,162.16
702063,502457,UPI,Paid,80.17
702064,502458,UPI,Paid,35.0
702065,502459,UPI,Paid,212.94
702066,502460,Card,Paid,55.03
702067,502461,Cash,Paid,101.47
702068,502464,Card,Paid,171.26
702069,502465,Card,Paid,42.89
702070,502466,UPI,Paid,80.25
702071,502467,UPI,Paid,220.03
702072,502468,UPI,Paid,227.75
702073,502469,Card,Paid,42.9
702074,502470,UPI,Paid,78.94
702075,502472,UPI,Paid,137.14
702076,502473,UPI,Paid,162.13
702077,502475,UPI,Paid,167.83
702078,502477,Card,Paid,70.76
702079,502478,UPI,Paid,100.96
702080,502480,Card,Paid,127.25
702081,502482,Card,Paid,105.51
702082,502483,UPI,Paid,185.49
702083,502484,Cash,Paid,86.89
702084,502485,Wallet,Paid,62.55
702085,502486,UPI,Paid,47.99
702086,502487,UPI,Paid,44.31
702087,502490,UPI,Paid,120.77
702088,502492,UPI,Paid,117.69
702089,502494,Cash,Paid,147.18
702090,502495,UPI,Paid,110.89
702091,502497,UPI,Paid,86.42
702092,502498,UPI,Paid,114.84
702093,502500,Card,Failed,151.09
702094,502501,UPI,Paid,100.06
702095,502502,UPI,Paid,94.67
702096,502503,Card,Paid,147.75
702097,502504,Card,Paid,35.0
702098,502505,UPI,Paid,38.93
702099,502506,Cash,Paid,322.27
702100,502507,UPI,Paid,99.58
702101,502509,UPI,Paid,69.65
702102,502511,Cash,Paid,42.72
702103,502513,Cash,Paid,118.85
702104,502514,UPI,Paid,89.38
702105,502515,UPI,Paid,150.86
702106,502517,Cash,Paid,135.49
702107,502518,UPI,Paid,110.01
702108,502520,UPI,Paid,53.41
702109,502521,UPI,Paid,131.67
702110,502522,Wallet,Paid,93.65
702111,502524,UPI,Paid,188.18
702112,502525,Cash,Paid,73.31
702113,502526,Wallet,Paid,86.03
702114,502527,Card,Paid,136.63
702115,502528,UPI,Paid,72.14
702116,502530,UPI,Paid,313.26
702117,502532,UPI,Paid,99.13
702118,502534,UPI,Paid,54.51
702119,502535,UPI,Paid,97.25
702120,502536,Card,Paid,156.94
702121,502537,UPI,Paid,286.34
702122,502539,UPI,Paid,35.7
702123,502541,Cash,Paid,58.43
702124,502542,Card,Paid,96.36
702125,502543,UPI,Paid,174.98
702126,502545,Cash,Paid,108.49
702127,502547,UPI,Paid,75.94
702128,502548,UPI,Paid,165.87
702129,502550,UPI,Paid,67.05
702130,502551,Cash,Paid,268.27
702131,502552,UPI,Paid,230.84
702132,502553,Wallet,Paid,97.08
702133,502554,Cash,Paid,56.54
702134,502555,UPI,Paid,68.69
702135,502556,Card,Paid,107.22
702136,502557,Card,Paid,184.77
702137,502558,UPI,Paid,201.16
702138,502559,Card,Paid,62.15
702139,502560,Card,Paid,140.46
702140,502561,Card,Paid,57.67
702141,502563,UPI,Paid,157.4
702142,502565,Card,Paid,165.7
702143,502567,Cash,Paid,35.0
702144,502568,Card,Paid,36.39
702145,502569,UPI,Paid,95.05
702146,502571,Card,Paid,237.56
702147,502572,UPI,Paid,133.24
702148,502574,Cash,Paid,173.31
702149,502576,Cash,Paid,116.88
702150,502577,UPI,Paid,246.95
702151,502578,UPI,Paid,293.45
702152,502579,Wallet,Paid,121.1
702153,502580,UPI,Paid,91.91
702154,502582,Card,Paid,176.2
702155,502583,Cash,Paid,149.81
702156,502584,UPI,Paid,72.46
702157,502585,UPI,Failed,35.0
702158,502586,UPI,Paid,80.4
702159,502589,Cash,Paid,68.75
702160,502590,Cash,Paid,94.15
702161,502591,Card,Paid,60.06
702162,502592,Cash,Paid,320.66
702163,502593,Card,Paid,51.26
702164,502595,UPI,Paid,56.62
702165,502596,Cash,Paid,116.66
702166,502597,UPI,Paid,104.31
702167,502598,Card,Paid,132.2
702168,502600,UPI,Paid,114.05
702169,502601,Card,Paid,51.48
702170,502603,UPI,Paid,153.8
702171,502604,UPI,Paid,348.41
702172,502605,Cash,Paid,163.37
702173,502609,Cash,Paid,61.76
702174,502611,UPI,Paid,131.47
702175,502612,Cash,Paid,144.5
702176,502613,UPI,Paid,43.51
702177,502614,UPI,Failed,57.52
702178,502615,Cash,Paid,155.19
702179,502618,UPI,Paid,51.73
702180,502619,UPI,Paid,123.05
702181,502620,UPI,Paid,134.5
702182,502621,Card,Paid,114.04
702183,502623,Wallet,Paid,153.42
702184,502624,Card,Paid,96.16
702185,502626,Cash,Paid,64.3
702186,502627,UPI,Paid,35.0
702187,502628,UPI,Paid,133.39
702188,502629,UPI,Paid,208.18
702189,502630,Card,Paid,86.81
702190,502631,UPI,Paid,103.26
702191,502632,Wallet,Paid,326.24
702192,502633,UPI,Paid,67.51
702193,502634,UPI,Paid,83.04
702194,502635,Wallet,Paid,204.48
702195,502636,UPI,Paid,244.7
702196,502637,Cash,Paid,45.94
702197,502638,Cash,Paid,188.16
702198,502639,UPI,Paid,133.71
702199,502640,UPI,Paid,113.95
702200,502641,UPI,Paid,291.81
702201,502642,Card,Paid,89.13
702202,502643,Cash,Paid,77.59
702203,502644,UPI,Paid,168.48
702204,502645,Card,Paid,98.33
702205,502646,Card,Paid,71.15
702206,502647,Card,Paid,432.32
702207,502649,UPI,Paid,207.81
702208,502650,UPI,Paid,54.02
702209,502651,UPI,Paid,154.98
702210,502654,Cash,Paid,61.28
702211,502655,UPI,Paid,96.26
702212,502656,Card,Paid,70.4
702213,502657,Cash,Paid,171.87
702214,502659,UPI,Paid,90.14
702215,502660,Card,Paid,99.51
702216,502661,UPI,Paid,41.66
702217,502664,Cash,Paid,198.41
702218,502666,UPI,Paid,122.31
702219,502668,UPI,Paid,67.1
702220,502669,Card,Paid,232.08
702221,502670,UPI,Paid,306.07
702222,502671,UPI,Paid,71.87
702223,502672,Card,Paid,117.8
702224,502673,Cash,Paid,35.0
702225,502675,Cash,Paid,222.12
702226,502677,Wallet,Paid,94.21
702227,502678,UPI,Paid,123.43
702228,502679,UPI,Paid,296.51
702229,502680,UPI,Paid,88.36
702230,502681,UPI,Paid,132.8
702231,502682,Card,Paid,194.53
702232,502683,Cash,Paid,96.91
702233,502684,UPI,Paid,302.39
702234,502685,Card,Paid,147.15
702235,502686,Card,Paid,241.59
702236,502687,UPI,Paid,175.75
702237,502688,UPI,Paid,76.35
702238,502689,Card,Paid,194.03
702239,502691,UPI,Paid,53.67
702240,502692,UPI,Paid,388.61
702241,502693,Card,Paid,73.68
702242,502696,Wallet,Paid,79.79
702243,502697,Cash,Paid,103.75
702244,502698,Card,Paid,67.43
702245,502699,UPI,Paid,124.12
702246,502700,UPI,Paid,144.43
702247,502701,Card,Paid,112.01
702248,502702,Wallet,Paid,51.32
702249,502703,UPI,Paid,91.81
702250,502704,UPI,Paid,110.31
702251,502705,Cash,Paid,100.12
702252,502706,Card,Paid,103.74
702253,502709,Cash,Paid,119.22
702254,502710,UPI,Paid,150.79
702255,502711,Wallet,Paid,103.1
702256,502712,Card,Paid,35.0
702257,502713,Wallet,Paid,131.29
702258,502714,Card,Paid,35.0
702259,502715,UPI,Paid,63.94
702260,502716,UPI,Paid,192.65
702261,502717,Card,Paid,76.82
702262,502718,Wallet,Paid,217.87
702263,502719,UPI,Paid,67.91
702264,502720,UPI,Paid,279.81
702265,502723,UPI,Paid,110.19
702266,502724,Card,Paid,124.69
702267,502725,Card,Paid,260.16
702268,502727,Card,Paid,91.14
702269,502728,Cash,Paid,214.13
702270,502729,Card,Paid,88.12
702271,502731,Cash,Paid,98.6
702272,502732,UPI,Paid,218.31
702273,502733,UPI,Paid,86.29
702274,502735,Card,Paid,107.46
702275,502736,Wallet,Paid,72.01
702276,502737,Cash,Paid,182.07
702277,502738,Card,Paid,119.08
702278,502739,Card,Paid,207.29
702279,502740,UPI,Paid,87.28
702280,502741,Cash,Paid,119.88
702281,502742,Cash,Paid,207.25
702282,502743,UPI,Paid,209.87
702283,502744,UPI,Paid,45.97
702284,502746,Wallet,Paid,45.45
702285,502747,UPI,Paid,39.58
702286,502748,UPI,Paid,44.07
702287,502750,Card,Paid,283.5
702288,502751,UPI,Paid,110.92
702289,502752,UPI,Paid,104.94
702290,502753,Card,Paid,115.54
702291,502755,Card,Paid,57.42
702292,502758,Cash,Paid,91.76
702293,502759,Card,Paid,101.59
702294,502760,UPI,Paid,53.24
702295,502761,Cash,Paid,71.45
702296,502762,UPI,Paid,99.97
702297,502763,Card,Paid,112.75
702298,502764,Card,Paid,83.1
702299,502766,Card,Paid,139.27
702300,502767,Card,Paid,119.1
702301,502768,Card,Paid,154.93
702302,502769,Card,Paid,93.19
702303,502770,Cash,Paid,126.18
702304,502771,Card,Paid,135.1
702305,502772,UPI,Paid,37.4
702306,502773,Cash,Paid,154.7
702307,502774,Wallet,Paid,294.07
702308,502775,UPI,Paid,192.64
702309,502776,UPI,Paid,120.35
702310,502778,Cash,Paid,50.88
702311,502779,UPI,Paid,91.64
702312,502780,UPI,Paid,134.96
702313,502782,UPI,Paid,55.08
702314,502783,Wallet,Paid,79.69
702315,502785,UPI,Paid,92.27
702316,502786,Wallet,Paid,283.58
702317,502787,Card,Paid,79.42
702318,502788,UPI,Paid,161.93
702319,502789,UPI,Paid,35.0
702320,502790,Card,Paid,64.14
702321,502791,UPI,Paid,158.2
702322,502792,UPI,Paid,155.9
702323,502793,Cash,Paid,35.0
702324,502794,Card,Failed,132.45
702325,502795,Card,Paid,222.87
702326,502796,Card,Paid,49.27
702327,502798,UPI,Paid,229.04
702328,502799,UPI,Paid,212.42
702329,502800,UPI,Paid,236.16
702330,502801,UPI,Paid,331.17
702331,502803,UPI,Paid,112.49
702332,502804,Card,Paid,154.37
702333,502806,Cash,Paid,71.14
702334,502807,UPI,Paid,92.98
702335,502808,Cash,Paid,96.29
702336,502809,Cash,Paid,70.59
702337,502810,Card,Paid,99.45
702338,502811,UPI,Paid,75.74
702339,502813,Card,Paid,84.72
702340,502814,UPI,Paid,130.7
702341,502815,Card,Paid,59.71
702342,502816,UPI,Paid,114.92
702343,502817,Card,Paid,49.01
702344,502818,Card,Paid,35.0
702345,502819,Cash,Paid,83.65
702346,502820,Cash,Paid,192.06
702347,502821,Cash,Paid,143.07
702348,502822,UPI,Paid,81.16
702349,502824,Card,Paid,236.75
702350,502827,UPI,Paid,78.72
702351,502828,Cash,Paid,198.8
702352,502829,Cash,Paid,113.04
702353,502830,Card,Paid,154.92
702354,502831,UPI,Paid,159.83
702355,502832,Cash,Paid,55.82
702356,502833,UPI,Paid,118.33
702357,502834,UPI,Paid,55.63
702358,502835,UPI,Paid,35.0
702359,502836,UPI,Paid,138.03
702360,502838,UPI,Paid,345.57
702361,502839,Cash,Paid,258.08
702362,502840,UPI,Paid,219.63
702363,502841,Wallet,Paid,84.88
702364,502842,UPI,Paid,59.97
702365,502844,UPI,Paid,193.44
702366,502845,Card,Paid,101.67
702367,502846,UPI,Paid,123.48
702368,502848,Card,Paid,91.9
702369,502849,UPI,Paid,128.78
702370,502850,Cash,Paid,150.43
702371,502851,UPI,Paid,107.6
702372,502852,Card,Paid,35.0
702373,502853,Card,Paid,125.65
702374,502854,Card,Paid,232.42
702375,502855,UPI,Paid,122.77
702376,502856,UPI,Paid,170.52
702377,502857,UPI,Paid,101.62
702378,502858,Card,Paid,360.02
702379,502859,Card,Paid,87.25
702380,502860,Card,Paid,124.86
702381,502862,UPI,Paid,137.88
702382,502863,Cash,Paid,121.24
702383,502864,UPI,Paid,78.06
702384,502865,UPI,Paid,353.21
702385,502867,UPI,Paid,35.0
702386,502868,UPI,Paid,62.45
702387,502869,UPI,Paid,165.58
702388,502870,UPI,Paid,35.0
702389,502871,Card,Paid,69.51
702390,502872,UPI,Paid,94.13
702391,502873,Card,Paid,64.73
702392,502876,UPI,Paid,234.75
702393,502877,Card,Paid,38.23
702394,502878,UPI,Paid,98.41
702395,502880,UPI,Paid,186.82
702396,502881,Wallet,Paid,58.86
702397,502882,UPI,Paid,119.23
702398,502884,UPI,Paid,347.65
702399,502885,Card,Paid,166.45
702400,502887,UPI,Paid,120.99
702401,502888,Wallet,Paid,155.23
702402,502889,UPI,Paid,35.0
702403,502890,UPI,Paid,48.72
702404,502891,UPI,Paid,76.05
702405,502892,UPI,Paid,108.72
702406,502894,UPI,Paid,116.02
702407,502895,UPI,Paid,117.16
702408,502896,Card,Paid,91.19
702409,502897,Wallet,Paid,83.19
702410,502898,UPI,Paid,35.0
702411,502899,UPI,Paid,113.31
702412,502901,Wallet,Paid,73.89
702413,502902,UPI,Paid,35.0
702414,502903,UPI,Paid,173.45
702415,502904,UPI,Paid,329.69
702416,502905,Cash,Paid,116.65
702417,502906,Card,Paid,135.56
702418,502909,Cash,Paid,153.47
702419,502910,Card,Paid,184.04
702420,502911,Card,Paid,93.76
702421,502912,UPI,Paid,67.72
702422,502913,Card,Paid,81.01
702423,502914,Wallet,Failed,118.64
702424,502915,Cash,Paid,81.88
702425,502916,UPI,Paid,35.0
702426,502917,Card,Paid,137.02
702427,502918,UPI,Paid,35.0
702428,502919,UPI,Paid,88.28
702429,502920,UPI,Paid,60.36
702430,502922,Wallet,Paid,149.48
702431,502923,UPI,Failed,155.15
702432,502924,Card,Paid,118.02
702433,502925,UPI,Paid,84.47
702434,502926,UPI,Paid,84.47
702435,502927,UPI,Paid,49.81
702436,502928,UPI,Paid,211.71
702437,502930,Cash,Paid,163.9
702438,502931,UPI,Paid,77.77
702439,502932,Cash,Paid,136.48
702440,502933,Card,Paid,35.0
702441,502934,UPI,Paid,125.36
702442,502936,Cash,Paid,112.22
702443,502940,Wallet,Paid,50.06
702444,502941,UPI,Paid,174.55
702445,502942,Wallet,Paid,95.96
702446,502943,UPI,Paid,97.65
702447,502944,Cash,Paid,143.55
702448,502945,Card,Failed,91.46
702449,502946,UPI,Paid,86.32
702450,502947,UPI,Paid,69.85
702451,502948,Cash,Paid,63.9
702452,502950,UPI,Paid,80.76
702453,502951,Card,Paid,179.6
702454,502952,UPI,Paid,37.67
702455,502953,UPI,Paid,187.49
702456,502954,UPI,Paid,198.99
702457,502955,Cash,Paid,141.63
702458,502956,Cash,Paid,73.99
702459,502957,UPI,Paid,77.59
702460,502958,UPI,Paid,86.23
702461,502961,UPI,Paid,50.99
702462,502962,Cash,Paid,78.66
702463,502964,UPI,Paid,64.42
702464,502965,Wallet,Paid,210.92
702465,502966,Cash,Paid,99.26
702466,502967,UPI,Paid,77.7
702467,502968,UPI,Paid,94.7
702468,502969,UPI,Paid,107.85
702469,502970,UPI,Paid,140.72
702470,502971,UPI,Paid,276.28
702471,502972,UPI,Paid,87.57
702472,502973,Card,Paid,123.13
702473,502974,UPI,Paid,94.16
702474,502975,Cash,Paid,158.28
702475,502976,Wallet,Paid,67.78
702476,502977,Card,Paid,88.16
702477,502978,Cash,Paid,80.02
702478,502980,UPI,Paid,122.67
702479,502981,Wallet,Paid,155.05
702480,502982,UPI,Paid,156.47
702481,502983,Cash,Paid,36.99
702482,502984,Wallet,Paid,98.53
702483,502985,Card,Paid,86.23
702484,502986,UPI,Paid,194.8
702485,502987,Card,Paid,378.05
702486,502988,Card,Paid,343.53
702487,502989,UPI,Paid,139.51
702488,502990,Wallet,Paid,100.16
702489,502991,UPI,Paid,111.37
702490,502992,UPI,Paid,140.22
702491,502993,UPI,Paid,68.86
702492,502995,Card,Paid,188.86
702493,502996,UPI,Paid,200.63
702494,502997,Wallet,Paid,45.82
702495,502998,Card,Paid,35.0
702496,502999,UPI,Paid,124.92
702497,503000,Card,Paid,79.97
702498,503001,UPI,Paid,133.18
702499,503002,Card,Paid,37.03
702500,503003,Card,Paid,239.45
702501,503004,UPI,Paid,43.43
702502,503005,UPI,Paid,141.51
702503,503006,UPI,Paid,159.27
702504,503007,UPI,Paid,337.91
702505,503008,UPI,Paid,184.45
702506,503009,UPI,Paid,43.73
702507,503010,Cash,Paid,209.29
702508,503011,Card,Paid,112.73
702509,503012,Cash,Paid,80.23
702510,503013,UPI,Paid,163.57
702511,503014,Wallet,Paid,175.44
702512,503015,UPI,Paid,47.66
702513,503016,Wallet,Paid,88.77
702514,503017,Card,Paid,339.9
702515,503018,Card,Paid,116.97
702516,503019,Card,Paid,104.54
702517,503020,UPI,Paid,74.38
702518,503021,UPI,Paid,45.38
702519,503022,UPI,Paid,50.06
702520,503023,UPI,Paid,171.98
702521,503024,Cash,Paid,89.71
702522,503025,Cash,Paid,75.75
702523,503026,UPI,Paid,100.39
702524,503027,Card,Paid,59.87
702525,503029,UPI,Paid,212.14
702526,503030,UPI,Paid,321.74
702527,503031,UPI,Paid,145.45
702528,503033,UPI,Paid,193.44
702529,503034,UPI,Paid,169.99
702530,503035,UPI,Paid,104.65
702531,503036,Wallet,Paid,91.26
702532,503038,Cash,Paid,48.59
702533,503039,Card,Paid,65.99
702534,503040,UPI,Paid,97.08
702535,503041,UPI,Paid,108.25
702536,503042,Card,Paid,155.42
702537,503043,UPI,Paid,60.59
702538,503044,Wallet,Paid,284.16
702539,503045,UPI,Paid,126.48
702540,503046,UPI,Paid,52.0
702541,503047,Wallet,Paid,84.05
702542,503049,Card,Paid,249.24
702543,503050,UPI,Paid,145.93
702544,503051,UPI,Paid,65.51
702545,503052,Cash,Paid,35.0
702546,503053,Card,Paid,38.76
702547,503054,Card,Paid,119.97
702548,503055,UPI,Paid,79.34
702549,503056,UPI,Paid,113.44
702550,503058,UPI,Failed,82.52
702551,503059,Card,Paid,105.41
702552,503061,UPI,Paid,100.34
702553,503062,Card,Paid,187.66
702554,503063,UPI,Paid,247.31
702555,503064,UPI,Paid,178.73
702556,503067,UPI,Paid,118.9
702557,503068,Card,Paid,109.62
702558,503069,UPI,Paid,136.43
702559,503070,Cash,Paid,103.66
702560,503071,UPI,Paid,131.44
702561,503073,UPI,Paid,102.42
702562,503074,UPI,Paid,62.81
702563,503075,UPI,Paid,88.89
702564,503076,UPI,Paid,115.2
702565,503077,Cash,Paid,126.26
702566,503078,Card,Paid,127.15
702567,503079,Card,Paid,319.18
702568,503080,UPI,Paid,123.68
702569,503081,Card,Paid,66.16
702570,503082,Wallet,Paid,120.96
702571,503083,Wallet,Paid,265.25
702572,503084,Cash,Paid,379.54
702573,503085,Card,Paid,147.91
702574,503086,UPI,Paid,75.19
702575,503088,Cash,Paid,123.59
702576,503089,UPI,Paid,547.01
702577,503090,UPI,Paid,264.95
702578,503091,Cash,Paid,101.19
702579,503092,UPI,Paid,341.35
702580,503093,UPI,Paid,120.65
702581,503094,UPI,Paid,144.57
702582,503096,Card,Paid,110.71
702583,503097,Card,Paid,101.79
702584,503098,Wallet,Paid,155.01
702585,503099,UPI,Paid,206.89
702586,503100,UPI,Paid,181.58
702587,503102,UPI,Paid,143.96
702588,503103,Card,Paid,89.89
702589,503104,UPI,Paid,123.44
702590,503105,Card,Paid,36.93
702591,503106,Card,Failed,129.48
702592,503107,UPI,Paid,91.38
702593,503108,UPI,Paid,67.34
702594,503109,UPI,Paid,66.78
702595,503110,UPI,Paid,121.16
702596,503111,Card,Paid,181.31
702597,503112,Cash,Paid,89.88
702598,503113,Card,Paid,175.93
702599,503114,UPI,Paid,85.93
702600,503116,UPI,Paid,89.76
702601,503117,UPI,Paid,166.89
702602,503118,UPI,Paid,141.16
702603,503119,Card,Paid,88.25
702604,503120,UPI,Paid,35.02
702605,503121,UPI,Paid,204.64
702606,503122,UPI,Paid,168.28
702607,503123,UPI,Paid,182.02
702608,503126,Card,Paid,168.45
702609,503127,Card,Paid,51.82
702610,503128,UPI,Paid,159.61
702611,503130,UPI,Paid,72.92
702612,503131,UPI,Paid,239.94
702613,503134,UPI,Paid,48.11
702614,503135,Card,Paid,135.8
702615,503136,Cash,Paid,51.34
702616,503137,Wallet,Paid,132.77
702617,503140,Card,Paid,121.73
702618,503141,UPI,Paid,55.3
702619,503142,Cash,Paid,118.13
702620,503144,UPI,Paid,162.0
702621,503145,Cash,Paid,74.63
702622,503149,Card,Paid,124.54
702623,503150,Cash,Paid,155.54
702624,503151,UPI,Paid,60.7
702625,503152,UPI,Paid,62.81
702626,503153,Card,Paid,48.75
702627,503154,Card,Paid,84.96
702628,503155,Wallet,Paid,49.89
702629,503156,Cash,Paid,65.84
702630,503157,Cash,Paid,358.59
702631,503158,UPI,Paid,35.0
702632,503160,Cash,Paid,145.22
702633,503161,Card,Paid,123.1
702634,503162,UPI,Paid,67.22
702635,503163,Cash,Paid,74.21
702636,503164,UPI,Paid,50.72
702637,503165,Cash,Failed,77.32
702638,503167,UPI,Paid,294.68
702639,503168,Cash,Paid,185.2
702640,503169,UPI,Paid,141.49
702641,503170,UPI,Paid,35.0
702642,503171,Cash,Paid,61.98
702643,503172,UPI,Paid,146.58
702644,503173,UPI,Paid,308.14
702645,503174,Cash,Paid,136.12
702646,503175,UPI,Paid,68.79
702647,503176,UPI,Paid,184.53
702648,503177,Wallet,Paid,127.05
702649,503179,Cash,Paid,157.84
702650,503180,UPI,Paid,91.69
702651,503181,Card,Paid,59.03
702652,503182,Wallet,Paid,217.17
702653,503183,Cash,Paid,75.12
702654,503185,Card,Paid,180.92
702655,503186,Wallet,Paid,104.47
702656,503187,UPI,Paid,50.77
702657,503188,Cash,Paid,73.0
702658,503189,UPI,Failed,276.64
702659,503190,Card,Paid,106.93
702660,503191,Card,Paid,87.61
702661,503192,UPI,Paid,108.5
702662,503193,Card,Paid,193.55
702663,503194,Cash,Paid,122.0
702664,503195,Card,Paid,70.38
702665,503196,UPI,Paid,179.89
702666,503197,UPI,Paid,82.54
702667,503198,Card,Paid,116.02
702668,503199,Card,Paid,149.22
702669,503200,Card,Paid,109.96
702670,503201,UPI,Paid,283.42
702671,503203,Card,Paid,103.52
702672,503204,UPI,Paid,153.64
702673,503205,Card,Paid,140.66
702674,503206,UPI,Paid,312.98
702675,503207,Card,Paid,146.78
702676,503208,Card,Failed,53.31
702677,503212,UPI,Paid,188.12
702678,503213,Card,Paid,418.89
702679,503216,UPI,Paid,68.15
702680,503217,UPI,Paid,68.47
702681,503218,Wallet,Paid,141.77
702682,503219,Card,Paid,122.93
702683,503220,Card,Paid,55.56
702684,503221,Cash,Paid,181.22
702685,503222,UPI,Paid,45.46
702686,503223,Cash,Paid,223.79
702687,503224,UPI,Paid,35.0
702688,503225,Cash,Paid,59.65
702689,503226,UPI,Paid,156.36
702690,503227,Card,Paid,113.19
702691,503229,UPI,Paid,246.73
702692,503230,Card,Paid,61.71
702693,503231,Card,Paid,102.97
702694,503232,UPI,Paid,58.24
702695,503233,Card,Paid,116.67
702696,503234,UPI,Paid,113.7
702697,503235,UPI,Paid,161.61
702698,503236,UPI,Paid,178.21
702699,503237,Card,Paid,60.24
702700,503238,Wallet,Paid,91.51
702701,503239,UPI,Paid,57.33
702702,503240,Card,Paid,74.86
702703,503241,Card,Paid,52.64
702704,503242,UPI,Paid,122.22
702705,503244,Card,Paid,61.24
702706,503245,UPI,Paid,44.94
702707,503246,Cash,Paid,190.25
702708,503247,UPI,Paid,164.99
702709,503248,Cash,Paid,301.35
702710,503249,Cash,Paid,161.73
702711,503250,UPI,Paid,65.56
702712,503252,Card,Paid,82.53
702713,503253,UPI,Paid,108.68
702714,503254,UPI,Paid,69.6
702715,503255,UPI,Paid,78.27
702716,503256,UPI,Paid,228.45
702717,503257,UPI,Paid,128.44
702718,503259,Wallet,Paid,201.49
702719,503261,UPI,Paid,279.1
702720,503262,UPI,Paid,133.88
702721,503263,Wallet,Paid,82.82
702722,503264,UPI,Paid,226.34
702723,503265,Wallet,Paid,99.91
702724,503266,UPI,Paid,94.56
702725,503267,UPI,Paid,54.41
702726,503268,UPI,Paid,209.1
702727,503269,UPI,Paid,237.25
702728,503270,UPI,Paid,35.0
702729,503272,UPI,Paid,73.17
702730,503273,UPI,Paid,260.09
702731,503274,UPI,Paid,100.15
702732,503275,UPI,Paid,164.6
702733,503276,Card,Paid,185.58
702734,503277,Cash,Paid,71.71
702735,503278,UPI,Paid,74.0
702736,503279,UPI,Paid,60.97
702737,503281,Card,Paid,69.94
702738,503282,UPI,Paid,120.35
702739,503284,UPI,Paid,132.59
702740,503285,UPI,Paid,406.13
702741,503286,UPI,Paid,133.42
702742,503287,Cash,Paid,132.57
702743,503288,UPI,Paid,76.15
702744,503289,UPI,Paid,135.55
702745,503291,UPI,Paid,158.47
702746,503292,Card,Paid,189.27
702747,503293,UPI,Paid,35.0
702748,503296,Wallet,Paid,63.44
702749,503297,Cash,Paid,65.41
702750,503299,Cash,Paid,135.73
702751,503301,UPI,Paid,145.33
702752,503302,Card,Paid,176.44
702753,503303,UPI,Paid,160.79
702754,503304,Cash,Paid,81.87
702755,503305,Wallet,Paid,145.05
702756,503307,UPI,Paid,51.01
702757,503308,UPI,Paid,210.38
702758,503310,UPI,Paid,86.11
702759,503311,Card,Failed,70.13
702760,503312,Cash,Paid,143.01
702761,503313,Card,Paid,57.31
702762,503314,UPI,Paid,60.81
702763,503315,Cash,Paid,35.0
702764,503316,UPI,Paid,136.02
702765,503317,UPI,Paid,155.67
702766,503320,Card,Paid,91.16
702767,503321,Cash,Paid,35.0
702768,503322,UPI,Paid,116.49
702769,503323,UPI,Paid,41.38
702770,503325,Cash,Paid,51.6
702771,503327,Card,Paid,93.74
702772,503328,UPI,Paid,35.0
702773,503330,UPI,Paid,53.6
702774,503331,Cash,Paid,86.52
702775,503332,Card,Paid,114.35
702776,503333,UPI,Paid,254.81
702777,503334,Card,Paid,56.39
702778,503335,Cash,Paid,108.82
702779,503336,UPI,Paid,117.9
702780,503337,UPI,Paid,70.94
702781,503338,Card,Paid,232.78
702782,503339,UPI,Paid,121.84
702783,503340,UPI,Paid,55.08
702784,503341,Cash,Paid,97.44
702785,503342,Cash,Paid,84.2
702786,503344,Cash,Paid,72.55
702787,503345,UPI,Paid,133.89
702788,503347,Wallet,Paid,46.71
702789,503349,UPI,Paid,69.68
702790,503350,UPI,Paid,151.48
702791,503351,UPI,Paid,78.51
702792,503352,Card,Paid,136.82
702793,503353,Cash,Paid,127.44
702794,503354,Card,Paid,84.3
702795,503355,UPI,Paid,35.0
702796,503356,UPI,Paid,81.75
702797,503357,UPI,Paid,215.2
702798,503359,UPI,Paid,45.32
702799,503360,UPI,Paid,147.4
702800,503361,Card,Paid,60.49
702801,503367,Cash,Paid,63.41
702802,503369,UPI,Paid,35.65
702803,503371,UPI,Paid,52.19
702804,503372,UPI,Paid,108.2
702805,503373,Cash,Paid,155.73
702806,503374,Card,Paid,68.64
702807,503375,Cash,Paid,143.59
702808,503376,Card,Paid,266.69
702809,503377,UPI,Paid,100.39
702810,503378,UPI,Paid,103.6
702811,503379,UPI,Paid,106.1
702812,503380,UPI,Paid,76.33
702813,503381,Wallet,Paid,231.99
702814,503382,UPI,Paid,118.84
702815,503383,UPI,Paid,81.18
702816,503384,UPI,Paid,238.63
702817,503386,UPI,Paid,50.24
702818,503387,UPI,Paid,78.46
702819,503388,UPI,Paid,282.68
702820,503389,UPI,Paid,280.29
702821,503390,Cash,Paid,58.16
702822,503391,Cash,Paid,37.8
702823,503392,Cash,Paid,282.0
702824,503394,UPI,Paid,109.37
702825,503395,Cash,Paid,110.48
702826,503396,Card,Paid,35.0
702827,503397,UPI,Paid,107.89
702828,503399,UPI,Paid,182.16
702829,503400,UPI,Paid,84.37
702830,503402,UPI,Paid,68.54
702831,503403,Card,Paid,129.11
702832,503405,Cash,Paid,191.62
702833,503406,UPI,Paid,99.56
702834,503407,Card,Paid,89.1
702835,503408,UPI,Paid,128.51
702836,503410,UPI,Paid,376.68
702837,503411,UPI,Paid,135.22
702838,503412,UPI,Paid,54.88
702839,503413,UPI,Paid,85.47
702840,503415,Card,Paid,70.88
702841,503416,UPI,Paid,42.47
702842,503417,Card,Paid,325.14
702843,503418,UPI,Paid,78.85
702844,503420,UPI,Paid,49.58
702845,503421,Wallet,Paid,136.41
702846,503422,Card,Paid,134.45
702847,503423,Cash,Paid,173.3
702848,503424,UPI,Paid,113.56
702849,503425,UPI,Paid,80.46
702850,503426,UPI,Paid,195.45
702851,503427,Cash,Paid,88.05
702852,503429,Cash,Paid,85.36
702853,503430,Card,Paid,128.34
702854,503431,UPI,Paid,35.7
702855,503432,UPI,Paid,171.87
702856,503433,Cash,Paid,102.84
702857,503434,UPI,Paid,360.82
702858,503435,UPI,Paid,89.73
702859,503436,Card,Paid,67.2
702860,503437,UPI,Paid,35.0
702861,503438,UPI,Paid,147.31
702862,503439,UPI,Paid,112.32
702863,503440,UPI,Paid,72.79
702864,503441,UPI,Paid,59.71
702865,503442,UPI,Paid,292.5
702866,503443,Card,Paid,251.75
702867,503444,UPI,Paid,196.41
702868,503445,UPI,Paid,80.42
702869,503446,Wallet,Paid,142.75
702870,503447,UPI,Paid,315.98
702871,503448,UPI,Paid,35.0
702872,503449,UPI,Paid,208.73
702873,503450,Wallet,Paid,165.02
702874,503451,UPI,Paid,63.94
702875,503452,Cash,Paid,96.21
702876,503454,Cash,Paid,134.88
702877,503455,Wallet,Paid,152.86
702878,503456,Cash,Paid,86.78
702879,503457,Cash,Paid,73.71
702880,503458,UPI,Paid,256.98
702881,503459,Card,Paid,43.79
702882,503460,UPI,Paid,149.24
702883,503461,Card,Paid,97.11
702884,503462,UPI,Paid,51.48
702885,503463,UPI,Paid,105.64
702886,503465,Cash,Paid,155.91
702887,503466,Card,Paid,35.0
702888,503467,UPI,Paid,48.35
702889,503469,UPI,Paid,89.47
702890,503470,Card,Paid,52.62
702891,503471,Card,Paid,91.11
702892,503472,Card,Paid,128.73
702893,503473,UPI,Paid,70.88
702894,503474,UPI,Paid,95.67
702895,503476,Card,Failed,170.47
702896,503477,Card,Paid,53.38
702897,503478,UPI,Paid,135.78
702898,503479,Wallet,Paid,119.8
702899,503480,Cash,Paid,65.08
702900,503481,Cash,Paid,272.04
702901,503482,UPI,Paid,135.95
702902,503484,UPI,Paid,188.77
702903,503487,UPI,Paid,35.0
702904,503488,Cash,Paid,78.81
702905,503489,UPI,Paid,154.88
702906,503490,UPI,Paid,217.11
702907,503492,Card,Paid,35.0
702908,503493,UPI,Paid,195.52
702909,503494,UPI,Paid,98.8
702910,503495,UPI,Paid,91.1
702911,503496,Cash,Paid,129.49
702912,503497,Card,Paid,53.28
702913,503498,Card,Paid,137.18
702914,503499,Cash,Paid,35.0
702915,503500,Card,Paid,125.49
702916,503501,UPI,Paid,136.39
702917,503502,Wallet,Paid,102.31
702918,503503,Card,Paid,92.96
702919,503504,Wallet,Paid,35.0
702920,503506,Card,Paid,53.52
702921,503507,Cash,Paid,144.49
702922,503508,UPI,Paid,325.75
702923,503509,UPI,Paid,146.41
702924,503511,Wallet,Paid,226.05
702925,503512,UPI,Paid,164.65
702926,503513,UPI,Paid,92.11
702927,503515,Card,Paid,164.37
702928,503516,UPI,Paid,35.0
702929,503517,UPI,Paid,71.53
702930,503519,Cash,Paid,265.85
702931,503522,Cash,Paid,134.33
702932,503523,Cash,Paid,35.0
702933,503525,Cash,Paid,298.8
702934,503526,UPI,Paid,43.61
702935,503527,UPI,Paid,146.02
702936,503528,Card,Paid,176.04
702937,503531,UPI,Paid,74.32
702938,503532,UPI,Paid,120.58
702939,503534,UPI,Paid,141.29
702940,503535,UPI,Paid,245.08
702941,503536,UPI,Paid,199.35
702942,503537,UPI,Paid,68.77
702943,503538,Cash,Paid,58.85
702944,503539,Card,Paid,52.96
702945,503542,Cash,Paid,194.34
702946,503543,UPI,Paid,68.98
702947,503544,Cash,Paid,79.4
702948,503545,UPI,Paid,82.73
702949,503546,UPI,Paid,84.99
702950,503548,Card,Paid,140.45
702951,503549,UPI,Paid,44.91
702952,503550,Wallet,Paid,42.66
702953,503551,Card,Paid,82.36
702954,503552,UPI,Paid,158.06
702955,503553,Cash,Paid,181.86
702956,503554,UPI,Paid,83.28
702957,503555,Cash,Paid,107.05
702958,503556,UPI,Paid,91.02
702959,503557,UPI,Paid,111.85
702960,503558,Cash,Paid,208.54
702961,503559,UPI,Paid,35.0
702962,503560,UPI,Paid,62.71
702963,503563,UPI,Paid,121.67
702964,503564,Card,Paid,112.28
702965,503565,UPI,Paid,35.0
702966,503566,UPI,Paid,175.86
702967,503567,UPI,Paid,80.45
702968,503568,UPI,Paid,186.61
702969,503569,UPI,Paid,91.59
702970,503570,UPI,Paid,297.21
702971,503571,UPI,Paid,198.19
702972,503574,Card,Failed,143.46
702973,503575,UPI,Paid,174.66
702974,503576,UPI,Paid,197.23
702975,503577,UPI,Paid,210.54
702976,503578,UPI,Paid,77.48
702977,503580,UPI,Paid,68.88
702978,503581,Card,Paid,140.02
702979,503582,Card,Paid,111.79
702980,503583,UPI,Paid,102.95
702981,503585,Cash,Paid,72.28
702982,503586,UPI,Paid,189.21
702983,503587,UPI,Paid,64.24
702984,503588,Card,Paid,152.61
702985,503589,UPI,Paid,195.03
702986,503590,Cash,Paid,128.61
702987,503591,Card,Paid,87.07
702988,503592,Cash,Paid,58.95
702989,503593,Card,Paid,216.36
702990,503594,UPI,Paid,53.13
702991,503595,UPI,Paid,131.74
702992,503596,Card,Paid,38.53
702993,503597,Wallet,Paid,79.12
702994,503600,Card,Paid,73.21
702995,503601,UPI,Paid,35.0
702996,503602,Card,Paid,54.93
702997,503603,UPI,Paid,35.0
702998,503604,Card,Paid,92.91
702999,503605,Card,Paid,73.24
703000,503606,UPI,Paid,99.32
703001,503607,Card,Paid,62.69
703002,503608,Wallet,Paid,124.4
703003,503609,UPI,Paid,94.3
703004,503610,Card,Paid,44.78
703005,503611,UPI,Paid,259.8
703006,503612,Card,Paid,403.91
703007,503613,Cash,Paid,218.14
703008,503614,UPI,Paid,92.66
703009,503615,UPI,Paid,55.3
703010,503616,UPI,Paid,233.83
703011,503617,Wallet,Paid,98.74
703012,503619,Cash,Paid,60.43
703013,503620,Cash,Paid,110.99
703014,503621,UPI,Paid,286.36
703015,503622,Cash,Paid,168.67
703016,503623,UPI,Paid,166.45
703017,503625,UPI,Paid,173.11
703018,503626,UPI,Paid,224.37
703019,503627,Cash,Paid,78.59
703020,503628,UPI,Paid,35.74
703021,503629,UPI,Paid,201.67
703022,503630,Card,Paid,90.91
703023,503632,UPI,Paid,85.67
703024,503633,Cash,Paid,35.2
703025,503635,Card,Paid,50.09
703026,503636,Cash,Paid,35.0
703027,503637,UPI,Paid,35.0
703028,503638,Card,Paid,185.52
703029,503640,Card,Paid,108.83
703030,503641,UPI,Paid,138.69
703031,503642,Card,Paid,87.89
703032,503643,Card,Paid,135.95
703033,503644,UPI,Paid,126.71
703034,503645,Card,Paid,46.15
703035,503647,Cash,Paid,152.15
703036,503648,UPI,Paid,94.67
703037,503649,Card,Paid,126.75
703038,503650,Card,Paid,118.57
703039,503651,UPI,Paid,142.44
703040,503653,UPI,Paid,35.0
703041,503654,Card,Paid,78.79
703042,503655,Cash,Paid,93.9
703043,503656,UPI,Paid,80.05
703044,503657,Card,Paid,127.96
703045,503659,Card,Paid,97.6
703046,503660,UPI,Paid,59.76
703047,503661,Wallet,Paid,111.02
703048,503662,Cash,Paid,86.56
703049,503663,UPI,Paid,35.0
703050,503666,UPI,Paid,143.55
703051,503667,Wallet,Paid,119.05
703052,503668,Cash,Paid,75.57
703053,503670,Card,Paid,151.96
703054,503671,UPI,Paid,126.56
703055,503672,UPI,Paid,121.99
703056,503674,Card,Paid,112.35
703057,503675,UPI,Paid,87.36
703058,503676,UPI,Paid,239.76
703059,503677,Wallet,Paid,56.01
703060,503678,Card,Paid,39.56
703061,503679,UPI,Paid,35.0
703062,503680,UPI,Paid,35.0
703063,503681,UPI,Paid,113.31
703064,503682,UPI,Paid,136.19
703065,503683,Card,Paid,86.66
703066,503685,Wallet,Paid,53.75
703067,503686,Cash,Paid,82.19
703068,503687,Cash,Paid,92.89
703069,503688,UPI,Paid,89.4
703070,503690,UPI,Paid,173.77
703071,503691,UPI,Paid,35.0
703072,503692,UPI,Paid,342.79
703073,503693,UPI,Paid,95.54
703074,503694,UPI,Paid,56.45
703075,503696,Card,Paid,47.42
703076,503697,Cash,Paid,166.75
703077,503698,Wallet,Paid,61.58
703078,503699,Card,Paid,79.4
703079,503700,Card,Paid,54.4
703080,503702,Cash,Paid,74.67
703081,503704,UPI,Paid,184.36
703082,503705,Card,Paid,83.45
703083,503706,Card,Paid,191.63
703084,503707,UPI,Paid,85.9
703085,503708,Card,Paid,186.15
703086,503710,UPI,Paid,40.84
703087,503711,Cash,Paid,75.24
703088,503712,UPI,Paid,95.53
703089,503713,Wallet,Paid,106.34
703090,503714,Card,Paid,54.01
703091,503715,Card,Paid,157.64
703092,503716,UPI,Paid,132.89
703093,503717,UPI,Paid,202.43
703094,503718,Cash,Paid,259.09
703095,503719,UPI,Paid,124.5
703096,503720,Wallet,Paid,40.71
703097,503721,Cash,Paid,249.61
703098,503722,Card,Paid,67.72
703099,503723,Card,Paid,98.81
703100,503724,Wallet,Paid,163.87
703101,503725,UPI,Paid,82.93
703102,503726,UPI,Paid,35.0
703103,503728,UPI,Paid,51.79
703104,503729,UPI,Paid,116.15
703105,503730,UPI,Paid,103.21
703106,503731,UPI,Paid,284.58
703107,503732,Wallet,Paid,48.64
703108,503733,UPI,Paid,111.39
703109,503734,Cash,Paid,230.23
703110,503736,Card,Paid,227.24
703111,503737,UPI,Paid,203.4
703112,503738,UPI,Paid,145.3
703113,503739,UPI,Paid,89.35
703114,503741,UPI,Paid,235.77
703115,503742,Cash,Paid,147.73
703116,503743,Card,Paid,79.48
703117,503745,Cash,Paid,173.11
703118,503747,UPI,Paid,127.82
703119,503748,Wallet,Paid,306.61
703120,503749,Cash,Paid,100.3
703121,503750,Card,Paid,41.87
703122,503751,Cash,Paid,92.24
703123,503752,UPI,Paid,60.6
703124,503753,UPI,Paid,53.18
703125,503754,UPI,Paid,53.29
703126,503755,UPI,Paid,168.59
703127,503757,UPI,Paid,337.9
703128,503758,UPI,Paid,150.43
703129,503759,Cash,Paid,172.79
703130,503760,Cash,Paid,54.33
703131,503761,Wallet,Paid,35.0
703132,503763,Card,Paid,60.39
703133,503764,UPI,Paid,73.95
703134,503765,Card,Paid,73.82
703135,503766,UPI,Paid,50.72
703136,503767,Card,Paid,312.66
703137,503768,Card,Paid,101.32
703138,503769,UPI,Paid,99.19
703139,503770,Cash,Paid,80.59
703140,503771,Cash,Paid,257.3
703141,503773,UPI,Paid,97.8
703142,503774,Card,Paid,35.0
703143,503775,Cash,Paid,323.82
703144,503777,Cash,Paid,81.39
703145,503778,UPI,Paid,87.47
703146,503779,UPI,Paid,177.2
703147,503780,Card,Paid,201.35
703148,503781,Cash,Paid,90.16
703149,503782,UPI,Paid,120.62
703150,503783,Cash,Paid,39.62
703151,503785,Card,Paid,116.7
703152,503786,Cash,Paid,59.56
703153,503789,UPI,Paid,38.7
703154,503790,Wallet,Paid,240.58
703155,503791,UPI,Paid,275.83
703156,503792,UPI,Paid,45.77
703157,503794,Card,Paid,136.18
703158,503795,UPI,Paid,83.62
703159,503796,UPI,Paid,204.0
703160,503797,Wallet,Paid,206.48
703161,503799,UPI,Paid,137.18
703162,503800,UPI,Paid,48.21
703163,503801,UPI,Paid,137.4
703164,503802,Wallet,Paid,93.43
703165,503803,Cash,Paid,70.48
703166,503804,UPI,Paid,99.01
703167,503805,Card,Paid,35.0
703168,503806,Cash,Paid,221.38
703169,503807,Card,Paid,94.98
703170,503808,UPI,Paid,108.06
703171,503809,UPI,Paid,151.31
703172,503810,Card,Paid,152.25
703173,503811,Cash,Paid,68.69
703174,503812,Card,Paid,35.0
703175,503813,Card,Paid,98.25
703176,503815,Cash,Paid,258.74
703177,503818,Card,Paid,242.68
703178,503820,UPI,Paid,105.55
703179,503821,Card,Paid,120.18
703180,503822,Wallet,Paid,96.05
703181,503823,UPI,Paid,57.33
703182,503824,Cash,Paid,116.0
703183,503825,Card,Paid,81.57
703184,503828,UPI,Paid,84.76
703185,503829,Card,Paid,146.01
703186,503830,Card,Paid,164.62
703187,503832,UPI,Paid,243.9
703188,503833,Card,Paid,193.14
703189,503834,Cash,Paid,85.96
703190,503835,UPI,Paid,53.44
703191,503836,Wallet,Paid,57.41
703192,503837,UPI,Paid,102.19
703193,503838,UPI,Paid,53.99
703194,503839,Card,Paid,150.23
703195,503840,Card,Paid,66.96
703196,503841,UPI,Paid,82.06
703197,503842,Cash,Paid,35.0
703198,503843,Card,Paid,105.0
703199,503844,Card,Paid,90.26
703200,503845,Cash,Paid,39.56
703201,503846,UPI,Paid,146.46
703202,503847,UPI,Paid,103.19
703203,503848,UPI,Paid,226.35
703204,503849,UPI,Paid,35.0
703205,503852,Cash,Paid,176.42
703206,503853,Cash,Paid,39.18
703207,503854,UPI,Paid,139.9
703208,503855,UPI,Paid,561.5
703209,503857,Card,Paid,82.3
703210,503858,UPI,Paid,157.51
703211,503859,Cash,Paid,121.82
703212,503860,UPI,Paid,138.52
703213,503861,Cash,Paid,46.52
703214,503862,UPI,Paid,135.61
703215,503863,Card,Paid,52.93
703216,503864,UPI,Paid,35.0
703217,503865,UPI,Paid,59.11
703218,503866,UPI,Paid,162.53
703219,503867,UPI,Paid,127.5
703220,503868,UPI,Paid,132.87
703221,503870,Wallet,Paid,63.01
703222,503871,Card,Paid,52.17
703223,503873,UPI,Paid,63.32
703224,503875,Card,Paid,161.21
703225,503876,UPI,Paid,91.95
703226,503877,UPI,Paid,99.65
703227,503878,Card,Paid,49.89
703228,503879,Card,Paid,50.31
703229,503880,UPI,Paid,93.9
703230,503882,Cash,Paid,70.12
703231,503883,UPI,Paid,232.3
703232,503884,UPI,Paid,149.11
703233,503885,UPI,Paid,58.66
703234,503886,UPI,Paid,83.99
703235,503887,UPI,Paid,268.29
703236,503888,UPI,Paid,35.0
703237,503890,UPI,Paid,35.0
703238,503891,UPI,Paid,55.75
703239,503892,Cash,Paid,95.51
703240,503893,Cash,Paid,126.75
703241,503894,UPI,Paid,35.0
703242,503895,Card,Paid,209.73
703243,503897,UPI,Paid,146.85
703244,503898,UPI,Paid,355.51
703245,503899,Cash,Paid,55.17
703246,503900,UPI,Paid,98.99
703247,503901,UPI,Paid,138.9
703248,503902,Cash,Paid,133.42
703249,503903,Card,Paid,86.45
703250,503904,Cash,Paid,51.51
703251,503905,UPI,Paid,55.24
703252,503906,UPI,Paid,35.0
703253,503907,Cash,Paid,77.3
703254,503908,UPI,Paid,77.8
703255,503909,Card,Paid,135.62
703256,503910,Card,Paid,130.89
703257,503911,Cash,Paid,91.21
703258,503912,UPI,Paid,198.07
703259,503913,UPI,Paid,110.26
703260,503914,UPI,Paid,135.4
703261,503915,Cash,Paid,49.96
703262,503917,Cash,Paid,182.18
703263,503918,UPI,Paid,35.0
703264,503920,Cash,Paid,144.82
703265,503922,Card,Paid,59.75
703266,503924,UPI,Paid,36.43
703267,503925,Wallet,Paid,102.3
703268,503926,UPI,Paid,35.0
703269,503927,UPI,Paid,157.83
703270,503928,UPI,Paid,136.3
703271,503929,Wallet,Paid,301.85
703272,503930,Wallet,Paid,78.2
703273,503931,Card,Paid,72.98
703274,503932,UPI,Paid,214.96
703275,503933,UPI,Paid,353.35
703276,503934,UPI,Paid,199.49
703277,503935,Cash,Paid,221.32
703278,503936,Card,Paid,62.88
703279,503938,Card,Paid,152.63
703280,503939,UPI,Paid,130.38
703281,503940,UPI,Paid,106.18
703282,503941,UPI,Paid,35.0
703283,503942,UPI,Paid,96.45
703284,503943,UPI,Paid,125.02
703285,503944,UPI,Paid,65.09
703286,503945,Cash,Paid,195.75
703287,503947,UPI,Paid,151.98
703288,503948,UPI,Paid,207.09
703289,503949,Cash,Paid,58.92
703290,503950,Card,Paid,79.93
703291,503951,UPI,Paid,125.2
703292,503952,Card,Paid,203.73
703293,503953,UPI,Paid,84.95
703294,503954,Cash,Paid,253.19
703295,503956,UPI,Paid,252.17
703296,503958,UPI,Paid,90.96
703297,503959,UPI,Paid,51.81
703298,503960,UPI,Paid,113.4
703299,503961,UPI,Paid,190.42
703300,503962,Card,Paid,102.26
703301,503964,Card,Paid,135.01
703302,503966,UPI,Paid,337.54
703303,503967,UPI,Paid,116.99
703304,503968,Card,Paid,94.89
703305,503969,Cash,Paid,73.89
703306,503970,UPI,Paid,35.0
703307,503971,UPI,Paid,117.58
703308,503972,Card,Paid,158.98
703309,503973,UPI,Paid,171.35
703310,503974,Cash,Paid,141.8
703311,503975,UPI,Paid,217.69
703312,503977,Card,Paid,63.91
703313,503978,UPI,Paid,106.94
703314,503979,Card,Paid,129.84
703315,503980,UPI,Paid,35.19
703316,503981,UPI,Paid,90.48
703317,503982,Cash,Paid,82.52
703318,503983,UPI,Paid,85.15
703319,503984,UPI,Paid,67.53
703320,503986,Cash,Paid,157.84
703321,503987,Cash,Paid,258.55
703322,503988,UPI,Paid,366.8
703323,503989,UPI,Paid,121.92
703324,503990,UPI,Paid,66.79
703325,503991,UPI,Paid,90.17
703326,503992,Cash,Paid,123.73
703327,503993,UPI,Paid,148.48
703328,503994,Wallet,Paid,39.47
703329,503996,Wallet,Paid,149.93
703330,503998,Cash,Paid,166.13
703331,503999,UPI,Paid,95.07
703332,504000,Wallet,Paid,69.42
703333,504001,Card,Failed,63.39
703334,504002,Card,Paid,232.58
703335,504003,Wallet,Paid,83.03
703336,504004,Cash,Paid,99.75
703337,504005,UPI,Paid,422.29
703338,504006,UPI,Paid,236.28
703339,504008,UPI,Paid,289.78
703340,504009,UPI,Paid,143.39
703341,504011,Cash,Paid,43.33
703342,504012,UPI,Paid,136.56
703343,504013,Card,Paid,115.16
703344,504014,Cash,Paid,221.16
703345,504015,UPI,Paid,98.78
703346,504016,Card,Paid,146.6
703347,504017,Cash,Paid,250.69
703348,504018,Cash,Paid,45.93
703349,504019,UPI,Paid,35.0
703350,504020,Cash,Paid,97.43
703351,504021,UPI,Paid,97.36
703352,504022,Cash,Paid,48.59
703353,504023,Card,Paid,155.69
703354,504024,UPI,Paid,202.67
703355,504025,UPI,Paid,180.68
703356,504027,UPI,Paid,90.67
703357,504028,Cash,Paid,35.0
703358,504029,UPI,Paid,65.21
703359,504030,UPI,Paid,185.09
703360,504032,Card,Paid,125.05
703361,504033,Cash,Failed,66.64
703362,504034,UPI,Paid,190.36
703363,504035,Cash,Paid,113.52
703364,504036,Wallet,Paid,58.3
703365,504037,UPI,Paid,146.06
703366,504038,UPI,Paid,116.25
703367,504039,UPI,Paid,63.02
703368,504041,UPI,Paid,108.63
703369,504042,UPI,Paid,92.11
703370,504043,UPI,Paid,167.78
703371,504045,Wallet,Paid,106.34
703372,504047,UPI,Paid,138.29
703373,504049,Cash,Paid,48.53
703374,504050,Cash,Paid,103.45
703375,504051,UPI,Paid,76.13
703376,504052,Card,Paid,95.04
703377,504053,Card,Paid,96.36
703378,504054,Cash,Paid,102.31
703379,504055,Wallet,Paid,55.77
703380,504056,Cash,Paid,105.51
703381,504059,UPI,Paid,164.57
703382,504060,UPI,Paid,53.14
703383,504062,Cash,Paid,104.98
703384,504063,UPI,Paid,168.66
703385,504065,Card,Paid,94.38
703386,504066,Wallet,Paid,116.85
703387,504067,UPI,Paid,89.81
703388,504070,UPI,Paid,50.46
703389,504071,Cash,Paid,133.22
703390,504072,UPI,Paid,35.0
703391,504076,UPI,Paid,97.01
703392,504077,Card,Paid,403.7
703393,504078,Cash,Paid,242.73
703394,504079,UPI,Paid,160.89
703395,504080,Cash,Paid,85.47
703396,504081,Cash,Paid,99.3
703397,504082,Wallet,Paid,54.84
703398,504083,UPI,Paid,96.23
703399,504085,UPI,Paid,166.23
703400,504087,UPI,Paid,93.93
703401,504089,UPI,Paid,265.3
703402,504090,UPI,Paid,152.21
703403,504091,UPI,Paid,37.41
703404,504092,UPI,Paid,110.43
703405,504093,UPI,Paid,200.5
703406,504094,UPI,Paid,119.45
703407,504095,Card,Paid,35.0
703408,504096,UPI,Paid,35.0
703409,504097,Card,Paid,66.99
703410,504098,Cash,Paid,56.87
703411,504099,UPI,Paid,135.6
703412,504101,UPI,Paid,188.32
703413,504102,UPI,Paid,238.91
703414,504103,UPI,Paid,91.05
703415,504104,Cash,Paid,42.88
703416,504106,Card,Paid,127.7
703417,504107,Cash,Paid,46.46
703418,504108,UPI,Paid,161.31
703419,504109,UPI,Paid,118.09
703420,504110,Card,Paid,117.93
703421,504111,UPI,Paid,35.0
703422,504112,UPI,Paid,87.96
703423,504113,Cash,Paid,64.64
703424,504115,Card,Paid,68.9
703425,504116,UPI,Paid,77.92
703426,504117,Cash,Paid,91.84
703427,504118,Card,Paid,111.18
703428,504119,UPI,Paid,76.94
703429,504120,UPI,Paid,362.78
703430,504122,UPI,Paid,141.66
703431,504125,Card,Paid,178.82
703432,504126,Cash,Paid,193.09
703433,504127,UPI,Paid,101.92
703434,504128,Cash,Paid,79.42
703435,504129,Cash,Paid,70.07
703436,504130,UPI,Paid,100.19
703437,504131,UPI,Paid,161.34
703438,504132,Card,Paid,507.87
703439,504133,Cash,Paid,141.57
703440,504134,Card,Paid,176.79
703441,504135,Card,Paid,191.02
703442,504136,Card,Paid,198.72
703443,504137,Card,Paid,78.09
703444,504138,Cash,Paid,75.0
703445,504139,Cash,Paid,330.59
703446,504140,UPI,Paid,126.89
703447,504141,Card,Paid,193.17
703448,504142,Card,Paid,84.52
703449,504143,Cash,Paid,87.01
703450,504144,Cash,Paid,128.61
703451,504145,UPI,Paid,222.18
703452,504146,UPI,Paid,173.18
703453,504147,Cash,Paid,166.13
703454,504148,Cash,Paid,58.39
703455,504149,UPI,Paid,62.63
703456,504150,Card,Paid,237.56
703457,504151,Wallet,Paid,86.51
703458,504152,UPI,Paid,191.79
703459,504153,Cash,Paid,82.32
703460,504154,Wallet,Paid,179.65
703461,504155,UPI,Paid,134.06
703462,504156,Card,Paid,189.31
703463,504158,UPI,Paid,54.43
703464,504160,UPI,Paid,222.12
703465,504161,Wallet,Paid,85.83
703466,504162,Card,Paid,71.11
703467,504163,UPI,Paid,118.64
703468,504164,UPI,Paid,131.74
703469,504165,Card,Paid,158.5
703470,504167,UPI,Paid,38.76
703471,504168,Card,Paid,104.09
703472,504169,UPI,Paid,111.12
703473,504170,UPI,Paid,88.43
703474,504171,UPI,Paid,35.0
703475,504172,UPI,Paid,65.51
703476,504173,Card,Paid,228.47
703477,504174,Cash,Paid,381.47
703478,504175,UPI,Paid,89.22
703479,504176,UPI,Paid,53.82
703480,504177,Card,Paid,177.99
703481,504178,UPI,Paid,218.63
703482,504179,UPI,Paid,739.63
703483,504180,Cash,Paid,42.66
703484,504181,UPI,Paid,66.06
703485,504182,UPI,Paid,78.96
703486,504183,UPI,Paid,284.29
703487,504184,Card,Paid,35.0
703488,504185,UPI,Paid,146.33
703489,504186,UPI,Paid,195.9
703490,504187,Card,Paid,129.02
703491,504188,UPI,Paid,96.88
703492,504189,UPI,Paid,188.6
703493,504190,UPI,Paid,81.1
703494,504191,UPI,Paid,63.6
703495,504192,UPI,Paid,35.0
703496,504194,UPI,Paid,101.45
703497,504195,Cash,Paid,90.5
703498,504196,UPI,Paid,153.33
703499,504197,Cash,Paid,207.18
703500,504198,UPI,Paid,179.26
703501,504199,UPI,Paid,53.05
703502,504200,UPI,Paid,45.8
703503,504201,UPI,Paid,127.43
703504,504202,Cash,Paid,128.12
703505,504203,UPI,Paid,277.86
703506,504204,UPI,Paid,140.23
703507,504205,Card,Paid,42.5
703508,504206,Cash,Paid,88.53
703509,504207,Wallet,Paid,163.34
703510,504209,UPI,Failed,136.88
703511,504210,UPI,Paid,197.9
703512,504211,UPI,Paid,75.26
703513,504212,UPI,Paid,263.56
703514,504213,UPI,Paid,122.7
703515,504214,UPI,Paid,48.9
703516,504215,UPI,Paid,36.79
703517,504216,UPI,Paid,150.12
703518,504217,Wallet,Paid,89.45
703519,504218,UPI,Paid,260.15
703520,504219,Card,Paid,122.74
703521,504220,UPI,Paid,133.24
703522,504221,Cash,Paid,252.97
703523,504222,UPI,Paid,159.59
703524,504223,Card,Paid,52.8
703525,504224,UPI,Paid,126.69
703526,504225,Cash,Failed,156.51
703527,504228,UPI,Paid,35.0
703528,504229,Wallet,Paid,111.71
703529,504230,UPI,Paid,74.78
703530,504231,UPI,Paid,97.28
703531,504232,Card,Paid,91.01
703532,504233,Cash,Paid,102.87
703533,504234,Wallet,Paid,145.0
703534,504236,UPI,Paid,172.24
703535,504237,UPI,Paid,59.65
703536,504238,UPI,Paid,209.44
703537,504239,UPI,Paid,123.74
703538,504240,UPI,Paid,135.55
703539,504242,Card,Paid,152.95
703540,504243,Cash,Paid,45.29
703541,504244,UPI,Paid,105.76
703542,504245,Card,Paid,71.44
703543,504246,UPI,Paid,44.15
703544,504248,Card,Paid,92.33
703545,504249,UPI,Paid,121.31
703546,504250,Card,Paid,179.78
703547,504251,Card,Paid,94.19
703548,504252,Card,Paid,110.13
703549,504253,Cash,Paid,76.83
703550,504255,Cash,Paid,35.0
703551,504256,Cash,Paid,56.63
703552,504257,Card,Paid,93.31
703553,504258,UPI,Paid,51.49
703554,504259,UPI,Paid,63.33
703555,504260,Wallet,Paid,261.34
703556,504261,UPI,Paid,111.72
703557,504262,UPI,Paid,226.65
703558,504263,UPI,Paid,131.85
703559,504264,UPI,Paid,92.51
703560,504265,UPI,Paid,132.81
703561,504266,UPI,Paid,78.15
703562,504268,Cash,Paid,167.29
703563,504269,UPI,Paid,103.49
703564,504270,Card,Paid,80.18
703565,504271,UPI,Paid,85.53
703566,504272,Card,Paid,65.96
703567,504273,Cash,Paid,100.9
703568,504274,UPI,Paid,147.11
703569,504275,UPI,Paid,111.1
703570,504277,Cash,Paid,186.52
703571,504278,Card,Paid,89.99
703572,504279,Card,Paid,91.74
703573,504280,UPI,Paid,65.16
703574,504281,UPI,Paid,94.71
703575,504282,UPI,Paid,145.36
703576,504283,UPI,Paid,52.45
703577,504284,UPI,Paid,189.26
703578,504286,UPI,Paid,75.38
703579,504287,UPI,Paid,167.1
703580,504288,Cash,Paid,180.5
703581,504289,UPI,Paid,62.39
703582,504290,UPI,Paid,107.04
703583,504291,Cash,Paid,84.3
703584,504292,Cash,Paid,92.02
703585,504293,UPI,Paid,237.63
703586,504294,Card,Paid,269.68
703587,504295,Wallet,Paid,40.06
703588,504296,UPI,Paid,73.65
703589,504298,UPI,Paid,205.94
703590,504299,Card,Paid,314.79
703591,504300,Card,Paid,239.0
703592,504301,UPI,Failed,140.6
703593,504302,Cash,Paid,132.33
703594,504303,Card,Paid,78.73
703595,504304,UPI,Paid,49.53
703596,504305,Card,Paid,90.65
703597,504306,UPI,Paid,76.91
703598,504309,Cash,Paid,185.26
703599,504310,Cash,Paid,55.7
703600,504311,UPI,Paid,99.18
703601,504312,UPI,Paid,104.93
703602,504313,Cash,Paid,104.2
703603,504316,UPI,Paid,232.54
703604,504317,Card,Paid,267.3
703605,504319,UPI,Paid,75.55
703606,504320,Cash,Paid,41.68
703607,504321,Cash,Paid,66.25
703608,504322,UPI,Paid,41.66
703609,504323,UPI,Paid,85.86
703610,504324,UPI,Paid,79.57
703611,504325,UPI,Paid,109.88
703612,504326,UPI,Paid,93.37
703613,504327,Card,Paid,60.35
703614,504328,Wallet,Paid,35.0
703615,504329,UPI,Paid,35.0
703616,504330,UPI,Paid,119.51
703617,504331,Cash,Paid,145.54
703618,504332,Wallet,Paid,74.43
703619,504333,UPI,Paid,78.75
703620,504334,Wallet,Paid,181.87
703621,504335,UPI,Paid,37.91
703622,504336,Card,Paid,84.43
703623,504337,Card,Paid,83.99
703624,504338,Cash,Paid,306.9
703625,504339,UPI,Paid,116.44
703626,504343,Cash,Paid,76.28
703627,504344,UPI,Paid,35.0
703628,504345,UPI,Paid,95.31
703629,504346,UPI,Paid,156.73
703630,504347,UPI,Paid,132.83
703631,504348,UPI,Paid,82.34
703632,504349,Cash,Paid,496.77
703633,504350,Cash,Paid,275.51
703634,504351,Cash,Paid,74.54
703635,504352,UPI,Paid,130.26
703636,504353,Wallet,Paid,164.88
703637,504355,Card,Paid,204.87
703638,504356,Card,Paid,137.57
703639,504359,UPI,Paid,133.68
703640,504360,UPI,Paid,52.99
703641,504361,UPI,Paid,35.0
703642,504362,Cash,Paid,110.78
703643,504363,Card,Paid,50.71
703644,504364,UPI,Paid,49.0
703645,504365,UPI,Paid,55.95
703646,504366,Card,Paid,143.91
703647,504367,UPI,Paid,155.01
703648,504368,UPI,Paid,139.01
703649,504370,UPI,Paid,77.85
703650,504371,Card,Paid,78.55
703651,504372,Card,Paid,63.91
703652,504373,UPI,Paid,76.41
703653,504374,UPI,Paid,74.52
703654,504375,UPI,Paid,157.54
703655,504376,UPI,Paid,92.78
703656,504378,Card,Paid,112.68
703657,504379,Card,Paid,46.31
703658,504380,Cash,Paid,71.17
703659,504381,UPI,Paid,53.43
703660,504382,UPI,Paid,35.0
703661,504383,UPI,Paid,309.17
703662,504384,Wallet,Paid,292.12
703663,504385,Card,Paid,126.41
703664,504386,UPI,Paid,363.63
703665,504387,Card,Paid,74.14
703666,504388,Cash,Paid,179.09
703667,504390,Card,Paid,217.66
703668,504391,Cash,Paid,60.18
703669,504392,Card,Failed,59.39
703670,504393,UPI,Paid,281.18
703671,504394,Cash,Paid,140.52
703672,504396,UPI,Paid,114.14
703673,504397,Card,Paid,98.49
703674,504398,UPI,Paid,94.09
703675,504399,Card,Paid,43.79
703676,504400,UPI,Paid,171.39
703677,504401,UPI,Paid,287.33
703678,504402,Cash,Paid,229.48
703679,504403,UPI,Paid,52.48
703680,504405,Card,Paid,115.45
703681,504406,Cash,Paid,51.73
703682,504407,Card,Paid,45.25
703683,504408,UPI,Paid,120.13
703684,504409,Card,Paid,41.76
703685,504410,Card,Paid,189.64
703686,504411,Card,Paid,85.29
703687,504412,UPI,Paid,131.32
703688,504413,Card,Paid,229.35
703689,504414,UPI,Paid,185.0
703690,504415,UPI,Failed,96.02
703691,504418,Card,Paid,146.25
703692,504419,Card,Paid,40.13
703693,504420,Wallet,Paid,295.06
703694,504421,UPI,Paid,184.15
703695,504423,UPI,Paid,118.78
703696,504424,Cash,Paid,367.09
703697,504425,Card,Paid,123.13
703698,504426,Cash,Paid,93.71
703699,504427,Cash,Paid,156.71
703700,504428,Cash,Paid,227.36
703701,504429,UPI,Paid,54.83
703702,504430,Card,Paid,147.13
703703,504431,Card,Paid,119.51
703704,504432,Card,Paid,81.64
703705,504433,Cash,Paid,51.2
703706,504434,UPI,Paid,143.15
703707,504435,Card,Paid,35.0
703708,504436,Cash,Paid,650.94
703709,504438,Cash,Paid,106.3
703710,504440,Card,Paid,131.49
703711,504441,Cash,Paid,62.19
703712,504444,Card,Paid,108.41
703713,504446,Card,Paid,187.99
703714,504447,Card,Paid,362.76
703715,504448,Cash,Paid,142.21
703716,504449,Wallet,Paid,106.06
703717,504451,Cash,Paid,124.29
703718,504452,Card,Paid,192.25
703719,504453,UPI,Paid,154.46
703720,504454,Card,Paid,185.67
703721,504455,UPI,Paid,187.36
703722,504458,UPI,Paid,35.37
703723,504459,Card,Paid,35.0
703724,504460,Wallet,Paid,71.55
703725,504461,UPI,Paid,102.19
703726,504462,Cash,Paid,73.58
703727,504463,Card,Paid,80.47
703728,504464,Cash,Paid,37.8
703729,504465,UPI,Paid,293.01
703730,504466,Wallet,Paid,97.04
703731,504467,Card,Paid,192.73
703732,504468,UPI,Paid,96.32
703733,504469,Card,Paid,77.31
703734,504471,UPI,Paid,36.95
703735,504472,Card,Paid,179.67
703736,504473,UPI,Paid,83.86
703737,504474,UPI,Paid,90.34
703738,504475,Card,Paid,200.0
703739,504477,Card,Paid,97.65
703740,504478,Card,Paid,82.99
703741,504480,Cash,Paid,137.68
703742,504481,UPI,Paid,153.97
703743,504482,UPI,Paid,157.23
703744,504483,UPI,Paid,76.75
703745,504484,Card,Paid,63.1
703746,504486,UPI,Paid,131.31
703747,504487,Wallet,Paid,35.44
703748,504488,UPI,Paid,35.0
703749,504489,Cash,Paid,320.93
703750,504492,UPI,Paid,93.35
703751,504493,UPI,Paid,99.31
703752,504494,Card,Paid,75.39
703753,504495,Card,Paid,112.76
703754,504496,Wallet,Paid,121.59
703755,504497,UPI,Paid,59.36
703756,504498,UPI,Paid,296.16
703757,504499,Wallet,Paid,93.79
703758,504500,UPI,Paid,53.97
703759,504501,UPI,Paid,192.19
703760,504502,Cash,Paid,35.0
703761,504503,UPI,Paid,101.37
703762,504504,UPI,Paid,84.62
703763,504505,Cash,Paid,71.72
703764,504506,Card,Paid,67.65
703765,504507,UPI,Paid,106.24
703766,504508,UPI,Paid,218.02
703767,504509,Cash,Paid,104.6
703768,504511,UPI,Paid,36.19
703769,504516,UPI,Paid,55.41
703770,504517,UPI,Paid,77.32
703771,504518,Card,Paid,126.72
703772,504519,UPI,Paid,73.1
703773,504520,Cash,Paid,132.48
703774,504521,UPI,Paid,181.22
703775,504522,UPI,Paid,210.72
703776,504523,UPI,Paid,45.57
703777,504524,UPI,Paid,35.0
703778,504525,Cash,Paid,50.83
703779,504526,UPI,Paid,105.89
703780,504527,Card,Paid,109.2
703781,504529,Card,Paid,153.16
703782,504530,UPI,Paid,106.65
703783,504531,Wallet,Failed,35.0
703784,504532,Card,Paid,136.01
703785,504533,UPI,Paid,41.03
703786,504534,Cash,Paid,65.75
703787,504535,Wallet,Paid,132.02
703788,504536,Wallet,Paid,78.74
703789,504537,UPI,Paid,154.63
703790,504538,UPI,Paid,71.11
703791,504539,Cash,Paid,51.57
703792,504540,Cash,Paid,60.78
703793,504541,Cash,Paid,81.46
703794,504543,UPI,Paid,114.68
703795,504545,Cash,Paid,119.0
703796,504546,UPI,Paid,194.86
703797,504547,UPI,Paid,41.7
703798,504548,Card,Paid,91.15
703799,504549,Card,Failed,164.36
703800,504550,Card,Paid,92.42
703801,504551,UPI,Paid,161.96
703802,504552,UPI,Paid,178.56
703803,504553,Cash,Paid,138.84
703804,504554,Card,Paid,383.39
703805,504555,Card,Paid,282.76
703806,504556,UPI,Failed,73.58
703807,504557,Card,Paid,86.43
703808,504558,UPI,Paid,220.4
703809,504559,Wallet,Paid,158.65
703810,504560,UPI,Paid,186.13
703811,504561,Card,Paid,88.95
703812,504562,UPI,Paid,64.31
703813,504563,Cash,Paid,136.69
703814,504564,UPI,Paid,84.14
703815,504566,Wallet,Paid,324.6
703816,504567,Wallet,Paid,133.86
703817,504568,Cash,Paid,121.42
703818,504569,Wallet,Paid,105.24
703819,504570,Wallet,Paid,187.68
703820,504571,Card,Paid,72.85
703821,504573,UPI,Paid,105.21
703822,504574,Cash,Paid,36.55
703823,504575,UPI,Paid,142.17
703824,504576,Card,Paid,309.89
703825,504577,Cash,Paid,65.23
703826,504578,Card,Paid,122.58
703827,504579,UPI,Paid,213.68
703828,504581,Card,Paid,100.25
703829,504582,UPI,Paid,212.89
703830,504583,UPI,Paid,97.24
703831,504585,UPI,Paid,83.11
703832,504586,Card,Paid,96.1
703833,504587,Card,Paid,73.19
703834,504588,UPI,Failed,280.11
703835,504589,UPI,Paid,51.79
703836,504590,UPI,Paid,189.99
703837,504591,Card,Paid,55.21
703838,504592,Wallet,Paid,87.81
703839,504593,UPI,Paid,326.84
703840,504594,Cash,Paid,53.03
703841,504595,UPI,Paid,190.64
703842,504596,UPI,Paid,255.42
703843,504598,UPI,Paid,134.57
703844,504599,Card,Paid,40.78
703845,504600,UPI,Paid,78.31
703846,504601,UPI,Paid,35.0
703847,504602,UPI,Paid,68.81
703848,504603,UPI,Paid,143.0
703849,504604,Card,Paid,91.12
703850,504605,Cash,Paid,112.05
703851,504606,Cash,Paid,74.06
703852,504607,Wallet,Paid,148.08
703853,504608,Card,Paid,148.98
703854,504609,Card,Paid,69.35
703855,504610,UPI,Paid,91.86
703856,504611,Card,Paid,304.0
703857,504612,UPI,Paid,54.65
703858,504613,Cash,Paid,68.83
703859,504614,UPI,Paid,49.71
703860,504615,Card,Paid,39.7
703861,504616,Wallet,Paid,85.59
703862,504617,UPI,Paid,54.76
703863,504621,Card,Paid,195.73
703864,504622,UPI,Failed,138.03
703865,504623,Cash,Paid,104.8
703866,504624,Cash,Failed,77.59
703867,504626,UPI,Paid,61.9
703868,504630,Cash,Paid,88.23
703869,504632,UPI,Paid,172.74
703870,504633,Cash,Paid,135.26
703871,504634,Cash,Paid,93.14
703872,504635,UPI,Paid,129.83
703873,504636,Cash,Paid,94.72
703874,504637,UPI,Paid,173.02
703875,504638,UPI,Paid,48.29
703876,504639,Wallet,Paid,114.94
703877,504640,Cash,Paid,211.97
703878,504641,Wallet,Paid,122.75
703879,504642,UPI,Paid,81.29
703880,504643,UPI,Paid,53.0
703881,504644,UPI,Paid,82.61
703882,504645,UPI,Paid,186.85
703883,504648,Card,Paid,37.99
703884,504649,Cash,Paid,257.12
703885,504650,Cash,Paid,95.54
703886,504651,UPI,Paid,62.61
703887,504652,Cash,Paid,78.66
703888,504653,Card,Paid,68.81
703889,504654,UPI,Paid,155.99
703890,504655,UPI,Paid,116.18
703891,504656,Wallet,Paid,75.17
703892,504657,Card,Paid,35.0
703893,504658,Cash,Paid,261.49
703894,504659,UPI,Paid,189.51
703895,504660,Cash,Paid,218.02
703896,504661,UPI,Paid,61.45
703897,504662,UPI,Paid,205.25
703898,504663,Cash,Paid,201.07
703899,504664,Wallet,Paid,35.0
703900,504665,UPI,Paid,84.89
703901,504666,UPI,Paid,189.43
703902,504667,Cash,Paid,166.01
703903,504668,Cash,Paid,79.49
703904,504669,Cash,Paid,106.66
703905,504673,Cash,Paid,187.33
703906,504674,Card,Paid,283.74
703907,504675,UPI,Paid,132.42
703908,504676,Wallet,Paid,39.85
703909,504677,Card,Paid,96.07
703910,504678,UPI,Paid,54.92
703911,504679,Card,Paid,48.16
703912,504682,Cash,Paid,80.86
703913,504683,UPI,Paid,82.64
703914,504684,Card,Paid,352.98
703915,504685,UPI,Paid,143.76
703916,504686,UPI,Paid,204.73
703917,504687,UPI,Paid,94.21
703918,504689,Cash,Paid,281.93
703919,504690,Cash,Paid,53.9
703920,504691,Wallet,Paid,106.55
703921,504692,UPI,Paid,134.7
703922,504693,Card,Paid,100.45
703923,504694,UPI,Paid,142.99
703924,504695,Cash,Paid,87.75
703925,504696,UPI,Paid,62.87
703926,504697,Card,Paid,134.27
703927,504698,Card,Paid,107.24
703928,504700,Card,Paid,41.5
703929,504701,UPI,Paid,115.76
703930,504702,UPI,Paid,75.98
703931,504703,UPI,Paid,141.25
703932,504704,UPI,Paid,59.44
703933,504705,Card,Paid,55.66
703934,504706,UPI,Paid,35.0
703935,504707,Card,Paid,46.57
703936,504708,UPI,Paid,60.07
703937,504709,Cash,Paid,35.0
703938,504710,Wallet,Paid,64.95
703939,504711,Card,Paid,89.3
703940,504712,UPI,Paid,101.73
703941,504713,UPI,Paid,117.92
703942,504714,Card,Paid,58.67
703943,504717,UPI,Paid,140.9
703944,504719,Card,Paid,102.97
703945,504721,UPI,Paid,98.42
703946,504722,UPI,Paid,63.8
703947,504723,UPI,Paid,181.51
703948,504724,UPI,Paid,99.64
703949,504726,UPI,Paid,63.49
703950,504727,Cash,Paid,56.54
703951,504728,Wallet,Paid,101.48
703952,504729,Card,Paid,122.8
703953,504731,Card,Paid,179.82
703954,504732,UPI,Paid,100.89
703955,504733,UPI,Paid,286.06
703956,504734,UPI,Paid,53.6
703957,504735,UPI,Paid,71.45
703958,504736,UPI,Paid,90.64
703959,504737,UPI,Paid,35.0
703960,504738,Wallet,Paid,47.88
703961,504739,UPI,Paid,35.0
703962,504740,UPI,Paid,116.49
703963,504742,UPI,Paid,69.03
703964,504743,UPI,Paid,67.35
703965,504745,Card,Paid,147.94
703966,504747,UPI,Paid,146.45
703967,504748,UPI,Paid,200.91
703968,504749,Card,Paid,50.24
703969,504751,Card,Paid,77.83
703970,504752,UPI,Paid,107.4
703971,504753,UPI,Paid,120.48
703972,504754,UPI,Paid,35.0
703973,504756,UPI,Paid,79.21
703974,504757,Cash,Paid,206.53
703975,504758,UPI,Paid,44.3
703976,504760,Cash,Paid,84.25
703977,504761,Card,Paid,61.82
703978,504763,Card,Paid,42.38
703979,504764,UPI,Paid,159.38
703980,504765,Card,Paid,55.38
703981,504766,Cash,Paid,131.24
703982,504767,UPI,Paid,333.2
703983,504768,Cash,Paid,223.69
703984,504769,Wallet,Paid,241.0
703985,504770,Cash,Paid,317.05
703986,504771,Cash,Paid,193.56
703987,504772,Card,Paid,192.47
703988,504774,Card,Paid,78.68
703989,504775,UPI,Paid,131.43
703990,504776,Card,Paid,189.18
703991,504777,Card,Paid,35.0
703992,504778,Wallet,Paid,110.67
703993,504779,UPI,Paid,204.73
703994,504780,Card,Paid,55.23
703995,504781,Cash,Paid,103.94
703996,504782,UPI,Paid,177.64
703997,504783,Card,Paid,165.95
703998,504784,UPI,Paid,60.78
703999,504785,Cash,Paid,133.74
704000,504786,Wallet,Paid,106.84
704001,504787,Card,Paid,150.59
704002,504788,Wallet,Paid,37.17
704003,504789,Cash,Paid,40.64
704004,504790,Card,Paid,128.78
704005,504791,UPI,Paid,249.95
704006,504792,Cash,Paid,90.74
704007,504793,UPI,Paid,84.4
704008,504794,Wallet,Paid,105.69
704009,504795,Cash,Paid,50.83
704010,504796,UPI,Paid,146.83
704011,504797,Card,Paid,196.84
704012,504798,UPI,Paid,54.45
704013,504799,UPI,Paid,126.44
704014,504800,UPI,Paid,548.07
704015,504801,Card,Paid,227.06
704016,504802,UPI,Paid,49.03
704017,504803,UPI,Paid,129.1
704018,504804,UPI,Paid,52.47
704019,504806,UPI,Paid,139.21
704020,504807,Card,Paid,112.52
704021,504808,Cash,Paid,50.96
704022,504809,UPI,Paid,264.22
704023,504811,Cash,Paid,72.55
704024,504812,Card,Paid,105.6
704025,504814,UPI,Paid,49.97
704026,504815,UPI,Paid,81.42
704027,504818,UPI,Paid,35.0
704028,504819,Wallet,Paid,35.0
704029,504820,Card,Paid,35.0
704030,504821,Card,Paid,118.21
704031,504822,Card,Paid,78.34
704032,504823,UPI,Paid,114.3
704033,504825,UPI,Paid,132.03
704034,504827,UPI,Paid,98.39
704035,504828,Cash,Paid,159.96
704036,504832,UPI,Paid,139.79
704037,504833,UPI,Paid,35.0
704038,504834,Cash,Paid,35.0
704039,504835,UPI,Paid,125.44
704040,504836,UPI,Paid,101.9
704041,504838,UPI,Paid,94.26
704042,504839,UPI,Paid,60.54
704043,504840,Card,Paid,80.89
704044,504841,UPI,Paid,329.93
704045,504842,Wallet,Paid,131.68
704046,504844,UPI,Paid,187.58
704047,504845,UPI,Paid,172.85
704048,504846,UPI,Paid,99.21
704049,504847,Card,Paid,178.71
704050,504848,Card,Paid,170.19
704051,504849,Cash,Paid,296.91
704052,504850,Cash,Paid,124.72
704053,504851,Card,Paid,35.0
704054,504852,UPI,Paid,117.03
704055,504854,UPI,Paid,101.57
704056,504855,Card,Paid,292.16
704057,504856,Wallet,Paid,195.95
704058,504858,Cash,Paid,58.77
704059,504862,UPI,Paid,152.62
704060,504863,UPI,Paid,132.25
704061,504864,UPI,Paid,89.2
704062,504867,UPI,Paid,107.64
704063,504868,UPI,Paid,74.58
704064,504869,Cash,Paid,174.7
704065,504871,Cash,Paid,141.73
704066,504872,UPI,Paid,76.29
704067,504873,UPI,Paid,60.69
704068,504874,Cash,Paid,49.55
704069,504876,UPI,Paid,252.48
704070,504877,Wallet,Paid,192.45
704071,504878,Card,Paid,125.3
704072,504879,Cash,Paid,302.4
704073,504880,Card,Paid,162.62
704074,504881,Cash,Paid,45.94
704075,504882,Card,Paid,165.17
704076,504883,UPI,Paid,35.0
704077,504885,Card,Paid,75.49
704078,504886,Cash,Paid,83.02
704079,504888,UPI,Paid,211.06
704080,504889,Card,Paid,87.81
704081,504890,Cash,Paid,114.84
704082,504891,Card,Paid,98.57
704083,504892,Cash,Paid,54.1
704084,504893,UPI,Paid,88.98
704085,504894,Card,Paid,152.59
704086,504896,UPI,Paid,79.56
704087,504897,UPI,Paid,284.1
704088,504899,UPI,Paid,104.8
704089,504900,UPI,Paid,141.71
704090,504901,Cash,Paid,35.0
704091,504902,UPI,Paid,122.55
704092,504903,UPI,Paid,78.75
704093,504904,UPI,Paid,47.44
704094,504905,Wallet,Paid,96.58
704095,504906,UPI,Paid,97.41
704096,504907,UPI,Paid,181.33
704097,504909,Wallet,Paid,242.67
704098,504910,Card,Paid,125.68
704099,504911,Cash,Paid,112.92
704100,504913,Card,Paid,182.99
704101,504914,Card,Paid,55.54
704102,504916,Cash,Paid,53.11
704103,504917,Cash,Paid,148.47
704104,504919,UPI,Paid,303.47
704105,504920,Card,Paid,44.11
704106,504924,UPI,Paid,323.22
704107,504925,UPI,Paid,88.34
704108,504926,UPI,Paid,75.73
704109,504927,UPI,Paid,80.15
704110,504928,UPI,Failed,155.77
704111,504929,Cash,Paid,100.14
704112,504930,UPI,Paid,239.81
704113,504931,Cash,Paid,230.5
704114,504932,UPI,Paid,129.89
704115,504934,UPI,Paid,65.18
704116,504935,Cash,Paid,161.69
704117,504936,Card,Paid,121.39
704118,504938,Card,Paid,78.7
704119,504939,Card,Paid,203.26
704120,504940,UPI,Paid,162.77
704121,504942,UPI,Paid,64.21
704122,504943,Card,Paid,77.67
704123,504944,Card,Paid,279.95
704124,504945,Cash,Paid,157.88
704125,504946,UPI,Paid,140.57
704126,504947,Wallet,Paid,52.05
704127,504949,Wallet,Paid,77.7
704128,504950,UPI,Paid,108.41
704129,504952,UPI,Paid,137.04
704130,504953,UPI,Paid,152.76
704131,504954,Wallet,Paid,53.09
704132,504955,UPI,Paid,55.8
704133,504957,UPI,Paid,95.01
704134,504958,Wallet,Paid,149.83
704135,504959,Cash,Paid,348.03
704136,504960,Card,Paid,85.75
704137,504961,Cash,Paid,66.85
704138,504962,Cash,Paid,60.2
704139,504963,UPI,Paid,90.88
704140,504965,UPI,Paid,86.88
704141,504967,Cash,Paid,187.86
704142,504968,Card,Paid,79.07
704143,504969,Cash,Paid,84.42
704144,504971,UPI,Paid,110.84
704145,504973,UPI,Paid,203.78
704146,504974,UPI,Paid,211.49
704147,504975,Card,Paid,142.36
704148,504977,UPI,Paid,119.02
704149,504979,UPI,Paid,124.61
704150,504980,UPI,Paid,46.08
704151,504981,UPI,Paid,221.15
704152,504982,UPI,Paid,122.43
704153,504984,Cash,Paid,35.47
704154,504986,UPI,Paid,185.84
704155,504987,Card,Paid,87.32
704156,504988,Wallet,Paid,138.03
704157,504989,UPI,Paid,135.44
704158,504990,UPI,Paid,65.83
704159,504991,Card,Paid,197.03
704160,504993,UPI,Paid,41.67
704161,504994,Cash,Paid,97.68
704162,504996,UPI,Paid,131.62
704163,504997,Card,Paid,58.32
704164,504998,Cash,Paid,80.85
704165,504999,UPI,Paid,108.18
704166,505000,UPI,Paid,101.03
704167,505001,Card,Paid,64.74
704168,505005,Wallet,Paid,102.04
704169,505006,Wallet,Paid,202.4
704170,505007,Wallet,Paid,123.72
704171,505009,UPI,Paid,114.17
704172,505010,UPI,Paid,53.17
704173,505012,UPI,Paid,86.17
704174,505013,UPI,Paid,145.3
704175,505014,UPI,Paid,234.02
704176,505015,UPI,Paid,46.76
704177,505016,Card,Paid,51.09
704178,505017,Card,Paid,141.83
704179,505018,UPI,Paid,53.94
704180,505021,Card,Paid,93.82
704181,505022,UPI,Failed,37.96
704182,505023,UPI,Paid,168.44
704183,505024,UPI,Paid,92.77
704184,505026,Card,Paid,401.85
704185,505027,Cash,Paid,138.75
704186,505028,Card,Paid,335.97
704187,505030,Wallet,Paid,157.93
704188,505031,UPI,Paid,43.62
704189,505033,Card,Paid,391.36
704190,505034,UPI,Paid,197.41
704191,505035,Card,Paid,46.56
704192,505036,UPI,Paid,204.28
704193,505037,UPI,Paid,83.68
704194,505038,UPI,Paid,126.24
704195,505039,UPI,Paid,129.78
704196,505040,Card,Paid,35.0
704197,505041,UPI,Paid,85.78
704198,505042,UPI,Paid,93.71
704199,505043,Card,Paid,85.07
704200,505044,UPI,Paid,84.12
704201,505045,Card,Paid,163.67
704202,505046,UPI,Paid,112.79
704203,505047,Cash,Paid,99.37
704204,505048,Card,Paid,118.98
704205,505049,Cash,Paid,35.0
704206,505050,UPI,Paid,69.03
704207,505051,UPI,Paid,73.0
704208,505052,Wallet,Paid,123.5
704209,505053,UPI,Paid,151.31
704210,505054,UPI,Paid,55.95
704211,505056,Cash,Paid,124.8
704212,505057,Card,Paid,70.24
704213,505058,Cash,Paid,209.48
704214,505059,UPI,Paid,39.56
704215,505060,UPI,Paid,371.68
704216,505061,UPI,Paid,73.98
704217,505062,UPI,Paid,275.27
704218,505063,Cash,Paid,70.1
704219,505064,UPI,Paid,163.5
704220,505065,UPI,Paid,143.39
704221,505066,Card,Paid,151.09
704222,505067,UPI,Paid,134.83
704223,505068,Card,Paid,93.14
704224,505070,UPI,Paid,152.19
704225,505071,UPI,Paid,71.23
704226,505072,UPI,Paid,160.05
704227,505073,Cash,Paid,244.74
704228,505074,UPI,Paid,83.85
704229,505075,Cash,Paid,108.61
704230,505076,UPI,Paid,110.46
704231,505078,Cash,Paid,82.06
704232,505079,Card,Paid,120.25
704233,505080,UPI,Paid,123.59
704234,505081,UPI,Paid,153.72
704235,505082,UPI,Paid,159.93
704236,505083,Wallet,Paid,108.51
704237,505084,UPI,Paid,325.93
704238,505085,UPI,Paid,93.41
704239,505086,UPI,Paid,38.83
704240,505087,Cash,Paid,35.0
704241,505089,Card,Paid,163.57
704242,505090,UPI,Paid,125.58
704243,505091,UPI,Paid,102.86
704244,505092,Card,Paid,259.92
704245,505093,Cash,Paid,283.41
704246,505094,Cash,Paid,47.58
704247,505095,Card,Paid,69.19
704248,505096,Card,Failed,54.63
704249,505097,UPI,Paid,130.52
704250,505098,UPI,Paid,72.43
704251,505099,UPI,Paid,47.15
704252,505100,UPI,Paid,120.17
704253,505102,UPI,Paid,59.54
704254,505103,Cash,Paid,106.33
704255,505104,Card,Paid,35.0
704256,505105,UPI,Paid,62.76
704257,505106,Card,Paid,123.71
704258,505107,Wallet,Paid,97.79
704259,505108,UPI,Paid,205.83
704260,505110,UPI,Paid,77.28
704261,505112,Cash,Paid,60.88
704262,505113,Cash,Paid,82.43
704263,505114,UPI,Paid,190.42
704264,505115,UPI,Paid,41.46
704265,505116,UPI,Paid,237.22
704266,505117,UPI,Paid,127.99
704267,505118,UPI,Paid,157.4
704268,505119,Cash,Paid,157.67
704269,505121,UPI,Paid,35.0
704270,505122,Card,Paid,261.5
704271,505123,Card,Paid,113.74
704272,505124,Cash,Paid,115.02
704273,505125,Cash,Paid,119.7
704274,505126,UPI,Paid,73.99
704275,505127,UPI,Paid,341.85
704276,505128,Cash,Paid,49.01
704277,505129,UPI,Paid,100.89
704278,505130,UPI,Paid,171.3
704279,505131,Card,Paid,220.45
704280,505133,Cash,Paid,38.76
704281,505134,UPI,Paid,95.88
704282,505135,UPI,Paid,69.59
704283,505136,UPI,Paid,38.45
704284,505137,UPI,Paid,85.34
704285,505138,Cash,Paid,582.11
704286,505141,Card,Paid,167.6
704287,505142,Card,Paid,119.23
704288,505143,Cash,Paid,85.04
704289,505144,UPI,Paid,35.4
704290,505145,Card,Paid,113.27
704291,505146,Cash,Paid,69.66
704292,505147,UPI,Paid,83.36
704293,505148,UPI,Paid,403.91
704294,505149,Card,Paid,95.69
704295,505151,Wallet,Paid,164.71
704296,505152,Cash,Paid,88.72
704297,505153,UPI,Paid,56.1
704298,505154,UPI,Paid,59.68
704299,505155,UPI,Paid,114.4
704300,505157,Cash,Paid,108.63
704301,505158,Card,Paid,112.19
704302,505159,UPI,Paid,122.73
704303,505160,UPI,Paid,81.83
704304,505161,Card,Paid,78.08
704305,505162,Card,Paid,116.06
704306,505163,Card,Paid,73.14
704307,505166,UPI,Paid,192.34
704308,505167,UPI,Paid,145.09
704309,505168,Cash,Paid,170.56
704310,505169,Wallet,Paid,55.81
704311,505170,Wallet,Paid,35.0
704312,505171,UPI,Paid,119.05
704313,505172,UPI,Paid,69.81
704314,505173,UPI,Paid,240.25
704315,505174,UPI,Paid,125.49
704316,505175,UPI,Paid,294.72
704317,505177,Card,Paid,93.63
704318,505179,UPI,Paid,85.29
704319,505180,Cash,Paid,110.38
704320,505181,Card,Paid,59.14
704321,505182,Cash,Paid,127.38
704322,505184,Cash,Paid,44.92
704323,505185,Card,Paid,93.28
704324,505186,Cash,Paid,117.46
704325,505187,Wallet,Paid,56.23
704326,505188,UPI,Paid,100.34
704327,505189,Cash,Paid,86.34
704328,505190,UPI,Paid,51.65
704329,505191,UPI,Paid,182.22
704330,505193,Card,Paid,87.07
704331,505195,Cash,Paid,115.29
704332,505196,Card,Paid,41.64
704333,505197,UPI,Paid,76.63
704334,505198,Cash,Paid,103.97
704335,505199,UPI,Paid,80.02
704336,505200,UPI,Paid,96.75
704337,505201,UPI,Paid,98.59
704338,505202,Cash,Paid,91.44
704339,505203,Card,Paid,120.6
704340,505204,UPI,Paid,71.71
704341,505205,Cash,Paid,105.56
704342,505206,Card,Paid,125.47
704343,505207,Card,Paid,74.85
704344,505210,Card,Paid,283.11
704345,505211,Cash,Paid,83.48
704346,505213,Cash,Paid,138.69
704347,505214,UPI,Paid,121.59
704348,505217,UPI,Paid,162.36
704349,505219,Cash,Paid,109.4
704350,505221,UPI,Paid,85.51
704351,505222,Card,Paid,95.62
704352,505223,UPI,Paid,307.47
704353,505224,UPI,Paid,275.21
704354,505225,UPI,Paid,305.19
704355,505226,UPI,Paid,156.96
704356,505227,UPI,Paid,178.42
704357,505229,UPI,Paid,151.44
704358,505231,UPI,Paid,88.31
704359,505232,UPI,Paid,54.31
704360,505234,UPI,Paid,55.6
704361,505235,Cash,Paid,39.34
704362,505236,UPI,Paid,128.06
704363,505237,UPI,Paid,92.57
704364,505238,UPI,Paid,115.77
704365,505239,UPI,Paid,72.99
704366,505240,Card,Paid,222.8
704367,505242,Cash,Paid,55.92
704368,505243,UPI,Paid,88.77
704369,505244,UPI,Paid,35.93
704370,505245,Cash,Paid,57.51
704371,505246,Card,Failed,114.9
704372,505247,UPI,Paid,135.66
704373,505248,UPI,Paid,58.96
704374,505249,UPI,Paid,35.62
704375,505251,Cash,Paid,109.98
704376,505252,UPI,Paid,233.57
704377,505253,Card,Paid,87.06
704378,505254,UPI,Paid,203.15
704379,505255,Card,Paid,71.7
704380,505256,Card,Paid,63.37
704381,505257,Card,Paid,75.8
704382,505258,Card,Paid,35.0
704383,505259,Wallet,Paid,237.07
704384,505260,Card,Paid,108.31
704385,505261,UPI,Paid,262.4
704386,505262,UPI,Paid,152.91
704387,505263,Cash,Paid,140.71
704388,505264,UPI,Paid,101.84
704389,505265,UPI,Paid,127.79
704390,505267,Card,Paid,81.52
704391,505268,Card,Paid,48.64
704392,505269,Cash,Paid,103.23
704393,505270,UPI,Paid,103.78
704394,505271,Cash,Paid,39.61
704395,505272,Cash,Paid,345.06
704396,505273,Cash,Paid,56.59
704397,505274,Card,Paid,364.87
704398,505275,Cash,Paid,121.87
704399,505276,UPI,Paid,56.13
704400,505277,UPI,Paid,47.89
704401,505278,UPI,Paid,75.13
704402,505279,Card,Paid,101.66
704403,505280,Wallet,Paid,246.7
704404,505281,Card,Failed,121.66
704405,505282,UPI,Paid,64.93
704406,505285,Cash,Paid,217.72
704407,505286,UPI,Paid,179.4
704408,505289,Card,Paid,119.31
704409,505290,Card,Paid,88.98
704410,505291,Card,Paid,89.04
704411,505292,Card,Paid,35.0
704412,505293,UPI,Paid,45.89
704413,505294,UPI,Paid,60.92
704414,505295,Cash,Paid,119.16
704415,505298,UPI,Paid,57.15
704416,505300,UPI,Paid,260.28
704417,505301,UPI,Paid,79.64
704418,505302,UPI,Paid,107.81
704419,505303,Cash,Paid,35.0
704420,505304,Card,Paid,98.49
704421,505306,UPI,Paid,78.37
704422,505308,Wallet,Paid,35.0
704423,505309,UPI,Paid,181.23
704424,505310,Cash,Paid,91.84
704425,505311,UPI,Paid,93.22
704426,505313,UPI,Paid,107.29
704427,505314,Cash,Paid,117.2
704428,505316,Card,Paid,83.03
704429,505317,UPI,Paid,266.93
704430,505318,UPI,Paid,35.0
704431,505319,Card,Paid,78.56
704432,505320,UPI,Paid,97.13
704433,505321,UPI,Paid,71.63
704434,505322,Cash,Paid,55.84
704435,505323,Card,Paid,44.58
704436,505324,UPI,Paid,96.1
704437,505326,Cash,Paid,53.37
704438,505327,Card,Paid,150.48
704439,505328,UPI,Paid,98.3
704440,505329,Cash,Paid,204.15
704441,505330,Cash,Paid,69.49
704442,505332,Card,Paid,61.06
704443,505333,UPI,Paid,43.6
704444,505334,Cash,Paid,105.21
704445,505335,UPI,Paid,108.0
704446,505336,UPI,Paid,51.69
704447,505337,UPI,Paid,131.32
704448,505339,UPI,Paid,264.19
704449,505340,UPI,Paid,192.54
704450,505342,Cash,Paid,60.6
704451,505343,UPI,Paid,332.61
704452,505344,UPI,Paid,83.12
704453,505345,Card,Paid,91.19
704454,505346,UPI,Paid,81.57
704455,505348,Cash,Paid,59.64
704456,505349,Card,Paid,46.86
704457,505350,UPI,Paid,365.26
704458,505351,Cash,Paid,144.8
704459,505352,UPI,Paid,64.34
704460,505353,Cash,Paid,160.72
704461,505354,UPI,Paid,109.48
704462,505355,UPI,Paid,35.0
704463,505356,Card,Paid,150.21
704464,505357,Cash,Paid,154.25
704465,505358,UPI,Paid,58.23
704466,505360,Card,Paid,141.85
704467,505361,UPI,Paid,119.98
704468,505362,UPI,Paid,134.08
704469,505363,Cash,Paid,35.0
704470,505364,Card,Paid,110.09
704471,505365,Cash,Paid,117.28
704472,505366,Cash,Paid,73.39
704473,505368,UPI,Paid,211.79
704474,505369,UPI,Paid,103.64
704475,505370,UPI,Paid,147.27
704476,505371,UPI,Paid,159.08
704477,505374,Cash,Paid,98.9
704478,505375,UPI,Paid,132.88
704479,505376,Card,Paid,80.29
704480,505378,UPI,Paid,70.57
704481,505379,Card,Paid,281.37
704482,505380,UPI,Paid,49.81
704483,505381,UPI,Paid,139.36
704484,505382,Cash,Paid,126.1
704485,505383,Card,Paid,69.97
704486,505384,Wallet,Paid,135.85
704487,505385,Cash,Paid,50.27
704488,505386,UPI,Paid,77.56
704489,505388,UPI,Paid,173.3
704490,505389,Card,Paid,81.31
704491,505390,Cash,Paid,35.0
704492,505391,UPI,Paid,65.45
704493,505392,UPI,Paid,82.47
704494,505394,UPI,Paid,55.01
704495,505395,UPI,Paid,85.78
704496,505396,Cash,Paid,55.94
704497,505397,Card,Paid,184.8
704498,505398,UPI,Paid,73.69
704499,505399,Wallet,Paid,49.32
704500,505400,UPI,Paid,83.61
704501,505402,UPI,Paid,259.85
704502,505403,UPI,Paid,119.19
704503,505404,Cash,Paid,255.63
704504,505405,Wallet,Paid,144.96
704505,505406,UPI,Paid,136.99
704506,505407,UPI,Paid,121.46
704507,505409,UPI,Paid,250.16
704508,505411,Wallet,Paid,79.43
704509,505413,UPI,Paid,231.06
704510,505414,Card,Paid,69.81
704511,505415,UPI,Paid,125.28
704512,505416,UPI,Paid,80.43
704513,505419,Wallet,Paid,35.0
704514,505420,Card,Paid,84.12
704515,505421,UPI,Paid,87.15
704516,505422,UPI,Paid,90.19
704517,505423,Cash,Paid,56.01
704518,505424,Card,Paid,94.39
704519,505425,Cash,Paid,207.99
704520,505426,Cash,Paid,92.55
704521,505428,UPI,Paid,41.01
704522,505429,Wallet,Paid,275.81
704523,505430,Cash,Paid,67.96
704524,505431,UPI,Paid,156.01
704525,505432,Cash,Paid,56.42
704526,505433,Card,Paid,191.36
704527,505434,Card,Paid,131.43
704528,505435,Wallet,Paid,196.47
704529,505436,UPI,Paid,152.85
704530,505438,UPI,Paid,131.32
704531,505439,UPI,Paid,259.66
704532,505440,UPI,Paid,54.06
704533,505441,UPI,Paid,54.7
704534,505442,Card,Paid,35.0
704535,505443,UPI,Paid,106.04
704536,505444,Cash,Paid,168.34
704537,505446,Cash,Paid,89.2
704538,505447,UPI,Paid,96.03
704539,505448,Cash,Paid,201.02
704540,505449,Wallet,Paid,77.4
704541,505450,Card,Paid,61.07
704542,505451,UPI,Paid,168.03
704543,505452,UPI,Paid,311.24
704544,505454,UPI,Paid,208.69
704545,505455,Card,Paid,154.69
704546,505456,UPI,Paid,40.0
704547,505457,Cash,Paid,113.09
704548,505458,UPI,Paid,163.74
704549,505459,Card,Paid,35.92
704550,505460,UPI,Paid,35.0
704551,505461,Card,Paid,61.09
704552,505463,Card,Paid,69.96
704553,505464,Cash,Paid,98.22
704554,505465,UPI,Paid,85.84
704555,505467,UPI,Paid,302.94
704556,505468,Cash,Paid,53.96
704557,505469,UPI,Paid,88.28
704558,505470,Wallet,Paid,254.67
704559,505471,Cash,Paid,186.84
704560,505472,Cash,Paid,62.13
704561,505473,UPI,Paid,96.17
704562,505474,UPI,Paid,95.62
704563,505475,UPI,Paid,176.97
704564,505476,Cash,Paid,54.52
704565,505477,UPI,Paid,130.98
704566,505478,Cash,Paid,82.08
704567,505480,Card,Paid,55.19
704568,505481,Cash,Paid,95.21
704569,505482,UPI,Paid,111.02
704570,505483,Cash,Paid,51.09
704571,505484,Cash,Paid,82.28
704572,505485,Card,Paid,44.13
704573,505487,UPI,Paid,116.1
704574,505489,UPI,Paid,40.36
704575,505490,Cash,Paid,123.89
704576,505491,UPI,Paid,64.09
704577,505492,UPI,Paid,62.95
704578,505493,Cash,Paid,72.23
704579,505494,UPI,Paid,46.8
704580,505495,UPI,Paid,35.0
704581,505497,Cash,Paid,113.57
704582,505498,UPI,Paid,103.01
704583,505499,UPI,Paid,86.68
704584,505500,Card,Paid,123.11
704585,505501,UPI,Paid,35.0
704586,505502,Card,Paid,70.12
704587,505503,Card,Paid,36.71
704588,505504,UPI,Paid,95.73
704589,505505,Card,Paid,179.14
704590,505506,UPI,Paid,60.9
704591,505508,UPI,Paid,83.91
704592,505510,Card,Paid,102.91
704593,505511,Wallet,Paid,183.18
704594,505512,Card,Paid,148.56
704595,505513,Wallet,Paid,59.03
704596,505514,Cash,Paid,35.0
704597,505515,UPI,Paid,100.44
704598,505516,UPI,Paid,90.27
704599,505518,UPI,Paid,69.62
704600,505519,Cash,Paid,141.44
704601,505520,Card,Paid,93.9
704602,505521,UPI,Paid,104.32
704603,505522,UPI,Paid,49.94
704604,505523,Wallet,Paid,137.34
704605,505524,Card,Paid,161.66
704606,505525,UPI,Paid,78.03
704607,505526,UPI,Paid,142.67
704608,505527,Card,Paid,80.37
704609,505528,Card,Paid,120.12
704610,505529,UPI,Paid,173.62
704611,505530,UPI,Paid,186.35
704612,505531,UPI,Paid,63.35
704613,505533,Card,Paid,109.86
704614,505534,Cash,Paid,216.03
704615,505535,UPI,Paid,61.67
704616,505536,UPI,Paid,105.8
704617,505537,UPI,Paid,104.9
704618,505538,UPI,Paid,35.0
704619,505539,UPI,Paid,82.63
704620,505541,Wallet,Paid,100.93
704621,505542,Card,Paid,99.98
704622,505543,Card,Paid,45.67
704623,505544,Card,Paid,95.27
704624,505545,UPI,Paid,288.5
704625,505546,UPI,Paid,82.52
704626,505547,UPI,Paid,132.77
704627,505548,UPI,Paid,74.79
704628,505549,Wallet,Paid,265.17
704629,505550,Card,Paid,121.7
704630,505551,UPI,Paid,160.1
704631,505552,UPI,Paid,158.9
704632,505553,UPI,Paid,145.23
704633,505554,Card,Paid,129.63
704634,505555,UPI,Paid,63.43
704635,505557,Card,Paid,47.99
704636,505558,UPI,Paid,79.27
704637,505559,Card,Paid,285.6
704638,505560,Card,Paid,259.34
704639,505561,Cash,Paid,158.52
704640,505563,Cash,Paid,149.23
704641,505565,UPI,Paid,115.12
704642,505566,UPI,Paid,94.54
704643,505567,UPI,Paid,154.85
704644,505568,Card,Failed,115.64
704645,505570,Card,Paid,52.79
704646,505571,Cash,Paid,59.68
704647,505572,UPI,Paid,65.39
704648,505573,Card,Paid,54.98
704649,505574,Cash,Paid,62.54
704650,505575,Card,Paid,37.1
704651,505577,Card,Paid,124.39
704652,505578,UPI,Paid,57.99
704653,505579,Card,Paid,98.95
704654,505580,UPI,Paid,156.0
704655,505581,UPI,Paid,127.94
704656,505582,Card,Paid,77.39
704657,505583,UPI,Paid,82.05
704658,505584,Cash,Paid,141.08
704659,505585,UPI,Paid,171.71
704660,505587,UPI,Paid,104.07
704661,505588,Cash,Paid,71.25
704662,505590,Card,Paid,122.29
704663,505591,UPI,Paid,62.88
704664,505592,Card,Paid,90.88
704665,505594,UPI,Paid,224.63
704666,505595,UPI,Paid,75.3
704667,505596,UPI,Paid,35.0
704668,505597,UPI,Paid,290.32
704669,505598,Card,Paid,112.48
704670,505599,Cash,Paid,430.28
704671,505600,Cash,Paid,276.88
704672,505601,Cash,Paid,48.27
704673,505602,Cash,Paid,57.12
704674,505603,UPI,Paid,133.4
704675,505604,Wallet,Paid,116.99
704676,505605,Cash,Paid,99.98
704677,505607,UPI,Paid,44.94
704678,505608,UPI,Paid,78.59
704679,505609,Card,Paid,102.68
704680,505610,Cash,Paid,153.29
704681,505611,Card,Paid,35.0
704682,505613,UPI,Paid,63.73
704683,505614,UPI,Paid,94.9
704684,505615,Card,Paid,132.05
704685,505616,UPI,Paid,131.41
704686,505618,UPI,Paid,328.49
704687,505619,UPI,Paid,203.23
704688,505620,Card,Paid,137.52
704689,505621,Cash,Paid,185.5
704690,505622,Cash,Paid,225.81
704691,505624,Cash,Paid,155.51
704692,505626,UPI,Paid,160.23
704693,505627,UPI,Paid,73.29
704694,505628,UPI,Paid,70.87
704695,505629,Card,Paid,122.01
704696,505630,Wallet,Paid,75.42
704697,505631,Card,Paid,98.84
704698,505633,UPI,Paid,132.33
704699,505634,UPI,Paid,147.36
704700,505635,Wallet,Paid,312.03
704701,505636,Card,Paid,203.44
704702,505637,Card,Paid,77.85
704703,505638,UPI,Paid,128.9
704704,505639,UPI,Paid,146.28
704705,505640,Card,Paid,128.52
704706,505642,Cash,Paid,61.19
704707,505643,UPI,Paid,96.14
704708,505644,UPI,Paid,69.99
704709,505645,UPI,Paid,43.82
704710,505646,Cash,Paid,116.02
704711,505650,Card,Paid,98.07
704712,505651,UPI,Paid,329.95
704713,505652,Card,Paid,83.92
704714,505654,UPI,Paid,70.33
704715,505655,UPI,Paid,87.55
704716,505656,Cash,Paid,81.77
704717,505658,UPI,Paid,62.0
704718,505659,UPI,Paid,169.38
704719,505660,Card,Paid,141.53
704720,505661,Card,Paid,109.28
704721,505662,UPI,Paid,65.51
704722,505664,Cash,Paid,151.81
704723,505665,Card,Paid,82.69
704724,505667,Wallet,Paid,99.45
704725,505668,Cash,Paid,144.83
704726,505669,UPI,Paid,214.75
704727,505670,Card,Failed,394.48
704728,505671,UPI,Paid,53.56
704729,505672,Card,Paid,68.02
704730,505674,Cash,Paid,229.32
704731,505675,Card,Paid,235.72
704732,505676,Cash,Paid,41.24
704733,505678,Cash,Paid,252.63
704734,505679,Card,Paid,95.77
704735,505680,UPI,Paid,139.01
704736,505681,UPI,Paid,387.69
704737,505682,UPI,Paid,125.16
704738,505684,UPI,Paid,196.85
704739,505685,UPI,Paid,83.53
704740,505686,Card,Paid,190.55
704741,505687,Cash,Paid,173.37
704742,505689,Card,Paid,106.81
704743,505690,UPI,Paid,35.0
704744,505691,Card,Paid,85.34
704745,505692,UPI,Paid,53.53
704746,505693,Cash,Paid,35.0
704747,505694,UPI,Paid,76.2
704748,505695,Card,Paid,59.39
704749,505696,Card,Paid,149.25
704750,505698,UPI,Paid,70.59
704751,505699,Card,Paid,94.52
704752,505700,UPI,Paid,148.58
704753,505701,UPI,Paid,114.02
704754,505702,Wallet,Paid,294.38
704755,505703,UPI,Paid,116.28
704756,505704,Card,Paid,159.96
704757,505705,UPI,Paid,147.77
704758,505707,Cash,Paid,134.92
704759,505709,UPI,Paid,66.79
704760,505710,Card,Paid,41.27
704761,505711,UPI,Paid,96.07
704762,505712,UPI,Paid,35.05
704763,505714,Wallet,Paid,133.09
704764,505715,UPI,Paid,160.48
704765,505716,UPI,Paid,71.14
704766,505717,Card,Paid,139.46
704767,505718,Cash,Paid,92.92
704768,505719,UPI,Paid,82.79
704769,505720,UPI,Paid,63.79
704770,505721,UPI,Paid,186.75
704771,505722,UPI,Paid,56.18
704772,505724,Cash,Paid,41.02
704773,505725,UPI,Paid,153.85
704774,505726,UPI,Paid,42.7
704775,505727,Cash,Paid,96.28
704776,505728,Card,Failed,165.22
704777,505729,Card,Paid,86.85
704778,505730,UPI,Paid,46.89
704779,505732,UPI,Paid,134.2
704780,505733,Card,Paid,136.37
704781,505734,Cash,Paid,226.49
704782,505735,UPI,Failed,90.96
704783,505736,UPI,Paid,127.07
704784,505737,Card,Paid,67.05
704785,505738,Cash,Paid,135.66
704786,505740,Card,Paid,91.52
704787,505741,UPI,Paid,288.12
704788,505742,UPI,Paid,163.94
704789,505743,UPI,Paid,246.95
704790,505745,UPI,Paid,109.17
704791,505747,UPI,Paid,113.66
704792,505748,Card,Paid,35.0
704793,505749,Card,Paid,74.22
704794,505750,UPI,Paid,35.0
704795,505751,UPI,Paid,169.49
704796,505752,Wallet,Paid,91.14
704797,505753,UPI,Paid,97.51
704798,505754,Cash,Paid,197.25
704799,505755,Cash,Paid,109.74
704800,505756,UPI,Paid,103.61
704801,505757,UPI,Paid,187.26
704802,505758,UPI,Paid,96.12
704803,505759,Cash,Paid,42.11
704804,505760,UPI,Paid,98.65
704805,505761,Card,Paid,206.83
704806,505762,Card,Paid,41.65
704807,505763,UPI,Paid,105.04
704808,505764,Cash,Paid,135.36
704809,505765,Cash,Paid,35.0
704810,505767,UPI,Paid,35.0
704811,505768,Card,Paid,87.31
704812,505769,Card,Paid,164.27
704813,505770,UPI,Paid,245.07
704814,505771,UPI,Paid,78.81
704815,505772,Wallet,Paid,212.23
704816,505773,Card,Paid,126.6
704817,505774,Card,Paid,238.55
704818,505775,Cash,Paid,88.86
704819,505776,UPI,Paid,160.03
704820,505777,Cash,Paid,335.81
704821,505778,Cash,Paid,71.31
704822,505779,UPI,Paid,133.47
704823,505780,UPI,Paid,36.35
704824,505781,UPI,Paid,178.54
704825,505782,UPI,Paid,43.28
704826,505783,Wallet,Paid,62.54
704827,505784,Card,Paid,228.16
704828,505787,UPI,Paid,76.36
704829,505788,Cash,Paid,78.49
704830,505789,Card,Paid,377.93
704831,505790,Cash,Paid,148.04
704832,505791,Card,Paid,56.33
704833,505792,UPI,Paid,125.85
704834,505793,Card,Paid,71.13
704835,505794,UPI,Paid,35.0
704836,505795,UPI,Paid,162.31
704837,505796,Card,Paid,141.31
704838,505797,UPI,Paid,55.28
704839,505798,UPI,Paid,59.11
704840,505799,Card,Paid,258.35
704841,505800,Cash,Paid,119.47
704842,505801,Cash,Paid,93.47
704843,505802,UPI,Paid,82.54
704844,505803,Card,Paid,85.29
704845,505804,Cash,Paid,104.87
704846,505806,UPI,Paid,110.99
704847,505807,UPI,Paid,39.89
704848,505808,UPI,Paid,88.17
704849,505809,Card,Paid,124.6
704850,505810,UPI,Paid,245.26
704851,505811,UPI,Paid,99.17
704852,505812,Cash,Paid,208.4
704853,505813,Cash,Paid,153.38
704854,505814,UPI,Paid,70.06
704855,505815,Cash,Paid,50.69
704856,505817,Cash,Paid,116.14
704857,505818,Card,Paid,86.42
704858,505819,UPI,Paid,85.83
704859,505820,Card,Paid,145.18
704860,505821,UPI,Paid,41.68
704861,505822,Card,Paid,70.42
704862,505823,Wallet,Paid,282.2
704863,505824,UPI,Paid,82.78
704864,505825,Cash,Paid,122.81
704865,505826,Card,Paid,64.01
704866,505827,UPI,Paid,606.82
704867,505828,Card,Paid,106.26
704868,505829,Wallet,Paid,204.57
704869,505830,Card,Paid,156.84
704870,505831,Cash,Paid,243.05
704871,505833,UPI,Paid,167.98
704872,505834,Card,Paid,162.06
704873,505835,Cash,Paid,167.0
704874,505837,Cash,Paid,132.28
704875,505838,UPI,Paid,97.78
704876,505840,UPI,Paid,341.71
704877,505841,UPI,Paid,71.49
704878,505842,Cash,Paid,114.7
704879,505843,Card,Failed,90.48
704880,505844,Cash,Paid,151.79
704881,505845,Cash,Paid,64.09
704882,505846,UPI,Paid,196.86
704883,505847,Cash,Paid,82.75
704884,505848,UPI,Paid,90.91
704885,505849,Card,Paid,83.33
704886,505851,UPI,Paid,108.86
704887,505852,UPI,Paid,67.89
704888,505854,UPI,Paid,178.71
704889,505855,UPI,Paid,254.01
704890,505856,Card,Paid,255.27
704891,505858,UPI,Paid,89.33
704892,505860,UPI,Paid,269.28
704893,505861,UPI,Paid,208.54
704894,505863,UPI,Paid,35.0
704895,505864,UPI,Paid,75.47
704896,505865,Card,Paid,69.78
704897,505867,UPI,Paid,95.03
704898,505868,UPI,Paid,81.52
704899,505869,UPI,Paid,82.5
704900,505872,UPI,Paid,75.38
704901,505873,UPI,Paid,49.52
704902,505874,UPI,Paid,322.48
704903,505875,UPI,Paid,47.3
704904,505877,UPI,Paid,157.12
704905,505878,UPI,Paid,90.56
704906,505879,UPI,Paid,123.18
704907,505880,UPI,Paid,134.21
704908,505881,Cash,Paid,116.71
704909,505883,UPI,Paid,96.51
704910,505884,Cash,Paid,83.93
704911,505885,Card,Paid,107.49
704912,505886,Cash,Paid,178.33
704913,505887,Card,Paid,153.31
704914,505888,Cash,Failed,88.94
704915,505889,UPI,Paid,95.06
704916,505891,Card,Paid,46.44
704917,505893,UPI,Paid,83.08
704918,505894,UPI,Paid,54.98
704919,505895,UPI,Paid,164.85
704920,505896,UPI,Paid,79.23
704921,505897,Card,Paid,196.25
704922,505898,Cash,Paid,52.69
704923,505899,Card,Paid,226.79
704924,505901,UPI,Paid,148.38
704925,505902,Cash,Paid,136.29
704926,505903,UPI,Paid,120.09
704927,505904,Cash,Paid,138.52
704928,505905,Cash,Paid,86.83
704929,505906,Cash,Paid,291.38
704930,505910,Cash,Paid,108.4
704931,505911,UPI,Paid,158.89
704932,505912,UPI,Paid,53.75
704933,505914,UPI,Paid,133.12
704934,505915,Wallet,Paid,246.04
704935,505916,UPI,Paid,56.74
704936,505917,UPI,Failed,125.16
704937,505918,Cash,Paid,117.43
704938,505921,UPI,Paid,63.04
704939,505922,UPI,Paid,241.74
704940,505923,UPI,Paid,86.46
704941,505924,UPI,Paid,112.95
704942,505925,Cash,Paid,92.5
704943,505926,Cash,Paid,64.46
704944,505928,UPI,Paid,98.08
704945,505930,Card,Paid,103.02
704946,505931,Cash,Paid,47.11
704947,505932,UPI,Paid,56.02
704948,505933,Cash,Paid,43.61
704949,505934,Card,Paid,158.51
704950,505935,UPI,Paid,43.71
704951,505936,Cash,Paid,157.0
704952,505937,UPI,Paid,140.6
704953,505938,Cash,Paid,42.54
704954,505939,UPI,Paid,145.0
704955,505941,UPI,Paid,195.69
704956,505942,UPI,Paid,84.16
704957,505944,UPI,Paid,158.26
704958,505945,Card,Paid,131.83
704959,505946,UPI,Paid,68.37
704960,505948,UPI,Paid,41.27
704961,505949,UPI,Paid,159.63
704962,505950,Card,Paid,70.23
704963,505951,Card,Paid,230.37
704964,505952,Card,Paid,229.82
704965,505954,UPI,Paid,87.22
704966,505955,Card,Paid,391.22
704967,505956,UPI,Paid,47.81
704968,505957,UPI,Paid,83.31
704969,505958,Card,Paid,93.72
704970,505959,Cash,Paid,94.23
704971,505960,UPI,Paid,107.18
704972,505961,UPI,Paid,108.29
704973,505962,UPI,Paid,224.46
704974,505963,Wallet,Paid,66.12
704975,505964,Cash,Failed,252.62
704976,505965,Card,Paid,316.25
704977,505966,Card,Paid,64.76
704978,505967,UPI,Paid,207.14
704979,505969,UPI,Paid,56.61
704980,505970,UPI,Paid,185.75
704981,505971,UPI,Paid,68.5
704982,505972,Card,Paid,108.45
704983,505973,UPI,Paid,161.92
704984,505974,UPI,Paid,259.05
704985,505975,UPI,Paid,208.48
704986,505976,Card,Paid,169.83
704987,505977,UPI,Paid,59.71
704988,505978,Card,Paid,98.49
704989,505979,UPI,Paid,80.98
704990,505980,UPI,Paid,95.99
704991,505981,Cash,Paid,191.01
704992,505982,Cash,Paid,182.67
704993,505983,Wallet,Paid,260.9
704994,505984,Card,Paid,121.52
704995,505985,Card,Paid,76.39
704996,505986,UPI,Paid,68.24
704997,505987,UPI,Paid,35.0
704998,505988,UPI,Paid,35.0
704999,505989,UPI,Paid,170.46
705000,505990,UPI,Paid,382.64
705001,505991,UPI,Paid,252.05
705002,505992,UPI,Paid,99.49
705003,505993,UPI,Paid,65.57
705004,505994,UPI,Paid,156.14
705005,505996,UPI,Paid,118.64
705006,505997,UPI,Paid,335.0
705007,505998,Card,Paid,377.02
705008,505999,UPI,Paid,90.71
705009,506000,UPI,Paid,127.93
705010,506002,Cash,Paid,112.56
705011,506003,Cash,Paid,102.98
705012,506004,UPI,Paid,183.36
705013,506005,UPI,Paid,158.89
705014,506008,Card,Paid,91.36
705015,506009,UPI,Paid,193.14
705016,506012,Card,Paid,35.0
705017,506013,UPI,Paid,80.8
705018,506014,UPI,Paid,104.84
705019,506015,UPI,Paid,70.68
705020,506016,UPI,Paid,84.66
705021,506017,UPI,Paid,74.89
705022,506018,Card,Paid,97.5
705023,506020,UPI,Paid,187.72
705024,506021,Cash,Paid,197.24
705025,506022,UPI,Paid,237.79
705026,506023,Cash,Paid,131.3
705027,506024,UPI,Paid,107.42
705028,506026,UPI,Paid,71.36
705029,506028,UPI,Paid,35.69
705030,506029,Cash,Paid,140.99
705031,506030,Cash,Paid,159.93
705032,506031,Card,Paid,91.32
705033,506032,Cash,Paid,115.86
705034,506033,Wallet,Paid,154.76
705035,506034,UPI,Paid,106.02
705036,506035,UPI,Paid,235.01
705037,506037,Cash,Paid,124.12
705038,506038,UPI,Paid,51.7
705039,506040,UPI,Paid,49.66
705040,506041,UPI,Paid,132.66
705041,506042,Card,Paid,97.51
705042,506043,Wallet,Paid,35.0
705043,506044,UPI,Paid,156.09
705044,506046,UPI,Paid,402.98
705045,506047,Wallet,Paid,138.37
705046,506048,Card,Paid,56.94
705047,506049,UPI,Paid,203.09
705048,506050,Wallet,Paid,96.77
705049,506052,UPI,Paid,69.46
705050,506053,Card,Paid,113.89
705051,506054,Cash,Paid,94.09
705052,506055,UPI,Paid,264.09
705053,506056,Card,Paid,77.73
705054,506057,Wallet,Paid,251.1
705055,506058,Cash,Paid,240.4
705056,506059,Card,Paid,169.05
705057,506060,Cash,Paid,35.0
705058,506061,UPI,Paid,163.77
705059,506062,Cash,Paid,103.51
705060,506063,UPI,Paid,71.91
705061,506064,UPI,Paid,108.13
705062,506065,Card,Paid,142.4
705063,506066,UPI,Paid,134.71
705064,506067,UPI,Paid,58.11
705065,506068,Card,Paid,87.73
705066,506069,Cash,Paid,54.14
705067,506070,Wallet,Paid,75.55
705068,506072,Card,Paid,152.91
705069,506073,UPI,Paid,52.06
705070,506076,Card,Paid,189.47
705071,506077,UPI,Paid,132.85
705072,506078,Card,Paid,35.0
705073,506079,UPI,Paid,35.0
705074,506080,UPI,Paid,78.32
705075,506081,UPI,Paid,76.72
705076,506082,UPI,Paid,38.37
705077,506083,Card,Paid,193.77
705078,506084,Card,Paid,277.36
705079,506085,UPI,Paid,65.89
705080,506087,UPI,Paid,141.83
705081,506088,Wallet,Paid,75.69
705082,506089,Card,Paid,108.92
705083,506090,Cash,Paid,110.77
705084,506091,Cash,Paid,173.37
705085,506092,Card,Paid,44.95
705086,506095,Card,Paid,215.52
705087,506096,Card,Paid,59.3
705088,506097,Card,Paid,35.0
705089,506098,Card,Paid,141.94
705090,506099,Wallet,Paid,156.75
705091,506100,Card,Paid,101.06
705092,506101,UPI,Paid,60.49
705093,506102,UPI,Paid,68.46
705094,506103,Cash,Paid,47.15
705095,506104,Cash,Paid,74.16
705096,506105,UPI,Paid,75.65
705097,506106,Cash,Paid,181.45
705098,506107,Card,Paid,64.29
705099,506108,Cash,Paid,251.71
705100,506109,UPI,Paid,220.2
705101,506110,UPI,Paid,39.02
705102,506111,UPI,Paid,43.37
705103,506112,Cash,Paid,65.97
705104,506113,UPI,Paid,101.59
705105,506116,UPI,Paid,115.69
705106,506119,UPI,Paid,42.48
705107,506120,UPI,Paid,74.04
705108,506121,UPI,Paid,139.02
705109,506123,Card,Paid,76.53
705110,506124,UPI,Paid,111.28
705111,506125,Cash,Paid,69.4
705112,506127,Wallet,Paid,66.22
705113,506128,Cash,Paid,69.93
705114,506129,UPI,Paid,112.61
705115,506130,Cash,Paid,159.43
705116,506131,Card,Paid,181.88
705117,506132,Cash,Paid,296.11
705118,506133,UPI,Paid,95.72
705119,506134,Cash,Paid,47.01
705120,506135,UPI,Paid,109.75
705121,506136,Card,Paid,272.91
705122,506138,UPI,Paid,111.63
705123,506139,Cash,Paid,119.0
705124,506140,Card,Paid,179.25
705125,506143,UPI,Paid,101.15
705126,506144,Card,Paid,209.44
705127,506145,Card,Paid,192.42
705128,506146,UPI,Paid,218.95
705129,506147,Cash,Paid,84.64
705130,506148,UPI,Paid,95.05
705131,506149,UPI,Paid,76.6
705132,506150,Card,Paid,72.08
705133,506151,UPI,Paid,171.48
705134,506152,Card,Paid,133.36
705135,506153,UPI,Paid,254.1
705136,506154,UPI,Paid,37.32
705137,506156,UPI,Paid,142.67
705138,506157,UPI,Paid,35.0
705139,506158,Cash,Paid,52.75
705140,506159,UPI,Paid,118.55
705141,506160,Cash,Paid,65.77
705142,506162,UPI,Failed,157.52
705143,506163,UPI,Paid,360.64
705144,506164,UPI,Paid,112.31
705145,506165,Card,Paid,35.0
705146,506166,UPI,Paid,48.24
705147,506167,UPI,Paid,99.09
705148,506168,Cash,Paid,46.32
705149,506169,UPI,Paid,160.94
705150,506170,UPI,Failed,35.0
705151,506171,Card,Paid,72.25
705152,506172,UPI,Paid,88.44
705153,506174,Card,Paid,66.77
705154,506175,Card,Paid,70.23
705155,506176,UPI,Failed,79.76
705156,506177,Cash,Paid,167.6
705157,506178,Card,Paid,113.14
705158,506179,Card,Paid,95.96
705159,506180,Card,Paid,92.27
705160,506181,UPI,Paid,79.59
705161,506182,UPI,Paid,115.8
705162,506183,UPI,Paid,99.79
705163,506184,Card,Paid,82.64
705164,506185,UPI,Paid,76.62
705165,506187,Card,Paid,57.6
705166,506188,UPI,Paid,35.0
705167,506189,UPI,Paid,91.6
705168,506191,UPI,Paid,78.97
705169,506192,Cash,Paid,232.81
705170,506193,UPI,Paid,80.16
705171,506194,UPI,Paid,43.51
705172,506195,UPI,Paid,122.87
705173,506196,Card,Paid,240.28
705174,506197,Card,Paid,148.74
705175,506198,Card,Paid,119.18
705176,506199,Cash,Paid,220.46
705177,506201,UPI,Paid,79.01
705178,506202,Cash,Paid,113.18
705179,506203,Wallet,Paid,561.05
705180,506204,UPI,Paid,41.02
705181,506205,UPI,Paid,190.77
705182,506206,UPI,Paid,41.29
705183,506207,UPI,Failed,106.84
705184,506208,UPI,Paid,51.45
705185,506209,Card,Paid,94.12
705186,506211,UPI,Paid,124.05
705187,506212,UPI,Paid,226.39
705188,506214,Cash,Paid,94.71
705189,506215,Cash,Paid,40.68
705190,506216,UPI,Paid,174.48
705191,506217,UPI,Paid,131.26
705192,506219,UPI,Paid,182.95
705193,506220,Wallet,Paid,113.84
705194,506221,Cash,Paid,35.0
705195,506222,UPI,Paid,192.79
705196,506223,Card,Paid,130.95
705197,506225,UPI,Paid,383.2
705198,506226,UPI,Paid,95.31
705199,506228,UPI,Paid,43.94
705200,506229,UPI,Paid,110.2
705201,506230,UPI,Paid,139.76
705202,506232,Cash,Paid,121.31
705203,506233,UPI,Paid,76.5
705204,506234,Card,Paid,152.82
705205,506235,Cash,Paid,352.21
705206,506236,Card,Paid,73.78
705207,506238,Card,Paid,168.02
705208,506239,UPI,Paid,212.12
705209,506241,Card,Paid,151.92
705210,506244,Cash,Paid,116.24
705211,506245,Cash,Paid,129.75
705212,506246,UPI,Paid,123.65
705213,506247,Card,Paid,196.05
705214,506248,Cash,Paid,182.6
705215,506249,Card,Paid,110.77
705216,506250,Card,Paid,122.72
705217,506251,UPI,Paid,199.27
705218,506252,UPI,Paid,172.5
705219,506253,Card,Paid,117.19
705220,506254,UPI,Paid,115.47
705221,506255,UPI,Paid,55.41
705222,506256,Cash,Paid,133.65
705223,506257,UPI,Paid,62.97
705224,506258,Card,Paid,80.9
705225,506259,UPI,Paid,47.56
705226,506262,UPI,Paid,43.37
705227,506263,Cash,Paid,89.04
705228,506265,Cash,Paid,96.69
705229,506267,UPI,Paid,49.36
705230,506270,UPI,Paid,150.36
705231,506271,UPI,Paid,68.7
705232,506272,Cash,Paid,80.51
705233,506273,UPI,Paid,133.32
705234,506274,Card,Paid,292.51
705235,506275,Cash,Paid,113.47
705236,506277,UPI,Paid,108.65
705237,506279,Cash,Paid,188.97
705238,506281,Cash,Paid,267.17
705239,506282,Wallet,Paid,92.78
705240,506283,Wallet,Paid,134.46
705241,506284,UPI,Paid,140.85
705242,506285,UPI,Paid,35.0
705243,506286,Wallet,Paid,63.03
705244,506287,Cash,Paid,35.0
705245,506288,UPI,Paid,74.01
705246,506289,Cash,Paid,199.68
705247,506291,UPI,Paid,54.35
705248,506292,Cash,Paid,35.0
705249,506293,UPI,Paid,169.46
705250,506294,Cash,Paid,138.22
705251,506295,UPI,Paid,55.04
705252,506296,Card,Paid,48.96
705253,506297,UPI,Paid,43.24
705254,506298,Cash,Paid,75.3
705255,506299,Cash,Paid,83.35
705256,506300,Card,Paid,275.33
705257,506301,Cash,Paid,74.73
705258,506302,UPI,Paid,256.34
705259,506303,Card,Paid,90.83
705260,506306,UPI,Paid,126.12
705261,506307,UPI,Paid,116.76
705262,506308,UPI,Paid,235.05
705263,506309,Card,Paid,61.5
705264,506310,UPI,Paid,86.42
705265,506311,UPI,Paid,92.78
705266,506312,Card,Paid,184.06
705267,506314,Card,Paid,232.7
705268,506315,Card,Paid,247.01
705269,506316,UPI,Paid,35.0
705270,506317,UPI,Paid,41.59
705271,506318,UPI,Paid,183.37
705272,506319,Card,Paid,431.36
705273,506320,UPI,Paid,183.73
705274,506321,UPI,Paid,174.09
705275,506322,Cash,Paid,202.8
705276,506323,Wallet,Paid,397.2
705277,506324,Wallet,Paid,80.27
705278,506325,Cash,Paid,35.0
705279,506326,Cash,Paid,231.77
705280,506327,Card,Paid,172.08
705281,506328,Card,Paid,120.43
705282,506330,Card,Paid,106.02
705283,506332,UPI,Paid,93.3
705284,506333,Cash,Paid,62.62
705285,506334,UPI,Paid,251.86
705286,506335,Card,Paid,189.71
705287,506336,Card,Paid,124.67
705288,506337,UPI,Paid,231.77
705289,506338,UPI,Paid,97.52
705290,506339,UPI,Paid,116.78
705291,506340,UPI,Paid,72.67
705292,506341,Wallet,Paid,48.44
705293,506342,UPI,Paid,35.0
705294,506343,Cash,Paid,84.37
705295,506345,UPI,Paid,51.17
705296,506346,UPI,Paid,40.79
705297,506347,UPI,Paid,273.6
705298,506348,UPI,Paid,112.48
705299,506349,UPI,Paid,83.08
705300,506350,UPI,Paid,114.12
705301,506351,UPI,Paid,115.19
705302,506352,UPI,Paid,128.81
705303,506353,UPI,Paid,148.21
705304,506354,Wallet,Paid,98.19
705305,506355,UPI,Paid,100.23
705306,506356,UPI,Paid,166.58
705307,506358,UPI,Paid,35.0
705308,506359,Card,Paid,79.95
705309,506360,UPI,Paid,73.72
705310,506361,Cash,Paid,47.75
705311,506364,Wallet,Failed,101.64
705312,506366,Card,Paid,52.75
705313,506367,Wallet,Paid,327.44
705314,506368,UPI,Paid,73.29
705315,506369,Cash,Paid,53.07
705316,506370,Card,Paid,232.89
705317,506371,Card,Paid,55.55
705318,506372,UPI,Paid,71.91
705319,506374,UPI,Paid,81.22
705320,506376,Card,Paid,142.42
705321,506377,Wallet,Paid,157.55
705322,506379,Cash,Paid,68.05
705323,506380,UPI,Paid,50.01
705324,506381,UPI,Paid,63.05
705325,506382,Card,Paid,133.49
705326,506384,UPI,Paid,81.9
705327,506385,UPI,Paid,196.8
705328,506386,Cash,Paid,38.13
705329,506387,UPI,Paid,121.75
705330,506388,UPI,Paid,48.13
705331,506391,Card,Failed,35.0
705332,506393,Card,Paid,151.09
705333,506394,UPI,Paid,317.36
705334,506395,UPI,Paid,406.16
705335,506396,UPI,Paid,66.37
705336,506398,Cash,Paid,283.83
705337,506399,Wallet,Paid,205.01
705338,506400,Wallet,Paid,207.78
705339,506401,Cash,Paid,51.47
705340,506402,Card,Paid,245.81
705341,506403,Cash,Paid,147.42
705342,506404,Card,Paid,57.6
705343,506405,UPI,Paid,59.02
705344,506407,Cash,Paid,171.48
705345,506408,UPI,Paid,47.07
705346,506409,Cash,Paid,120.54
705347,506410,UPI,Paid,145.2
705348,506411,UPI,Paid,365.2
705349,506412,UPI,Paid,118.62
705350,506414,UPI,Paid,101.89
705351,506415,UPI,Paid,118.81
705352,506418,Card,Paid,291.96
705353,506419,Cash,Paid,102.66
705354,506421,UPI,Paid,103.9
705355,506422,UPI,Paid,88.77
705356,506423,Cash,Paid,231.2
705357,506424,UPI,Paid,120.07
705358,506425,UPI,Paid,186.36
705359,506426,UPI,Paid,93.7
705360,506427,UPI,Paid,38.45
705361,506428,Card,Paid,111.45
705362,506429,UPI,Paid,46.39
705363,506430,Wallet,Paid,160.36
705364,506431,Card,Paid,56.14
705365,506432,UPI,Paid,133.73
705366,506433,Card,Paid,100.47
705367,506434,Card,Paid,131.86
705368,506435,Card,Paid,197.43
705369,506436,UPI,Paid,40.97
705370,506437,UPI,Paid,67.47
705371,506438,UPI,Paid,35.0
705372,506439,UPI,Paid,113.6
705373,506441,Wallet,Paid,108.66
705374,506443,UPI,Paid,48.19
705375,506444,Card,Paid,118.87
705376,506445,Card,Paid,35.73
705377,506446,UPI,Paid,95.01
705378,506447,Card,Paid,35.0
705379,506448,UPI,Paid,93.94
705380,506449,UPI,Paid,48.77
705381,506453,Cash,Paid,84.64
705382,506454,UPI,Paid,94.95
705383,506455,Cash,Paid,127.28
705384,506456,UPI,Paid,51.54
705385,506458,Wallet,Paid,100.82
705386,506459,UPI,Paid,54.23
705387,506460,Card,Paid,35.0
705388,506461,UPI,Paid,99.37
705389,506462,Cash,Paid,88.18
705390,506463,UPI,Paid,275.66
705391,506464,UPI,Paid,257.14
705392,506465,UPI,Paid,100.27
705393,506466,Cash,Paid,102.66
705394,506467,Card,Paid,251.33
705395,506468,Cash,Paid,138.03
705396,506469,UPI,Paid,207.06
705397,506470,Cash,Paid,127.74
705398,506471,Cash,Paid,72.4
705399,506472,UPI,Paid,49.4
705400,506473,Wallet,Paid,412.28
705401,506474,Wallet,Paid,97.89
705402,506477,Wallet,Paid,188.48
705403,506478,Card,Paid,81.51
705404,506479,Wallet,Paid,162.37
705405,506480,Wallet,Paid,37.98
705406,506483,UPI,Paid,171.88
705407,506485,Card,Paid,182.04
705408,506486,Card,Paid,69.99
705409,506487,UPI,Paid,172.6
705410,506488,Card,Paid,35.0
705411,506489,Card,Paid,142.98
705412,506490,UPI,Paid,194.35
705413,506491,Cash,Paid,270.64
705414,506492,UPI,Paid,87.81
705415,506495,Cash,Paid,62.97
705416,506496,Cash,Paid,35.0
705417,506497,Cash,Paid,113.18
705418,506498,UPI,Paid,190.04
705419,506499,UPI,Paid,243.21
705420,506501,UPI,Paid,102.38
705421,506502,UPI,Paid,35.0
705422,506503,UPI,Paid,111.74
705423,506504,Cash,Paid,156.18
705424,506505,UPI,Paid,81.13
705425,506506,Cash,Paid,73.53
705426,506507,UPI,Paid,365.39
705427,506508,UPI,Paid,66.55
705428,506509,Cash,Paid,36.69
705429,506511,UPI,Paid,120.21
705430,506512,UPI,Paid,92.93
705431,506513,Cash,Paid,81.78
705432,506514,UPI,Paid,220.45
705433,506515,UPI,Paid,119.61
705434,506516,Card,Paid,85.45
705435,506517,UPI,Paid,71.13
705436,506518,UPI,Paid,84.28
705437,506519,UPI,Paid,498.22
705438,506523,Card,Paid,145.98
705439,506524,UPI,Paid,108.38
705440,506525,UPI,Paid,98.34
705441,506526,UPI,Paid,96.6
705442,506527,Card,Paid,120.47
705443,506528,Wallet,Paid,191.89
705444,506529,Card,Paid,131.6
705445,506530,Cash,Paid,320.97
705446,506531,Card,Paid,52.42
705447,506533,UPI,Failed,214.11
705448,506534,Card,Paid,88.99
705449,506535,Cash,Paid,70.65
705450,506536,Wallet,Paid,80.05
705451,506537,UPI,Paid,86.2
705452,506538,UPI,Paid,55.57
705453,506539,UPI,Paid,131.58
705454,506540,Card,Paid,116.39
705455,506541,UPI,Paid,107.35
705456,506542,UPI,Paid,88.84
705457,506545,Cash,Paid,61.12
705458,506546,Cash,Paid,150.66
705459,506547,Cash,Paid,224.72
705460,506549,UPI,Paid,138.62
705461,506550,UPI,Paid,66.26
705462,506551,UPI,Paid,123.47
705463,506553,Card,Paid,200.81
705464,506554,UPI,Paid,89.68
705465,506556,Cash,Paid,118.8
705466,506557,UPI,Paid,110.85
705467,506558,UPI,Paid,129.39
705468,506559,UPI,Paid,132.98
705469,506560,UPI,Paid,104.63
705470,506561,Cash,Paid,91.62
705471,506563,Wallet,Paid,74.92
705472,506564,UPI,Paid,201.24
705473,506565,Cash,Paid,230.85
705474,506566,UPI,Paid,35.0
705475,506567,UPI,Paid,192.56
705476,506568,Cash,Paid,168.01
705477,506569,Card,Paid,90.33
705478,506570,Card,Paid,352.59
705479,506571,UPI,Paid,262.98
705480,506572,UPI,Paid,131.86
705481,506573,Wallet,Paid,474.74
705482,506574,UPI,Paid,72.13
705483,506575,Wallet,Paid,153.29
705484,506576,Cash,Paid,64.35
705485,506578,Wallet,Paid,419.22
705486,506579,Card,Paid,72.23
705487,506580,Card,Paid,71.1
705488,506581,UPI,Paid,63.1
705489,506582,UPI,Paid,137.43
705490,506583,UPI,Paid,110.53
705491,506584,UPI,Paid,63.78
705492,506585,Wallet,Paid,94.34
705493,506586,UPI,Paid,177.26
705494,506587,UPI,Paid,68.71
705495,506588,Cash,Paid,82.87
705496,506589,UPI,Paid,89.22
705497,506590,Cash,Paid,80.99
705498,506591,UPI,Paid,146.42
705499,506592,Cash,Paid,35.0
705500,506593,UPI,Paid,237.7
705501,506594,Card,Paid,53.31
705502,506595,Card,Paid,332.75
705503,506597,UPI,Paid,62.04
705504,506598,UPI,Paid,47.69
705505,506599,Card,Paid,104.0
705506,506600,Card,Paid,106.78
705507,506601,Wallet,Paid,88.97
705508,506602,UPI,Paid,170.26
705509,506603,Card,Paid,61.79
705510,506604,UPI,Paid,129.72
705511,506605,Card,Paid,100.2
705512,506606,UPI,Paid,162.26
705513,506607,UPI,Paid,37.98
705514,506608,UPI,Paid,159.14
705515,506609,UPI,Paid,195.43
705516,506610,UPI,Paid,118.25
705517,506613,Cash,Paid,140.45
705518,506614,UPI,Paid,48.56
705519,506615,Card,Paid,90.51
705520,506616,Cash,Paid,180.2
705521,506617,Cash,Paid,138.66
705522,506618,Card,Paid,107.37
705523,506619,UPI,Paid,231.85
705524,506620,UPI,Paid,78.72
705525,506621,Wallet,Paid,107.0
705526,506622,UPI,Paid,135.93
705527,506623,UPI,Paid,71.42
705528,506624,Wallet,Paid,75.7
705529,506626,Card,Paid,136.27
705530,506627,UPI,Paid,123.63
705531,506628,Card,Paid,143.38
705532,506629,Cash,Paid,83.1
705533,506630,UPI,Paid,79.66
705534,506631,UPI,Paid,167.59
705535,506632,UPI,Paid,108.96
705536,506633,Card,Paid,85.43
705537,506634,Wallet,Paid,58.41
705538,506635,Card,Paid,81.89
705539,506636,UPI,Paid,80.4
705540,506637,UPI,Paid,184.88
705541,506638,UPI,Paid,181.08
705542,506639,UPI,Paid,88.3
705543,506640,Cash,Paid,71.16
705544,506641,Wallet,Paid,143.58
705545,506642,Cash,Paid,262.61
705546,506644,UPI,Paid,104.63
705547,506645,Card,Paid,125.96
705548,506646,Card,Paid,163.33
705549,506647,UPI,Paid,211.18
705550,506650,UPI,Paid,189.66
705551,506651,UPI,Paid,89.25
705552,506652,UPI,Paid,79.1
705553,506653,UPI,Failed,66.85
705554,506654,UPI,Paid,91.53
705555,506655,Card,Paid,189.18
705556,506656,UPI,Paid,137.4
705557,506657,UPI,Paid,62.97
705558,506658,Cash,Paid,202.73
705559,506659,Cash,Paid,64.01
705560,506661,UPI,Paid,177.73
705561,506663,Cash,Failed,168.31
705562,506664,UPI,Paid,73.52
705563,506665,UPI,Paid,193.37
705564,506667,Card,Failed,97.11
705565,506668,Cash,Paid,277.94
705566,506669,UPI,Paid,62.48
705567,506671,UPI,Paid,222.8
705568,506672,UPI,Paid,171.72
705569,506673,Wallet,Paid,167.25
705570,506674,Card,Paid,81.97
705571,506675,UPI,Paid,50.76
705572,506676,Card,Paid,92.65
705573,506677,Card,Paid,270.62
705574,506678,UPI,Paid,71.6
705575,506679,UPI,Paid,170.17
705576,506680,UPI,Paid,43.04
705577,506681,UPI,Paid,175.01
705578,506682,UPI,Paid,168.66
705579,506683,Card,Paid,120.39
705580,506684,Cash,Paid,164.31
705581,506685,Card,Paid,118.38
705582,506687,Card,Paid,177.18
705583,506688,UPI,Paid,199.32
705584,506689,UPI,Paid,60.79
705585,506690,Cash,Paid,38.37
705586,506691,Cash,Paid,353.3
705587,506692,UPI,Paid,103.43
705588,506693,UPI,Paid,124.76
705589,506694,Cash,Paid,54.44
705590,506695,UPI,Paid,108.58
705591,506697,Card,Paid,113.63
705592,506698,Card,Paid,331.33
705593,506699,UPI,Paid,97.48
705594,506700,Cash,Paid,209.45
705595,506702,UPI,Paid,187.44
705596,506703,Wallet,Paid,110.55
705597,506704,UPI,Paid,65.29
705598,506705,Card,Paid,114.94
705599,506706,Card,Paid,61.62
705600,506707,UPI,Paid,210.02
705601,506708,UPI,Paid,58.18
705602,506709,Cash,Paid,83.54
705603,506710,Cash,Paid,208.34
705604,506711,UPI,Paid,133.2
705605,506712,Card,Paid,246.24
705606,506713,Card,Paid,192.85
705607,506714,Card,Paid,102.65
705608,506715,Card,Paid,64.36
705609,506716,Cash,Paid,416.63
705610,506717,UPI,Paid,106.58
705611,506718,UPI,Paid,86.86
705612,506719,UPI,Paid,88.25
705613,506720,Cash,Paid,69.97
705614,506721,Card,Paid,128.74
705615,506722,UPI,Paid,93.96
705616,506723,Cash,Paid,52.28
705617,506724,UPI,Paid,124.66
705618,506725,Card,Paid,111.72
705619,506726,UPI,Paid,91.82
705620,506727,UPI,Paid,102.95
705621,506728,UPI,Paid,57.57
705622,506730,UPI,Paid,84.23
705623,506731,UPI,Paid,139.24
705624,506732,UPI,Paid,124.6
705625,506733,UPI,Paid,83.71
705626,506734,Card,Paid,61.98
705627,506736,Cash,Paid,47.99
705628,506737,UPI,Paid,96.26
705629,506738,Card,Paid,263.45
705630,506739,UPI,Paid,38.62
705631,506740,UPI,Paid,140.23
705632,506741,UPI,Paid,365.18
705633,506742,UPI,Paid,66.28
705634,506743,UPI,Paid,109.22
705635,506744,UPI,Paid,495.28
705636,506745,UPI,Paid,36.22
705637,506746,UPI,Paid,140.54
705638,506747,UPI,Paid,77.24
705639,506748,UPI,Paid,184.94
705640,506749,UPI,Paid,65.99
705641,506750,Wallet,Paid,143.25
705642,506751,Card,Paid,156.23
705643,506752,UPI,Paid,175.41
705644,506754,UPI,Paid,122.52
705645,506757,UPI,Paid,126.81
705646,506758,Card,Paid,68.43
705647,506759,UPI,Paid,80.11
705648,506761,Cash,Paid,157.32
705649,506762,UPI,Paid,80.62
705650,506763,Wallet,Paid,35.0
705651,506765,UPI,Paid,134.81
705652,506767,UPI,Paid,52.9
705653,506769,UPI,Paid,133.1
705654,506771,Card,Paid,83.09
705655,506772,UPI,Paid,49.21
705656,506773,Cash,Paid,79.39
705657,506774,UPI,Paid,35.0
705658,506775,Cash,Paid,121.78
705659,506776,Wallet,Paid,111.92
705660,506777,UPI,Paid,342.81
705661,506778,Card,Paid,93.46
705662,506779,Card,Paid,66.41
705663,506780,UPI,Paid,192.65
705664,506781,UPI,Paid,139.64
705665,506783,Card,Failed,87.49
705666,506785,UPI,Paid,242.5
705667,506786,UPI,Paid,105.99
705668,506788,UPI,Paid,63.18
705669,506789,UPI,Paid,237.63
705670,506790,Card,Paid,35.0
705671,506791,Cash,Paid,318.58
705672,506792,Cash,Paid,70.11
705673,506793,UPI,Paid,139.27
705674,506795,Cash,Paid,155.96
705675,506796,Cash,Paid,58.75
705676,506798,Card,Paid,164.68
705677,506799,UPI,Paid,79.95
705678,506800,Card,Paid,105.25
705679,506804,UPI,Paid,82.75
705680,506805,UPI,Paid,91.94
705681,506808,Cash,Paid,324.78
705682,506809,UPI,Paid,110.28
705683,506810,UPI,Paid,170.85
705684,506811,UPI,Paid,71.36
705685,506812,UPI,Paid,175.99
705686,506813,Card,Paid,88.41
705687,506814,UPI,Paid,185.69
705688,506815,UPI,Paid,151.9
705689,506816,Card,Paid,159.71
705690,506817,UPI,Paid,118.67
705691,506819,UPI,Paid,56.91
705692,506822,Cash,Paid,69.8
705693,506823,Card,Paid,110.42
705694,506824,Card,Paid,89.0
705695,506825,UPI,Paid,144.46
705696,506826,Card,Paid,64.64
705697,506827,Card,Paid,130.19
705698,506828,Wallet,Paid,67.16
705699,506829,Cash,Paid,117.07
705700,506830,UPI,Paid,155.15
705701,506831,Cash,Paid,72.78
705702,506832,UPI,Paid,121.86
705703,506833,Cash,Paid,56.08
705704,506835,Card,Paid,44.87
705705,506836,Cash,Paid,64.52
705706,506837,UPI,Paid,87.15
705707,506840,Card,Paid,170.64
705708,506841,Cash,Paid,108.92
705709,506842,Card,Paid,166.53
705710,506843,Card,Paid,145.94
705711,506844,Cash,Failed,76.91
705712,506845,Card,Paid,35.0
705713,506847,Card,Paid,157.75
705714,506848,Card,Paid,200.97
705715,506849,UPI,Paid,147.9
705716,506850,Card,Paid,256.72
705717,506851,Card,Paid,77.29
705718,506852,UPI,Paid,153.05
705719,506853,Cash,Paid,35.0
705720,506854,UPI,Paid,202.5
705721,506855,Cash,Paid,201.95
705722,506856,Cash,Paid,241.61
705723,506857,UPI,Paid,48.02
705724,506858,Card,Paid,162.31
705725,506859,UPI,Paid,105.88
705726,506860,Card,Paid,83.38
705727,506861,Card,Paid,117.02
705728,506863,UPI,Paid,87.0
705729,506864,Card,Paid,127.29
705730,506865,UPI,Paid,65.7
705731,506866,Cash,Paid,101.23
705732,506867,UPI,Paid,52.86
705733,506868,UPI,Paid,256.31
705734,506869,UPI,Paid,215.96
705735,506870,Cash,Paid,163.93
705736,506871,UPI,Paid,107.3
705737,506872,Cash,Paid,35.81
705738,506873,UPI,Paid,347.14
705739,506874,UPI,Paid,102.44
705740,506875,UPI,Paid,100.83
705741,506876,Cash,Paid,35.0
705742,506877,Cash,Paid,308.67
705743,506878,Cash,Paid,68.29
705744,506879,UPI,Paid,362.34
705745,506880,Cash,Paid,35.0
705746,506882,Cash,Paid,240.27
705747,506883,UPI,Paid,129.98
705748,506884,UPI,Paid,108.58
705749,506885,Cash,Paid,79.36
705750,506887,UPI,Paid,186.76
705751,506888,UPI,Paid,109.38
705752,506889,UPI,Paid,77.89
705753,506890,Card,Paid,105.73
705754,506892,UPI,Paid,113.93
705755,506893,Wallet,Paid,119.05
705756,506894,Card,Paid,142.69
705757,506895,Wallet,Paid,242.08
705758,506896,Wallet,Paid,113.93
705759,506897,UPI,Paid,81.69
705760,506898,UPI,Paid,113.08
705761,506899,Card,Paid,131.09
705762,506900,Cash,Paid,152.09
705763,506902,Card,Paid,68.32
705764,506903,Card,Paid,93.46
705765,506904,UPI,Paid,57.09
705766,506905,Cash,Paid,109.81
705767,506906,Card,Paid,73.59
705768,506908,UPI,Paid,82.83
705769,506909,UPI,Paid,160.9
705770,506910,UPI,Paid,43.61
705771,506911,UPI,Paid,114.25
705772,506912,Card,Paid,132.63
705773,506914,UPI,Paid,50.56
705774,506915,Card,Paid,144.03
705775,506917,UPI,Paid,98.78
705776,506918,UPI,Paid,148.72
705777,506919,Card,Paid,96.41
705778,506920,Cash,Paid,62.98
705779,506921,UPI,Paid,208.68
705780,506922,UPI,Paid,84.94
705781,506923,UPI,Paid,191.78
705782,506924,UPI,Paid,137.46
705783,506926,UPI,Paid,106.21
705784,506927,UPI,Paid,155.95
705785,506929,Card,Paid,103.09
705786,506930,UPI,Paid,88.65
705787,506931,UPI,Paid,35.0
705788,506932,UPI,Paid,116.55
705789,506933,UPI,Paid,44.79
705790,506934,UPI,Paid,93.03
705791,506936,UPI,Paid,107.09
705792,506937,UPI,Paid,103.32
705793,506938,Card,Paid,187.43
705794,506939,Card,Paid,74.31
705795,506940,Cash,Paid,163.0
705796,506941,UPI,Paid,82.54
705797,506942,Cash,Paid,70.87
705798,506943,Card,Paid,60.99
705799,506944,Card,Paid,85.69
705800,506946,Card,Paid,166.21
705801,506947,Card,Paid,171.71
705802,506948,Cash,Paid,35.0
705803,506949,Cash,Paid,141.93
705804,506950,UPI,Paid,114.44
705805,506952,Card,Paid,85.73
705806,506953,Card,Paid,81.66
705807,506954,Wallet,Paid,135.31
705808,506955,Card,Paid,72.3
705809,506956,UPI,Paid,36.87
705810,506958,UPI,Paid,147.81
705811,506959,Card,Paid,43.84
705812,506961,UPI,Paid,75.23
705813,506962,UPI,Paid,145.99
705814,506963,Card,Paid,62.29
705815,506965,Cash,Paid,97.15
705816,506966,Cash,Paid,243.62
705817,506968,UPI,Paid,342.47
705818,506969,UPI,Paid,108.08
705819,506970,UPI,Paid,155.45
705820,506971,UPI,Paid,81.93
705821,506972,UPI,Paid,225.34
705822,506973,UPI,Paid,37.26
705823,506974,UPI,Paid,239.1
705824,506975,Card,Paid,73.22
705825,506977,Cash,Paid,83.44
705826,506978,Card,Paid,93.38
705827,506979,Card,Paid,132.75
705828,506980,UPI,Paid,35.0
705829,506981,Card,Paid,84.4
705830,506982,UPI,Paid,71.22
705831,506983,Cash,Paid,71.06
705832,506984,Card,Paid,68.04
705833,506985,Card,Paid,113.14
705834,506986,Card,Paid,108.12
705835,506987,Card,Paid,97.52
705836,506988,Cash,Paid,127.4
705837,506989,UPI,Paid,160.32
705838,506990,UPI,Paid,185.31
705839,506991,Wallet,Paid,103.2
705840,506992,UPI,Failed,221.0
705841,506993,Wallet,Paid,73.37
705842,506995,UPI,Paid,107.05
705843,506996,UPI,Paid,75.17
705844,506997,Card,Paid,35.0
705845,506998,UPI,Paid,169.57
705846,506999,UPI,Paid,123.84
705847,507000,UPI,Paid,134.87
705848,507003,UPI,Paid,248.05
705849,507005,Wallet,Paid,152.94
705850,507006,Cash,Paid,51.91
705851,507007,UPI,Paid,131.28
705852,507009,Card,Paid,184.18
705853,507010,UPI,Paid,326.33
705854,507011,UPI,Paid,90.11
705855,507012,UPI,Paid,35.0
705856,507013,UPI,Paid,35.0
705857,507014,Cash,Paid,35.0
705858,507015,Cash,Paid,66.13
705859,507016,UPI,Paid,106.89
705860,507017,Cash,Paid,73.97
705861,507018,UPI,Paid,137.36
705862,507019,Card,Paid,117.42
705863,507020,Cash,Failed,153.5
705864,507021,Cash,Paid,35.0
705865,507023,Cash,Paid,325.36
705866,507024,Cash,Paid,131.64
705867,507026,UPI,Paid,100.93
705868,507027,UPI,Paid,70.93
705869,507028,Cash,Paid,42.07
705870,507029,UPI,Paid,327.71
705871,507031,UPI,Paid,133.02
705872,507032,Cash,Paid,142.85
705873,507033,Card,Paid,35.0
705874,507034,Cash,Paid,64.05
705875,507035,UPI,Paid,49.22
705876,507036,Cash,Paid,121.89
705877,507037,UPI,Paid,87.08
705878,507038,UPI,Paid,97.31
705879,507039,Cash,Paid,74.07
705880,507041,UPI,Paid,116.65
705881,507042,UPI,Paid,39.84
705882,507043,UPI,Paid,80.95
705883,507044,UPI,Paid,82.73
705884,507045,Wallet,Paid,101.22
705885,507047,UPI,Paid,111.28
705886,507048,Wallet,Paid,230.19
705887,507050,Card,Paid,38.17
705888,507051,Cash,Paid,242.37
705889,507052,Card,Paid,74.0
705890,507053,Card,Paid,256.09
705891,507054,UPI,Paid,129.99
705892,507055,Card,Paid,80.94
705893,507056,Card,Paid,123.39
705894,507057,UPI,Paid,183.42
705895,507058,UPI,Paid,145.98
705896,507060,UPI,Paid,264.1
705897,507061,UPI,Failed,133.35
705898,507063,UPI,Paid,265.77
705899,507065,UPI,Paid,214.41
705900,507066,UPI,Paid,136.37
705901,507068,UPI,Paid,97.38
705902,507069,Cash,Paid,154.59
705903,507070,Card,Paid,82.49
705904,507071,UPI,Paid,43.55
705905,507073,Cash,Paid,125.89
705906,507074,UPI,Paid,62.43
705907,507075,Wallet,Paid,35.0
705908,507076,Card,Paid,126.48
705909,507077,Card,Paid,115.66
705910,507078,UPI,Paid,153.29
705911,507081,UPI,Paid,133.79
705912,507082,Cash,Paid,139.46
705913,507084,Cash,Paid,229.8
705914,507085,UPI,Paid,49.17
705915,507086,UPI,Paid,123.63
705916,507088,Cash,Paid,80.04
705917,507089,UPI,Paid,52.76
705918,507091,UPI,Paid,179.56
705919,507092,UPI,Paid,48.65
705920,507094,UPI,Paid,66.87
705921,507095,Wallet,Paid,55.48
705922,507096,UPI,Paid,81.83
705923,507098,Cash,Paid,186.13
705924,507099,UPI,Paid,50.2
705925,507100,Cash,Paid,87.27
705926,507102,UPI,Paid,150.55
705927,507103,Wallet,Paid,291.23
705928,507105,UPI,Paid,185.37
705929,507106,UPI,Paid,125.45
705930,507107,Card,Paid,44.3
705931,507108,UPI,Paid,176.16
705932,507109,UPI,Paid,84.89
705933,507110,Card,Paid,258.29
705934,507111,Wallet,Paid,127.75
705935,507112,UPI,Paid,82.89
705936,507114,Cash,Paid,108.22
705937,507115,Card,Paid,138.89
705938,507116,UPI,Paid,211.97
705939,507117,UPI,Paid,128.86
705940,507118,UPI,Paid,50.01
705941,507119,Card,Paid,177.81
705942,507120,Cash,Paid,181.66
705943,507121,Card,Paid,83.01
705944,507122,Wallet,Paid,73.83
705945,507123,UPI,Paid,231.54
705946,507125,Card,Paid,35.0
705947,507126,Card,Paid,43.62
705948,507127,UPI,Paid,227.69
705949,507128,UPI,Paid,153.36
705950,507130,Card,Paid,58.98
705951,507131,UPI,Paid,106.16
705952,507132,Card,Paid,91.26
705953,507133,Cash,Paid,148.1
705954,507134,Cash,Paid,35.0
705955,507135,UPI,Paid,128.02
705956,507137,UPI,Paid,161.16
705957,507138,UPI,Paid,205.33
705958,507139,Card,Paid,35.0
705959,507140,UPI,Paid,46.27
705960,507141,Wallet,Paid,107.43
705961,507143,Card,Paid,91.47
705962,507144,UPI,Paid,105.12
705963,507145,Wallet,Paid,152.55
705964,507146,UPI,Paid,75.47
705965,507147,Card,Paid,35.0
705966,507148,Cash,Paid,66.14
705967,507149,Card,Paid,271.65
705968,507150,Card,Paid,98.38
705969,507152,Card,Paid,78.27
705970,507153,Cash,Paid,107.04
705971,507154,Cash,Paid,117.66
705972,507155,Cash,Paid,258.36
705973,507156,Card,Paid,123.44
705974,507157,UPI,Paid,53.33
705975,507158,UPI,Paid,201.89
705976,507159,UPI,Paid,146.48
705977,507160,Cash,Paid,71.81
705978,507162,UPI,Paid,71.12
705979,507163,UPI,Paid,99.78
705980,507164,UPI,Paid,99.85
705981,507165,UPI,Paid,79.47
705982,507166,UPI,Paid,59.57
705983,507167,UPI,Paid,96.44
705984,507169,UPI,Paid,98.02
705985,507170,UPI,Paid,79.33
705986,507171,Cash,Paid,55.35
705987,507172,UPI,Paid,70.95
705988,507173,Cash,Paid,122.41
705989,507175,UPI,Paid,135.77
705990,507176,Cash,Paid,102.29
705991,507177,Card,Paid,91.54
705992,507178,Cash,Paid,143.71
705993,507179,UPI,Paid,62.58
705994,507180,UPI,Paid,122.35
705995,507181,Cash,Paid,122.14
705996,507182,Card,Paid,144.34
705997,507184,Card,Paid,81.97
705998,507185,Card,Paid,45.11
705999,507186,Card,Paid,155.39
706000,507187,UPI,Paid,103.87
706001,507188,Cash,Paid,244.39
706002,507189,UPI,Paid,324.82
706003,507190,UPI,Paid,146.73
706004,507191,Wallet,Paid,197.04
706005,507192,Wallet,Paid,60.58
706006,507193,Cash,Paid,50.71
706007,507194,Card,Paid,91.02
706008,507195,Card,Paid,196.07
706009,507196,UPI,Paid,151.31
706010,507197,UPI,Paid,116.8
706011,507198,Card,Paid,175.67
706012,507200,Cash,Paid,215.17
706013,507203,UPI,Paid,41.91
706014,507204,UPI,Paid,93.58
706015,507205,UPI,Paid,48.28
706016,507206,UPI,Paid,81.15
706017,507207,UPI,Paid,108.17
706018,507208,Card,Paid,172.71
706019,507209,Card,Paid,209.88
706020,507210,UPI,Paid,155.41
706021,507211,Cash,Paid,124.71
706022,507212,UPI,Paid,109.4
706023,507213,UPI,Paid,132.94
706024,507215,Card,Paid,204.23
706025,507216,UPI,Paid,35.0
706026,507217,UPI,Paid,189.35
706027,507218,Card,Paid,128.54
706028,507219,Card,Paid,77.52
706029,507220,Card,Paid,35.0
706030,507221,Card,Paid,74.13
706031,507222,Cash,Paid,90.69
706032,507223,Cash,Paid,61.61
706033,507225,UPI,Paid,124.45
706034,507226,Wallet,Paid,126.74
706035,507228,UPI,Paid,70.27
706036,507229,UPI,Paid,166.81
706037,507230,Wallet,Paid,93.91
706038,507231,UPI,Paid,95.86
706039,507232,Cash,Paid,86.83
706040,507233,Card,Paid,194.58
706041,507234,UPI,Paid,89.1
706042,507235,UPI,Paid,52.75
706043,507236,UPI,Paid,89.95
706044,507237,Card,Paid,138.15
706045,507238,Card,Paid,82.39
706046,507239,UPI,Paid,276.42
706047,507240,Card,Paid,115.16
706048,507241,UPI,Paid,123.99
706049,507243,UPI,Paid,49.72
706050,507244,Card,Paid,93.31
706051,507246,UPI,Paid,64.69
706052,507247,UPI,Paid,93.91
706053,507250,Card,Paid,63.68
706054,507251,Cash,Paid,312.26
706055,507252,UPI,Paid,97.93
706056,507253,UPI,Paid,56.18
706057,507254,UPI,Paid,78.87
706058,507255,UPI,Paid,155.37
706059,507256,UPI,Paid,176.52
706060,507257,UPI,Paid,85.08
706061,507258,UPI,Paid,61.37
706062,507259,Card,Paid,316.74
706063,507260,UPI,Paid,49.24
706064,507261,Wallet,Paid,114.34
706065,507262,Card,Paid,70.15
706066,507263,Card,Paid,162.69
706067,507265,Cash,Paid,153.24
706068,507266,UPI,Paid,133.13
706069,507267,Wallet,Paid,35.24
706070,507268,Cash,Paid,115.96
706071,507269,Card,Paid,117.6
706072,507270,Cash,Paid,84.33
706073,507271,Card,Paid,159.06
706074,507272,UPI,Paid,195.56
706075,507273,UPI,Failed,60.91
706076,507274,Card,Paid,48.49
706077,507275,UPI,Paid,96.83
706078,507276,Cash,Paid,324.6
706079,507277,Card,Paid,196.89
706080,507278,Cash,Paid,81.63
706081,507279,UPI,Paid,103.19
706082,507280,Cash,Paid,99.24
706083,507281,Card,Paid,61.9
706084,507283,UPI,Paid,193.46
706085,507284,UPI,Paid,126.5
706086,507285,Card,Paid,127.67
706087,507286,UPI,Paid,182.3
706088,507287,UPI,Paid,98.25
706089,507288,Cash,Paid,172.17
706090,507290,UPI,Paid,535.7
706091,507291,UPI,Paid,100.45
706092,507292,Card,Paid,110.15
706093,507296,Wallet,Paid,113.16
706094,507297,Card,Paid,127.7
706095,507298,Cash,Paid,80.84
706096,507299,Cash,Paid,102.89
706097,507302,UPI,Paid,123.23
706098,507303,Cash,Paid,64.15
706099,507304,Cash,Paid,206.3
706100,507305,Card,Paid,43.16
706101,507306,Cash,Paid,109.68
706102,507308,Card,Paid,134.8
706103,507309,Card,Paid,113.42
706104,507310,UPI,Paid,213.88
706105,507311,UPI,Paid,108.69
706106,507312,UPI,Paid,116.5
706107,507313,Card,Paid,35.54
706108,507316,UPI,Paid,56.5
706109,507317,UPI,Paid,103.61
706110,507319,Wallet,Paid,107.95
706111,507320,UPI,Paid,332.23
706112,507321,UPI,Paid,156.64
706113,507322,Card,Paid,136.2
706114,507323,UPI,Paid,55.14
706115,507324,UPI,Paid,105.0
706116,507325,Cash,Paid,152.07
706117,507326,Cash,Paid,128.48
706118,507327,Card,Paid,73.55
706119,507328,Card,Paid,131.82
706120,507329,Wallet,Paid,94.8
706121,507330,UPI,Paid,84.82
706122,507331,Card,Paid,143.25
706123,507332,UPI,Paid,109.15
706124,507333,UPI,Paid,83.31
706125,507334,Cash,Paid,110.4
706126,507336,Card,Paid,104.62
706127,507337,Wallet,Paid,61.39
706128,507338,Cash,Paid,435.33
706129,507339,UPI,Paid,134.25
706130,507340,UPI,Paid,35.0
706131,507341,Cash,Paid,98.68
706132,507342,Card,Paid,89.16
706133,507343,UPI,Paid,144.57
706134,507344,UPI,Paid,193.04
706135,507345,Card,Paid,131.84
706136,507346,UPI,Paid,74.7
706137,507347,Cash,Paid,240.61
706138,507349,UPI,Paid,104.14
706139,507350,Cash,Paid,35.0
706140,507351,Cash,Paid,196.46
706141,507352,Card,Paid,130.51
706142,507353,Card,Paid,102.74
706143,507354,Cash,Paid,35.0
706144,507355,Wallet,Paid,115.41
706145,507356,UPI,Paid,129.6
706146,507357,UPI,Paid,35.0
706147,507358,UPI,Paid,177.18
706148,507360,Wallet,Paid,121.36
706149,507361,Cash,Paid,415.33
706150,507362,Card,Paid,225.36
706151,507363,UPI,Paid,71.3
706152,507364,UPI,Paid,68.37
706153,507365,UPI,Paid,95.68
706154,507366,UPI,Paid,96.78
706155,507367,Cash,Paid,68.35
706156,507369,UPI,Paid,88.48
706157,507370,UPI,Paid,104.65
706158,507372,Cash,Paid,50.35
706159,507374,Card,Paid,221.32
706160,507375,Cash,Paid,254.13
706161,507376,Cash,Paid,102.21
706162,507377,UPI,Paid,65.97
706163,507378,UPI,Paid,279.62
706164,507379,Card,Paid,175.78
706165,507380,Card,Paid,198.8
706166,507381,Card,Paid,86.48
706167,507382,Cash,Paid,135.97
706168,507383,Card,Paid,137.34
706169,507384,Card,Paid,108.16
706170,507385,UPI,Paid,295.8
706171,507386,Card,Paid,112.39
706172,507387,UPI,Paid,149.04
706173,507388,Cash,Paid,99.54
706174,507389,UPI,Paid,48.64
706175,507390,UPI,Paid,100.85
706176,507391,UPI,Paid,51.55
706177,507393,UPI,Paid,40.67
706178,507394,Cash,Paid,268.32
706179,507395,UPI,Paid,128.9
706180,507396,UPI,Paid,148.31
706181,507397,UPI,Paid,51.37
706182,507398,UPI,Paid,113.8
706183,507399,Cash,Paid,183.25
706184,507401,UPI,Paid,218.41
706185,507402,Card,Paid,412.63
706186,507404,Wallet,Paid,111.07
706187,507405,Wallet,Paid,111.79
706188,507408,Card,Paid,77.33
706189,507409,UPI,Paid,89.34
706190,507410,Cash,Paid,107.71
706191,507411,Cash,Paid,213.36
706192,507412,Wallet,Paid,116.81
706193,507413,UPI,Paid,157.88
706194,507414,Cash,Paid,75.49
706195,507415,Cash,Paid,46.6
706196,507416,Card,Paid,63.96
706197,507417,UPI,Paid,86.61
706198,507418,UPI,Paid,116.96
706199,507419,Card,Paid,35.0
706200,507420,UPI,Paid,222.1
706201,507421,Card,Paid,54.04
706202,507422,UPI,Paid,54.48
706203,507423,UPI,Paid,206.5
706204,507425,UPI,Paid,71.2
706205,507426,UPI,Paid,209.29
706206,507427,Wallet,Paid,134.31
706207,507428,UPI,Paid,60.34
706208,507429,UPI,Paid,131.1
706209,507430,Card,Paid,85.88
706210,507432,UPI,Paid,220.33
706211,507433,UPI,Paid,51.39
706212,507434,Cash,Paid,139.03
706213,507435,Cash,Paid,115.0
706214,507436,UPI,Paid,150.45
706215,507437,UPI,Paid,116.82
706216,507439,UPI,Paid,212.68
706217,507440,UPI,Paid,334.52
706218,507441,UPI,Paid,131.46
706219,507442,UPI,Paid,201.58
706220,507443,UPI,Paid,189.66
706221,507444,UPI,Paid,62.41
706222,507445,UPI,Paid,147.18
706223,507446,UPI,Paid,114.1
706224,507447,UPI,Paid,42.17
706225,507448,UPI,Paid,361.12
706226,507449,Wallet,Paid,64.74
706227,507451,UPI,Paid,101.96
706228,507452,Wallet,Paid,63.18
706229,507453,UPI,Paid,227.83
706230,507455,UPI,Paid,93.01
706231,507456,UPI,Paid,79.31
706232,507457,UPI,Failed,111.41
706233,507458,UPI,Paid,118.17
706234,507459,UPI,Paid,54.23
706235,507460,UPI,Paid,153.36
706236,507461,UPI,Paid,204.55
706237,507462,Card,Paid,35.0
706238,507463,Wallet,Paid,251.12
706239,507464,Wallet,Paid,54.36
706240,507465,Cash,Paid,241.92
706241,507467,Card,Paid,67.18
706242,507468,UPI,Paid,57.86
706243,507469,Cash,Paid,91.83
706244,507470,UPI,Paid,170.34
706245,507471,Card,Paid,44.87
706246,507472,Card,Paid,96.9
706247,507474,UPI,Paid,265.01
706248,507477,Wallet,Paid,90.55
706249,507478,Card,Paid,157.25
706250,507479,UPI,Paid,97.09
706251,507480,Card,Paid,44.0
706252,507481,UPI,Paid,166.12
706253,507482,Card,Paid,215.83
706254,507483,Card,Paid,78.02
706255,507484,Card,Paid,103.93
706256,507485,Cash,Paid,200.28
706257,507486,Card,Paid,96.9
706258,507487,Card,Paid,112.69
706259,507488,UPI,Paid,94.33
706260,507489,Cash,Paid,35.0
706261,507490,Cash,Paid,132.18
706262,507491,Card,Paid,172.6
706263,507492,Card,Paid,172.27
706264,507495,UPI,Paid,48.91
706265,507496,Card,Paid,90.49
706266,507497,Card,Paid,119.44
706267,507498,Cash,Paid,130.76
706268,507499,Card,Paid,119.22
706269,507500,Cash,Paid,117.86
706270,507501,UPI,Paid,232.68
706271,507502,UPI,Paid,145.22
706272,507503,UPI,Failed,229.06
706273,507504,Card,Paid,54.32
706274,507505,Cash,Paid,95.6
706275,507506,UPI,Paid,52.91
706276,507507,UPI,Paid,85.91
706277,507508,UPI,Paid,126.76
706278,507509,UPI,Paid,76.0
706279,507511,Card,Paid,105.16
706280,507512,UPI,Paid,88.94
706281,507513,Card,Paid,152.88
706282,507514,Cash,Paid,94.21
706283,507516,UPI,Paid,63.17
706284,507517,UPI,Paid,56.31
706285,507518,UPI,Paid,98.7
706286,507519,Card,Paid,128.79
706287,507520,UPI,Paid,82.09
706288,507521,Cash,Paid,125.39
706289,507522,Card,Paid,193.2
706290,507523,Cash,Paid,62.2
706291,507524,Wallet,Paid,168.17
706292,507525,Card,Paid,53.69
706293,507526,UPI,Paid,155.71
706294,507527,Card,Paid,53.31
706295,507528,Cash,Paid,35.0
706296,507530,Wallet,Paid,35.0
706297,507531,Wallet,Paid,100.12
706298,507533,UPI,Paid,94.06
706299,507535,Cash,Paid,75.32
706300,507536,UPI,Paid,313.03
706301,507537,Cash,Paid,68.3
706302,507538,Cash,Paid,47.03
706303,507539,Card,Paid,98.76
706304,507540,Card,Paid,182.42
706305,507541,Wallet,Paid,132.79
706306,507542,UPI,Paid,261.19
706307,507543,Cash,Paid,163.32
706308,507544,Card,Paid,72.63
706309,507545,UPI,Paid,129.67
706310,507546,UPI,Paid,122.35
706311,507547,UPI,Paid,80.15
706312,507548,UPI,Paid,35.0
706313,507549,Card,Paid,180.13
706314,507551,UPI,Paid,63.2
706315,507552,UPI,Paid,148.63
706316,507553,Card,Paid,148.41
706317,507555,Cash,Paid,60.45
706318,507556,UPI,Paid,43.13
706319,507557,Card,Failed,157.71
706320,507558,UPI,Paid,294.96
706321,507559,Wallet,Paid,76.61
706322,507560,UPI,Paid,50.25
706323,507562,Cash,Paid,107.33
706324,507565,Card,Paid,83.29
706325,507566,Card,Paid,91.13
706326,507567,Card,Paid,130.44
706327,507568,Card,Paid,127.24
706328,507569,Card,Paid,110.56
706329,507570,Cash,Paid,191.07
706330,507571,Card,Paid,35.0
706331,507572,Card,Paid,188.76
706332,507574,UPI,Paid,110.39
706333,507575,Cash,Paid,71.65
706334,507576,UPI,Paid,97.33
706335,507577,Cash,Paid,278.64
706336,507578,UPI,Paid,147.5
706337,507579,Card,Paid,58.96
706338,507580,Card,Paid,48.79
706339,507581,UPI,Paid,70.99
706340,507583,Card,Paid,100.04
706341,507584,Cash,Paid,218.29
706342,507585,UPI,Paid,44.99
706343,507587,Cash,Paid,35.84
706344,507588,UPI,Paid,57.0
706345,507589,Cash,Paid,137.41
706346,507590,Card,Paid,202.94
706347,507591,UPI,Paid,50.07
706348,507593,Wallet,Paid,147.68
706349,507594,Card,Paid,123.08
706350,507595,Card,Paid,224.79
706351,507596,UPI,Paid,274.65
706352,507597,Card,Paid,136.13
706353,507599,UPI,Paid,137.42
706354,507600,UPI,Paid,137.21
706355,507601,UPI,Paid,56.41
706356,507602,Cash,Paid,187.04
706357,507603,Cash,Paid,363.08
706358,507604,UPI,Paid,140.64
706359,507605,Card,Paid,71.01
706360,507607,UPI,Paid,66.0
706361,507608,UPI,Paid,118.24
706362,507609,UPI,Paid,72.32
706363,507610,UPI,Paid,176.32
706364,507612,UPI,Paid,35.0
706365,507613,Wallet,Paid,87.84
706366,507614,UPI,Paid,161.27
706367,507615,UPI,Paid,35.0
706368,507617,Cash,Paid,194.7
706369,507618,Cash,Paid,102.78
706370,507619,UPI,Paid,54.7
706371,507620,UPI,Paid,264.6
706372,507621,UPI,Paid,152.96
706373,507622,UPI,Paid,82.95
706374,507624,Cash,Paid,89.01
706375,507625,UPI,Paid,73.53
706376,507626,Card,Paid,53.53
706377,507627,UPI,Paid,194.06
706378,507629,UPI,Paid,131.13
706379,507630,Cash,Paid,203.18
706380,507631,Cash,Paid,106.36
706381,507632,UPI,Paid,110.79
706382,507633,UPI,Paid,210.66
706383,507634,UPI,Paid,57.11
706384,507635,Card,Paid,125.96
706385,507636,Card,Paid,74.75
706386,507637,UPI,Paid,141.5
706387,507638,UPI,Paid,52.73
706388,507639,Cash,Paid,122.4
706389,507640,Cash,Paid,148.33
706390,507641,Wallet,Paid,307.42
706391,507642,Cash,Paid,98.12
706392,507643,UPI,Paid,214.4
706393,507644,Card,Paid,113.82
706394,507645,Card,Paid,56.42
706395,507646,UPI,Paid,117.38
706396,507648,UPI,Paid,58.18
706397,507649,UPI,Paid,206.76
706398,507650,UPI,Paid,87.09
706399,507651,UPI,Paid,84.39
706400,507652,Wallet,Paid,93.65
706401,507653,UPI,Paid,68.23
706402,507654,UPI,Paid,75.48
706403,507655,UPI,Paid,170.08
706404,507658,UPI,Paid,242.22
706405,507659,UPI,Paid,100.31
706406,507660,Card,Paid,41.42
706407,507662,Cash,Paid,41.0
706408,507663,UPI,Paid,85.79
706409,507664,UPI,Paid,99.02
706410,507665,UPI,Paid,58.68
706411,507666,UPI,Paid,62.91
706412,507667,Cash,Paid,558.96
706413,507668,UPI,Paid,42.59
706414,507669,Cash,Paid,175.75
706415,507671,UPI,Paid,70.72
706416,507672,UPI,Paid,107.56
706417,507673,Card,Paid,165.77
706418,507674,Wallet,Paid,57.02
706419,507675,Card,Paid,45.43
706420,507676,UPI,Paid,114.74
706421,507677,UPI,Paid,160.02
706422,507679,UPI,Paid,150.83
706423,507680,UPI,Paid,61.89
706424,507681,UPI,Paid,97.79
706425,507682,Cash,Paid,68.35
706426,507684,Cash,Paid,119.0
706427,507685,Cash,Paid,63.98
706428,507686,UPI,Paid,228.94
706429,507687,UPI,Paid,142.36
706430,507688,Wallet,Paid,329.15
706431,507690,UPI,Paid,71.46
706432,507691,Card,Paid,275.82
706433,507692,Wallet,Paid,107.1
706434,507693,UPI,Paid,84.34
706435,507694,UPI,Paid,162.39
706436,507695,Card,Paid,39.44
706437,507696,UPI,Paid,236.06
706438,507697,Card,Paid,81.52
706439,507698,Cash,Paid,75.61
706440,507699,UPI,Paid,50.22
706441,507700,Card,Paid,203.3
706442,507701,UPI,Paid,181.46
706443,507702,UPI,Paid,139.39
706444,507703,UPI,Paid,60.39
706445,507704,UPI,Paid,162.33
706446,507705,UPI,Paid,439.78
706447,507706,UPI,Paid,156.37
706448,507708,UPI,Paid,72.0
706449,507709,UPI,Paid,248.27
706450,507710,Cash,Paid,125.43
706451,507712,Cash,Paid,90.41
706452,507713,Cash,Paid,73.45
706453,507714,UPI,Paid,386.75
706454,507715,Cash,Failed,117.85
706455,507716,UPI,Paid,63.04
706456,507717,Cash,Paid,127.87
706457,507718,UPI,Paid,279.7
706458,507719,Cash,Paid,46.42
706459,507720,UPI,Paid,108.8
706460,507721,UPI,Paid,181.87
706461,507722,Card,Paid,96.6
706462,507723,UPI,Paid,62.01
706463,507724,Card,Paid,77.79
706464,507725,Cash,Paid,205.97
706465,507726,UPI,Paid,76.37
706466,507727,Card,Paid,84.75
706467,507729,Card,Paid,82.4
706468,507730,UPI,Paid,35.0
706469,507731,UPI,Paid,245.29
706470,507732,Cash,Paid,60.09
706471,507733,Wallet,Paid,35.0
706472,507734,Cash,Failed,95.15
706473,507736,Card,Paid,185.98
706474,507737,UPI,Paid,66.1
706475,507738,UPI,Paid,65.29
706476,507739,UPI,Paid,163.3
706477,507740,Cash,Paid,92.5
706478,507741,UPI,Paid,61.29
706479,507742,UPI,Paid,208.68
706480,507743,UPI,Paid,90.9
706481,507744,UPI,Paid,70.91
706482,507745,UPI,Paid,279.0
706483,507746,UPI,Paid,85.85
706484,507748,UPI,Paid,139.28
706485,507749,Card,Paid,71.82
706486,507750,Card,Paid,83.82
706487,507751,Card,Paid,66.05
706488,507753,Cash,Paid,382.95
706489,507754,UPI,Paid,146.23
706490,507755,Cash,Paid,89.39
706491,507756,Card,Paid,344.3
706492,507757,UPI,Paid,272.6
706493,507758,Card,Paid,82.98
706494,507759,Cash,Paid,263.77
706495,507760,UPI,Paid,67.62
706496,507762,UPI,Paid,299.47
706497,507763,UPI,Paid,133.73
706498,507764,Wallet,Paid,204.97
706499,507765,UPI,Paid,44.99
706500,507766,Cash,Paid,59.4
706501,507767,Card,Paid,90.75
706502,507768,Cash,Paid,121.42
706503,507769,Card,Paid,101.2
706504,507770,Card,Paid,114.54
706505,507771,UPI,Paid,128.72
706506,507772,UPI,Paid,58.83
706507,507774,UPI,Paid,77.47
706508,507775,Card,Paid,132.71
706509,507776,Card,Paid,93.19
706510,507777,UPI,Paid,134.1
706511,507778,UPI,Paid,35.0
706512,507779,Cash,Paid,80.43
706513,507780,UPI,Paid,85.57
706514,507781,UPI,Paid,228.33
706515,507782,Cash,Paid,38.7
706516,507783,Card,Paid,137.52
706517,507785,UPI,Paid,72.52
706518,507786,Card,Paid,417.63
706519,507787,UPI,Paid,35.0
706520,507788,UPI,Paid,36.76
706521,507789,Card,Paid,168.45
706522,507790,UPI,Paid,120.54
706523,507792,UPI,Paid,131.25
706524,507794,Card,Paid,41.69
706525,507795,Card,Paid,246.64
706526,507796,Card,Paid,72.68
706527,507797,UPI,Paid,35.0
706528,507798,Wallet,Paid,45.39
706529,507799,Cash,Paid,124.5
706530,507801,UPI,Paid,141.87
706531,507802,Wallet,Paid,79.14
706532,507803,Card,Paid,147.66
706533,507804,Card,Paid,146.85
706534,507805,Card,Paid,65.99
706535,507807,Wallet,Paid,210.9
706536,507808,Card,Paid,109.85
706537,507809,UPI,Paid,225.73
706538,507810,UPI,Paid,64.91
706539,507811,Cash,Paid,38.38
706540,507812,Cash,Paid,136.31
706541,507814,UPI,Paid,120.42
706542,507816,UPI,Paid,129.97
706543,507817,UPI,Paid,54.88
706544,507818,Card,Paid,239.37
706545,507819,UPI,Paid,441.46
706546,507821,UPI,Paid,117.71
706547,507822,UPI,Paid,260.47
706548,507823,Cash,Paid,66.62
706549,507824,Cash,Paid,237.64
706550,507825,Cash,Paid,69.76
706551,507826,UPI,Paid,77.87
706552,507827,Cash,Paid,54.21
706553,507828,UPI,Paid,104.59
706554,507829,UPI,Paid,264.8
706555,507830,UPI,Paid,112.82
706556,507831,UPI,Paid,98.06
706557,507832,UPI,Paid,87.13
706558,507833,Card,Paid,53.76
706559,507834,Card,Failed,101.63
706560,507835,UPI,Paid,88.64
706561,507836,UPI,Paid,210.45
706562,507837,Cash,Paid,119.98
706563,507839,UPI,Paid,106.21
706564,507840,UPI,Failed,42.75
706565,507841,UPI,Paid,197.08
706566,507842,Wallet,Paid,130.48
706567,507844,Cash,Paid,186.37
706568,507845,Card,Paid,35.0
706569,507846,Cash,Paid,169.94
706570,507847,UPI,Paid,53.67
706571,507848,Cash,Paid,88.37
706572,507849,Wallet,Paid,136.93
706573,507851,Card,Paid,42.58
706574,507853,UPI,Paid,187.51
706575,507854,UPI,Paid,35.0
706576,507857,UPI,Paid,85.9
706577,507858,Cash,Paid,105.03
706578,507859,Cash,Paid,211.06
706579,507860,UPI,Paid,41.52
706580,507861,UPI,Paid,128.48
706581,507862,UPI,Paid,218.24
706582,507863,Cash,Paid,129.33
706583,507864,UPI,Paid,149.25
706584,507866,UPI,Paid,72.74
706585,507869,UPI,Paid,76.77
706586,507870,Cash,Paid,102.33
706587,507872,UPI,Paid,193.23
706588,507873,UPI,Paid,56.26
706589,507874,Cash,Paid,60.69
706590,507875,UPI,Paid,106.85
706591,507877,Cash,Paid,169.18
706592,507878,Cash,Paid,51.01
706593,507880,UPI,Paid,59.69
706594,507881,UPI,Paid,143.69
706595,507882,Wallet,Paid,141.17
706596,507883,UPI,Paid,120.4
706597,507884,UPI,Paid,120.61
706598,507886,Cash,Paid,211.79
706599,507888,Cash,Paid,52.29
706600,507889,UPI,Paid,106.19
706601,507890,Cash,Paid,195.84
706602,507891,UPI,Paid,85.88
706603,507893,Cash,Paid,169.29
706604,507895,UPI,Paid,370.68
706605,507899,Wallet,Failed,288.38
706606,507900,Cash,Paid,187.62
706607,507901,UPI,Paid,138.97
706608,507902,Cash,Paid,131.61
706609,507903,UPI,Paid,74.91
706610,507904,Wallet,Paid,87.27
706611,507905,Card,Paid,65.46
706612,507906,UPI,Paid,109.78
706613,507907,Cash,Paid,227.75
706614,507908,UPI,Paid,137.16
706615,507909,Card,Paid,35.0
706616,507910,Wallet,Paid,105.66
706617,507912,UPI,Paid,128.42
706618,507913,UPI,Paid,38.71
706619,507914,Card,Paid,113.56
706620,507915,UPI,Paid,140.51
706621,507916,Card,Paid,35.0
706622,507917,Card,Paid,74.84
706623,507918,Card,Paid,48.82
706624,507919,Wallet,Paid,137.29
706625,507920,Card,Paid,87.88
706626,507921,Card,Paid,54.35
706627,507922,UPI,Paid,105.19
706628,507923,Card,Paid,35.0
706629,507924,UPI,Paid,100.16
706630,507925,Wallet,Paid,469.79
706631,507926,UPI,Paid,87.41
706632,507927,Cash,Paid,142.0
706633,507928,UPI,Paid,173.39
706634,507929,UPI,Paid,167.47
706635,507930,UPI,Paid,47.18
706636,507931,Cash,Paid,40.41
706637,507932,UPI,Paid,252.66
706638,507933,Card,Paid,74.27
706639,507934,Cash,Paid,53.99
706640,507935,Card,Paid,216.97
706641,507936,Cash,Paid,108.16
706642,507937,Cash,Paid,208.88
706643,507938,Wallet,Paid,39.55
706644,507939,Card,Paid,229.66
706645,507940,UPI,Paid,108.59
706646,507941,UPI,Paid,35.0
706647,507943,UPI,Paid,194.42
706648,507945,UPI,Paid,43.12
706649,507946,UPI,Paid,49.65
706650,507947,Cash,Paid,35.0
706651,507948,Card,Paid,207.62
706652,507949,UPI,Paid,53.4
706653,507953,UPI,Paid,81.91
706654,507954,UPI,Paid,110.69
706655,507955,Cash,Paid,152.31
706656,507956,UPI,Paid,161.69
706657,507957,UPI,Paid,117.95
706658,507958,Wallet,Paid,203.36
706659,507959,Wallet,Paid,138.73
706660,507960,Card,Paid,97.81
706661,507961,Card,Paid,149.67
706662,507962,Cash,Paid,75.77
706663,507963,UPI,Paid,144.92
706664,507964,UPI,Paid,66.79
706665,507965,Wallet,Paid,77.53
706666,507966,UPI,Paid,178.34
706667,507967,UPI,Paid,165.37
706668,507968,UPI,Paid,146.0
706669,507969,Wallet,Paid,69.44
706670,507970,UPI,Paid,65.27
706671,507971,Card,Paid,77.35
706672,507972,Card,Paid,225.24
706673,507973,Card,Paid,76.67
706674,507974,Card,Paid,114.02
706675,507975,UPI,Paid,88.83
706676,507976,UPI,Paid,210.5
706677,507977,UPI,Paid,165.87
706678,507978,UPI,Paid,213.9
706679,507979,Card,Paid,306.29
706680,507980,UPI,Paid,117.07
706681,507981,Card,Paid,113.22
706682,507982,Cash,Paid,101.55
706683,507983,Cash,Paid,97.54
706684,507984,Cash,Paid,108.26
706685,507985,Card,Paid,54.5
706686,507986,Cash,Paid,90.63
706687,507990,UPI,Paid,186.21
706688,507991,Wallet,Paid,168.55
706689,507992,Card,Paid,260.98
706690,507994,Cash,Paid,105.1
706691,507995,Card,Paid,201.35
706692,507996,UPI,Paid,35.0
706693,507998,UPI,Paid,80.88
706694,507999,Card,Paid,92.5
706695,508000,Card,Paid,74.58
706696,508001,UPI,Paid,274.22
706697,508002,UPI,Paid,77.0
706698,508003,UPI,Paid,101.84
706699,508005,Cash,Paid,136.09
706700,508009,Cash,Paid,83.92
706701,508010,UPI,Paid,48.1
706702,508011,Cash,Paid,70.62
706703,508012,UPI,Paid,73.29
706704,508013,UPI,Paid,50.75
706705,508014,Card,Paid,633.55
706706,508015,UPI,Paid,139.29
706707,508016,Card,Paid,199.69
706708,508017,UPI,Paid,84.58
706709,508018,UPI,Paid,122.62
706710,508019,UPI,Paid,147.78
706711,508020,UPI,Paid,142.73
706712,508021,UPI,Paid,87.47
706713,508023,Cash,Paid,300.59
706714,508025,Cash,Paid,208.32
706715,508026,UPI,Paid,141.2
706716,508028,Wallet,Paid,189.34
706717,508030,Cash,Paid,50.36
706718,508032,UPI,Paid,238.9
706719,508033,UPI,Paid,133.72
706720,508034,UPI,Paid,114.46
706721,508035,UPI,Paid,156.76
706722,508036,Cash,Paid,71.47
706723,508037,Wallet,Paid,35.0
706724,508038,UPI,Paid,48.91
706725,508039,Card,Paid,133.06
706726,508040,Cash,Paid,150.61
706727,508041,Card,Paid,113.39
706728,508042,Card,Paid,118.97
706729,508043,UPI,Paid,97.01
706730,508044,Card,Paid,189.66
706731,508045,UPI,Paid,35.0
706732,508046,UPI,Paid,115.26
706733,508047,Card,Paid,119.18
706734,508048,UPI,Paid,39.16
706735,508049,UPI,Paid,97.72
706736,508050,UPI,Paid,125.92
706737,508051,UPI,Paid,66.99
706738,508052,Cash,Paid,249.53
706739,508053,Cash,Paid,98.96
706740,508054,Card,Paid,91.36
706741,508055,UPI,Failed,118.74
706742,508056,UPI,Paid,116.37
706743,508057,UPI,Paid,76.66
706744,508058,Card,Paid,97.31
706745,508060,UPI,Paid,64.18
706746,508061,UPI,Paid,43.7
706747,508062,Card,Paid,78.87
706748,508065,UPI,Failed,76.63
706749,508067,Cash,Paid,216.31
706750,508068,UPI,Paid,60.21
706751,508069,UPI,Paid,35.0
706752,508070,Card,Paid,169.04
706753,508071,UPI,Paid,47.38
706754,508073,UPI,Paid,57.4
706755,508074,Cash,Paid,85.89
706756,508075,UPI,Paid,38.76
706757,508076,Card,Paid,65.33
706758,508078,UPI,Paid,124.23
706759,508079,Card,Paid,152.74
706760,508080,Wallet,Paid,52.63
706761,508081,Card,Paid,181.37
706762,508083,Wallet,Paid,250.18
706763,508084,Cash,Paid,67.69
706764,508085,Card,Paid,35.0
706765,508086,Cash,Paid,94.2
706766,508087,Cash,Paid,197.3
706767,508088,Cash,Paid,85.95
706768,508090,Card,Paid,92.99
706769,508092,Cash,Paid,90.03
706770,508093,UPI,Paid,76.4
706771,508094,Wallet,Paid,96.99
706772,508095,Card,Paid,89.55
706773,508098,Card,Paid,116.33
706774,508101,Card,Paid,59.1
706775,508102,UPI,Paid,169.92
706776,508103,Card,Paid,35.0
706777,508104,UPI,Paid,198.6
706778,508105,UPI,Paid,39.76
706779,508106,UPI,Paid,76.91
706780,508107,UPI,Paid,163.9
706781,508108,Card,Paid,215.1
706782,508109,Cash,Paid,123.83
706783,508110,Card,Paid,61.48
706784,508111,UPI,Paid,56.74
706785,508112,UPI,Paid,59.44
706786,508113,Wallet,Paid,46.76
706787,508114,UPI,Paid,271.35
706788,508115,UPI,Paid,52.32
706789,508116,Card,Paid,126.84
706790,508117,Cash,Paid,102.05
706791,508118,Card,Paid,89.33
706792,508119,Cash,Paid,167.4
706793,508120,Card,Paid,115.21
706794,508121,UPI,Paid,261.53
706795,508122,Wallet,Paid,164.97
706796,508123,UPI,Paid,180.63
706797,508124,UPI,Paid,56.4
706798,508126,Card,Paid,140.65
706799,508128,Card,Paid,141.89
706800,508129,UPI,Paid,168.95
706801,508130,Cash,Paid,52.72
706802,508131,UPI,Paid,144.89
706803,508132,UPI,Paid,117.0
706804,508133,UPI,Paid,135.26
706805,508134,Cash,Paid,41.4
706806,508135,UPI,Paid,167.84
706807,508136,UPI,Paid,68.14
706808,508137,Cash,Paid,64.18
706809,508138,UPI,Paid,108.79
706810,508139,UPI,Paid,35.0
706811,508140,Wallet,Paid,67.97
706812,508141,UPI,Paid,167.77
706813,508143,UPI,Paid,62.09
706814,508144,UPI,Paid,137.56
706815,508147,Card,Paid,88.21
706816,508149,Cash,Paid,132.82
706817,508150,UPI,Paid,36.48
706818,508151,Card,Paid,142.03
706819,508152,UPI,Paid,43.14
706820,508153,UPI,Paid,35.0
706821,508154,UPI,Paid,193.17
706822,508155,UPI,Paid,131.25
706823,508156,Cash,Paid,106.01
706824,508157,UPI,Paid,57.45
706825,508158,UPI,Paid,357.42
706826,508159,Card,Paid,174.67
706827,508160,Card,Paid,163.71
706828,508161,Cash,Paid,120.08
706829,508162,Card,Paid,66.01
706830,508163,Card,Paid,126.66
706831,508164,Wallet,Paid,142.11
706832,508165,Wallet,Paid,183.4
706833,508166,UPI,Paid,269.72
706834,508167,Cash,Paid,80.82
706835,508168,UPI,Paid,77.68
706836,508170,UPI,Paid,113.95
706837,508171,UPI,Paid,193.18
706838,508172,Wallet,Paid,232.57
706839,508173,Card,Paid,89.84
706840,508175,UPI,Paid,107.44
706841,508176,Cash,Paid,80.58
706842,508178,UPI,Paid,119.22
706843,508179,UPI,Paid,42.06
706844,508180,UPI,Paid,192.18
706845,508181,UPI,Paid,36.28
706846,508183,UPI,Paid,42.1
706847,508184,UPI,Paid,35.0
706848,508185,UPI,Paid,39.25
706849,508186,UPI,Paid,129.66
706850,508187,Cash,Paid,145.41
706851,508188,Card,Paid,111.9
706852,508189,Card,Paid,70.57
706853,508190,UPI,Paid,216.17
706854,508191,Card,Paid,50.54
706855,508192,UPI,Paid,135.36
706856,508193,Card,Paid,56.36
706857,508194,UPI,Paid,236.16
706858,508195,UPI,Paid,227.1
706859,508196,UPI,Paid,106.02
706860,508197,Card,Paid,104.14
706861,508198,Card,Paid,174.63
706862,508199,Cash,Paid,145.69
706863,508200,UPI,Paid,160.8
706864,508201,Cash,Paid,61.28
706865,508202,UPI,Paid,148.12
706866,508203,UPI,Paid,119.93
706867,508204,UPI,Paid,201.13
706868,508206,UPI,Paid,63.63
706869,508207,Card,Paid,126.8
706870,508208,UPI,Paid,90.31
706871,508209,UPI,Paid,118.57
706872,508211,UPI,Paid,164.67
706873,508212,UPI,Paid,130.15
706874,508213,Card,Paid,161.09
706875,508214,Wallet,Paid,60.43
706876,508215,Card,Paid,103.26
706877,508216,Wallet,Paid,126.26
706878,508218,Wallet,Paid,110.65
706879,508219,Card,Paid,329.33
706880,508220,UPI,Paid,178.84
706881,508222,Cash,Paid,137.2
706882,508223,UPI,Paid,41.02
706883,508225,Cash,Paid,35.0
706884,508226,Card,Paid,35.0
706885,508227,UPI,Paid,56.69
706886,508228,Wallet,Paid,178.41
706887,508229,UPI,Paid,154.23
706888,508230,Cash,Paid,284.73
706889,508231,Card,Paid,128.94
706890,508232,Cash,Paid,133.29
706891,508233,Cash,Paid,99.68
706892,508235,UPI,Paid,204.42
706893,508236,Wallet,Paid,133.97
706894,508237,UPI,Paid,47.06
706895,508238,UPI,Paid,73.24
706896,508239,UPI,Paid,201.34
706897,508240,UPI,Paid,65.88
706898,508241,Wallet,Paid,62.32
706899,508242,UPI,Paid,215.64
706900,508243,Wallet,Paid,75.73
706901,508244,Cash,Paid,71.5
706902,508245,Card,Paid,145.48
706903,508246,Card,Paid,303.01
706904,508247,Card,Paid,100.82
706905,508248,Wallet,Paid,243.25
706906,508250,UPI,Paid,70.67
706907,508251,UPI,Paid,137.65
706908,508252,Wallet,Paid,294.68
706909,508253,UPI,Paid,102.79
706910,508254,Cash,Paid,56.03
706911,508255,UPI,Paid,79.12
706912,508256,UPI,Paid,148.35
706913,508257,UPI,Paid,147.75
706914,508258,Card,Paid,166.84
706915,508259,Cash,Paid,142.54
706916,508260,Card,Paid,72.52
706917,508261,Card,Paid,272.29
706918,508262,Cash,Paid,234.62
706919,508263,UPI,Paid,56.88
706920,508264,Cash,Paid,41.4
706921,508266,UPI,Paid,69.74
706922,508268,Card,Paid,96.95
706923,508270,Card,Paid,104.28
706924,508272,UPI,Paid,140.62
706925,508274,UPI,Paid,76.08
706926,508275,Cash,Paid,70.88
706927,508276,Cash,Paid,76.11
706928,508277,UPI,Paid,189.83
706929,508278,UPI,Paid,62.92
706930,508279,Cash,Paid,137.02
706931,508280,UPI,Paid,219.28
706932,508281,Card,Paid,54.53
706933,508285,Card,Paid,92.04
706934,508287,UPI,Paid,105.11
706935,508289,UPI,Paid,123.99
706936,508290,UPI,Paid,87.25
706937,508291,UPI,Paid,211.27
706938,508292,Card,Paid,35.0
706939,508293,Cash,Paid,143.67
706940,508294,Cash,Paid,49.13
706941,508295,UPI,Paid,192.91
706942,508296,Cash,Paid,518.56
706943,508297,UPI,Paid,66.09
706944,508298,Card,Paid,42.84
706945,508299,UPI,Paid,48.68
706946,508300,Cash,Paid,80.97
706947,508301,Card,Paid,35.0
706948,508302,Cash,Paid,85.59
706949,508303,Card,Paid,65.59
706950,508304,Wallet,Paid,91.35
706951,508305,Card,Paid,150.21
706952,508306,Card,Paid,55.89
706953,508307,UPI,Paid,195.47
706954,508308,Wallet,Paid,60.51
706955,508309,UPI,Paid,35.0
706956,508311,UPI,Paid,48.01
706957,508312,Card,Paid,159.55
706958,508313,UPI,Paid,97.37
706959,508314,Cash,Paid,76.91
706960,508315,Cash,Paid,76.96
706961,508316,UPI,Paid,59.04
706962,508318,Cash,Paid,176.43
706963,508319,Cash,Paid,104.14
706964,508321,Cash,Paid,119.16
706965,508322,Card,Paid,141.67
706966,508323,UPI,Paid,35.0
706967,508325,Cash,Paid,79.06
706968,508327,Wallet,Paid,211.32
706969,508328,UPI,Paid,201.37
706970,508329,UPI,Paid,35.0
706971,508330,Wallet,Paid,131.44
706972,508331,Card,Paid,43.79
706973,508332,UPI,Paid,74.71
706974,508333,Card,Paid,132.65
706975,508334,UPI,Paid,89.05
706976,508335,Cash,Paid,107.0
706977,508336,UPI,Paid,51.74
706978,508337,Card,Paid,62.83
706979,508338,Card,Paid,35.0
706980,508339,UPI,Paid,99.99
706981,508340,Wallet,Paid,74.65
706982,508341,Card,Paid,204.09
706983,508342,Card,Paid,84.08
706984,508344,Cash,Paid,100.97
706985,508346,Card,Paid,264.82
706986,508347,UPI,Paid,189.93
706987,508349,Wallet,Paid,114.13
706988,508351,Cash,Paid,248.96
706989,508352,Card,Paid,64.73
706990,508354,Card,Paid,104.24
706991,508355,Wallet,Paid,228.97
706992,508356,Cash,Paid,162.7
706993,508359,UPI,Paid,440.69
706994,508360,Cash,Paid,76.39
706995,508361,UPI,Paid,215.74
706996,508362,UPI,Paid,118.4
706997,508363,UPI,Paid,50.66
706998,508364,UPI,Paid,133.82
706999,508365,Card,Paid,152.19
707000,508366,Cash,Paid,145.56
707001,508367,Cash,Paid,85.9
707002,508368,Card,Paid,104.98
707003,508369,Card,Paid,117.59
707004,508370,UPI,Paid,91.74
707005,508371,UPI,Paid,180.57
707006,508372,Card,Paid,49.45
707007,508373,Wallet,Paid,75.65
707008,508374,Card,Paid,162.56
707009,508375,Cash,Paid,277.23
707010,508376,UPI,Paid,66.46
707011,508377,Cash,Paid,57.91
707012,508378,UPI,Paid,243.68
707013,508379,Card,Paid,46.78
707014,508381,UPI,Paid,172.3
707015,508382,Cash,Paid,131.8
707016,508383,UPI,Paid,122.17
707017,508384,Cash,Paid,108.45
707018,508385,UPI,Paid,35.0
707019,508386,UPI,Paid,59.57
707020,508387,Cash,Paid,119.07
707021,508389,UPI,Paid,117.94
707022,508390,UPI,Paid,232.36
707023,508391,UPI,Paid,144.78
707024,508392,Cash,Paid,68.99
707025,508393,Cash,Paid,69.81
707026,508395,UPI,Paid,66.83
707027,508396,Cash,Paid,180.77
707028,508397,Card,Paid,65.19
707029,508398,UPI,Paid,357.95
707030,508399,Wallet,Paid,121.4
707031,508401,Card,Paid,119.69
707032,508402,UPI,Paid,236.12
707033,508403,Cash,Paid,202.96
707034,508404,UPI,Paid,57.72
707035,508405,Card,Paid,88.98
707036,508406,UPI,Paid,74.18
707037,508407,UPI,Paid,42.17
707038,508409,UPI,Paid,81.38
707039,508410,Card,Paid,166.37
707040,508411,Card,Paid,101.02
707041,508412,Wallet,Paid,117.89
707042,508413,Card,Paid,111.12
707043,508414,UPI,Paid,49.14
707044,508415,UPI,Paid,53.08
707045,508416,Cash,Paid,139.18
707046,508417,Card,Paid,54.48
707047,508419,Card,Paid,158.18
707048,508420,UPI,Paid,97.01
707049,508421,Card,Paid,38.46
707050,508423,Card,Paid,69.51
707051,508424,Cash,Paid,91.96
707052,508425,Card,Paid,87.16
707053,508426,Card,Paid,444.26
707054,508427,Card,Paid,233.73
707055,508428,UPI,Paid,176.91
707056,508429,UPI,Paid,80.42
707057,508430,UPI,Paid,106.18
707058,508431,UPI,Paid,64.06
707059,508432,Card,Paid,69.66
707060,508433,Cash,Paid,177.52
707061,508434,UPI,Paid,302.1
707062,508435,Card,Paid,153.31
707063,508438,Card,Paid,44.56
707064,508439,Card,Paid,71.56
707065,508440,UPI,Paid,148.97
707066,508442,Card,Paid,315.22
707067,508443,UPI,Paid,42.59
707068,508444,Card,Paid,365.93
707069,508445,UPI,Paid,142.03
707070,508446,Cash,Paid,113.39
707071,508447,UPI,Paid,102.77
707072,508448,UPI,Paid,79.94
707073,508451,UPI,Paid,91.9
707074,508452,UPI,Paid,81.67
707075,508453,Cash,Paid,68.18
707076,508454,Wallet,Paid,227.43
707077,508455,UPI,Paid,68.31
707078,508456,Card,Paid,98.62
707079,508457,UPI,Paid,82.52
707080,508458,Card,Paid,196.24
707081,508459,Cash,Paid,152.1
707082,508460,UPI,Paid,35.0
707083,508461,Cash,Paid,164.79
707084,508462,Card,Paid,59.21
707085,508464,Wallet,Paid,193.08
707086,508465,UPI,Paid,76.79
707087,508466,Card,Paid,37.19
707088,508467,UPI,Paid,128.11
707089,508468,Card,Paid,94.2
707090,508469,UPI,Paid,35.0
707091,508470,Cash,Paid,72.86
707092,508471,UPI,Paid,36.46
707093,508472,UPI,Paid,186.99
707094,508473,UPI,Paid,106.2
707095,508474,UPI,Paid,102.34
707096,508475,UPI,Paid,104.61
707097,508476,Card,Paid,151.81
707098,508478,Cash,Paid,77.41
707099,508480,Card,Paid,118.16
707100,508481,UPI,Paid,247.33
707101,508482,UPI,Paid,98.63
707102,508483,UPI,Paid,124.19
707103,508484,UPI,Paid,166.56
707104,508485,UPI,Paid,88.84
707105,508486,UPI,Paid,87.06
707106,508490,UPI,Paid,52.34
707107,508491,Card,Paid,234.93
707108,508493,Card,Paid,90.3
707109,508494,UPI,Paid,345.59
707110,508495,UPI,Paid,53.69
707111,508496,UPI,Paid,124.12
707112,508497,UPI,Paid,99.09
707113,508498,UPI,Paid,249.16
707114,508499,UPI,Paid,165.2
707115,508500,Cash,Paid,36.71
707116,508501,Wallet,Paid,36.72
707117,508503,Wallet,Paid,151.5
707118,508504,UPI,Paid,144.78
707119,508505,Card,Paid,152.3
707120,508507,UPI,Paid,156.25
707121,508508,UPI,Paid,143.61
707122,508511,Wallet,Paid,60.37
707123,508512,Card,Paid,74.7
707124,508513,UPI,Paid,169.88
707125,508515,Card,Paid,58.19
707126,508516,Cash,Paid,35.0
707127,508517,Card,Paid,126.62
707128,508518,Cash,Paid,125.97
707129,508519,Cash,Paid,66.89
707130,508520,UPI,Paid,264.08
707131,508521,Card,Paid,84.52
707132,508522,Wallet,Paid,156.28
707133,508524,UPI,Paid,74.39
707134,508525,Card,Paid,35.0
707135,508526,Card,Paid,189.89
707136,508528,Wallet,Paid,92.76
707137,508529,UPI,Paid,313.54
707138,508531,Wallet,Paid,42.23
707139,508532,UPI,Paid,138.75
707140,508533,Card,Paid,208.99
707141,508534,Cash,Paid,222.16
707142,508535,UPI,Paid,190.19
707143,508536,Cash,Paid,205.28
707144,508537,UPI,Paid,106.2
707145,508538,Card,Paid,63.21
707146,508539,UPI,Paid,90.41
707147,508540,UPI,Paid,109.4
707148,508541,Card,Paid,98.38
707149,508542,Wallet,Paid,105.03
707150,508543,Cash,Paid,63.64
707151,508545,Card,Paid,83.41
707152,508546,Card,Paid,45.78
707153,508548,UPI,Paid,260.87
707154,508551,Cash,Paid,134.07
707155,508552,UPI,Paid,191.17
707156,508553,UPI,Paid,165.55
707157,508554,Card,Paid,117.55
707158,508555,UPI,Paid,105.71
707159,508557,Wallet,Paid,146.22
707160,508558,UPI,Paid,127.02
707161,508559,UPI,Paid,123.63
707162,508560,Card,Paid,132.58
707163,508563,Card,Paid,188.31
707164,508564,Card,Paid,171.48
707165,508567,UPI,Paid,125.59
707166,508568,UPI,Paid,42.77
707167,508569,UPI,Paid,36.2
707168,508570,UPI,Paid,90.48
707169,508571,UPI,Paid,71.34
707170,508572,Card,Paid,101.24
707171,508573,UPI,Paid,128.48
707172,508574,UPI,Paid,131.29
707173,508575,Cash,Paid,72.78
707174,508576,UPI,Paid,105.99
707175,508577,Cash,Paid,201.28
707176,508578,Wallet,Paid,70.91
707177,508579,UPI,Paid,86.44
707178,508580,Card,Paid,67.24
707179,508581,UPI,Paid,35.0
707180,508582,Cash,Paid,70.09
707181,508583,UPI,Paid,47.08
707182,508584,UPI,Paid,148.62
707183,508587,Cash,Paid,68.63
707184,508588,UPI,Paid,94.62
707185,508589,UPI,Paid,123.43
707186,508592,UPI,Failed,160.27
707187,508593,UPI,Paid,101.46
707188,508595,Card,Paid,109.01
707189,508596,Cash,Paid,338.3
707190,508597,Card,Paid,175.57
707191,508598,Card,Paid,130.34
707192,508599,Card,Paid,290.59
707193,508600,UPI,Paid,72.5
707194,508601,Card,Paid,131.95
707195,508602,Cash,Paid,89.75
707196,508603,UPI,Paid,103.66
707197,508604,Cash,Paid,119.95
707198,508605,Wallet,Paid,96.81
707199,508606,Card,Paid,127.39
707200,508607,UPI,Paid,70.15
707201,508608,UPI,Paid,167.35
707202,508609,UPI,Paid,133.4
707203,508610,Card,Paid,113.43
707204,508612,UPI,Paid,171.55
707205,508613,UPI,Paid,501.7
707206,508614,Card,Paid,176.03
707207,508615,UPI,Paid,46.14
707208,508616,UPI,Paid,117.16
707209,508617,Wallet,Paid,347.73
707210,508618,UPI,Paid,98.66
707211,508619,UPI,Paid,94.42
707212,508620,UPI,Paid,66.98
707213,508623,UPI,Paid,105.11
707214,508624,Card,Paid,86.58
707215,508626,UPI,Paid,197.7
707216,508627,UPI,Paid,94.46
707217,508628,Card,Paid,160.09
707218,508631,Cash,Paid,51.68
707219,508632,Wallet,Paid,83.59
707220,508633,Cash,Paid,55.64
707221,508634,UPI,Paid,85.46
707222,508636,UPI,Paid,120.57
707223,508637,UPI,Paid,49.53
707224,508638,Cash,Paid,68.74
707225,508640,UPI,Paid,56.15
707226,508641,UPI,Paid,122.62
707227,508642,Cash,Paid,99.5
707228,508644,UPI,Paid,106.01
707229,508645,Card,Paid,141.45
707230,508646,Cash,Paid,287.1
707231,508648,UPI,Paid,121.17
707232,508650,UPI,Paid,94.24
707233,508651,UPI,Paid,423.92
707234,508653,Card,Paid,219.99
707235,508655,Card,Paid,240.62
707236,508656,Card,Paid,84.54
707237,508657,Wallet,Paid,170.98
707238,508660,UPI,Paid,180.05
707239,508661,Card,Paid,89.43
707240,508662,UPI,Paid,343.76
707241,508663,UPI,Paid,205.91
707242,508664,UPI,Paid,54.7
707243,508665,UPI,Paid,47.04
707244,508666,UPI,Paid,35.0
707245,508667,Cash,Paid,104.73
707246,508669,Cash,Paid,321.06
707247,508671,UPI,Paid,129.72
707248,508673,Card,Paid,69.84
707249,508674,Wallet,Paid,108.73
707250,508675,UPI,Paid,297.56
707251,508676,Cash,Paid,196.85
707252,508677,UPI,Paid,210.57
707253,508678,UPI,Paid,243.74
707254,508679,UPI,Paid,108.25
707255,508680,Card,Paid,144.07
707256,508681,UPI,Paid,88.59
707257,508682,UPI,Paid,67.36
707258,508683,UPI,Paid,100.02
707259,508684,UPI,Paid,35.0
707260,508685,Card,Paid,66.66
707261,508686,Wallet,Paid,48.87
707262,508687,Cash,Paid,147.79
707263,508688,UPI,Paid,200.72
707264,508690,Cash,Paid,67.84
707265,508691,Cash,Paid,122.69
707266,508692,Card,Paid,88.02
707267,508693,UPI,Paid,89.54
707268,508695,Wallet,Paid,367.49
707269,508697,Card,Paid,80.76
707270,508698,Card,Paid,127.8
707271,508699,Cash,Paid,48.69
707272,508700,UPI,Paid,86.18
707273,508701,Cash,Paid,116.6
707274,508702,UPI,Paid,71.79
707275,508703,UPI,Paid,269.7
707276,508704,Cash,Paid,177.8
707277,508705,Cash,Paid,245.45
707278,508706,Card,Paid,125.02
707279,508707,UPI,Paid,131.15
707280,508708,Cash,Paid,46.58
707281,508709,Card,Paid,63.61
707282,508710,UPI,Paid,67.34
707283,508711,Wallet,Paid,125.77
707284,508712,Cash,Paid,145.58
707285,508713,Wallet,Paid,35.0
707286,508714,UPI,Paid,75.95
707287,508715,UPI,Paid,327.62
707288,508716,Wallet,Paid,83.15
707289,508717,Card,Paid,84.13
707290,508718,Card,Paid,191.67
707291,508719,Card,Paid,113.65
707292,508720,UPI,Paid,102.7
707293,508721,Card,Paid,125.93
707294,508723,UPI,Paid,110.74
707295,508724,UPI,Paid,210.23
707296,508725,UPI,Paid,124.42
707297,508726,Cash,Paid,219.51
707298,508729,Cash,Paid,150.96
707299,508730,UPI,Paid,56.82
707300,508731,UPI,Paid,141.96
707301,508732,Card,Paid,55.58
707302,508733,UPI,Paid,47.37
707303,508734,Cash,Paid,135.49
707304,508735,UPI,Paid,83.66
707305,508736,Card,Paid,35.0
707306,508737,UPI,Paid,129.18
707307,508738,UPI,Paid,35.0
707308,508739,UPI,Paid,328.98
707309,508740,Wallet,Paid,93.11
707310,508741,UPI,Paid,111.84
707311,508742,Card,Paid,168.81
707312,508744,UPI,Paid,71.32
707313,508745,UPI,Paid,46.87
707314,508746,UPI,Paid,66.32
707315,508747,UPI,Paid,83.45
707316,508748,Cash,Paid,125.9
707317,508749,Card,Paid,81.62
707318,508750,Wallet,Paid,159.65
707319,508751,UPI,Paid,147.26
707320,508752,Cash,Paid,107.22
707321,508753,UPI,Paid,35.0
707322,508754,Card,Paid,103.39
707323,508756,UPI,Paid,77.76
707324,508757,Cash,Paid,91.9
707325,508758,UPI,Paid,263.35
707326,508759,UPI,Paid,141.36
707327,508760,UPI,Paid,55.05
707328,508761,Card,Paid,67.26
707329,508762,UPI,Paid,66.72
707330,508763,Wallet,Paid,116.94
707331,508764,UPI,Paid,314.31
707332,508765,Card,Paid,90.2
707333,508766,Cash,Paid,95.55
707334,508767,Card,Paid,62.95
707335,508769,Card,Paid,153.47
707336,508770,Card,Paid,102.02
707337,508772,Card,Paid,117.64
707338,508773,Cash,Failed,61.87
707339,508774,Wallet,Paid,105.8
707340,508775,Card,Paid,82.69
707341,508776,Card,Paid,71.86
707342,508777,UPI,Paid,46.64
707343,508778,Cash,Paid,130.1
707344,508779,UPI,Paid,378.81
707345,508780,Cash,Paid,92.15
707346,508782,UPI,Paid,35.0
707347,508783,Card,Paid,166.65
707348,508784,Card,Paid,102.09
707349,508785,UPI,Paid,62.98
707350,508786,Card,Paid,147.38
707351,508788,Card,Paid,63.4
707352,508790,Card,Paid,307.42
707353,508791,UPI,Paid,48.34
707354,508793,Cash,Paid,51.51
707355,508794,Wallet,Paid,92.25
707356,508795,Cash,Paid,103.08
707357,508796,UPI,Paid,188.31
707358,508797,UPI,Paid,124.58
707359,508798,UPI,Paid,89.14
707360,508799,UPI,Paid,35.0
707361,508801,Cash,Paid,558.89
707362,508802,Card,Paid,121.01
707363,508803,UPI,Paid,112.75
707364,508804,Card,Paid,54.45
707365,508805,UPI,Paid,69.72
707366,508806,UPI,Paid,94.94
707367,508807,UPI,Paid,209.73
707368,508809,Card,Paid,169.82
707369,508810,UPI,Paid,80.59
707370,508812,UPI,Paid,277.63
707371,508813,UPI,Paid,35.0
707372,508814,Cash,Paid,86.89
707373,508815,UPI,Paid,130.59
707374,508816,UPI,Paid,304.53
707375,508817,UPI,Paid,81.33
707376,508818,UPI,Paid,55.87
707377,508819,UPI,Paid,95.88
707378,508820,UPI,Paid,97.53
707379,508821,Card,Paid,138.18
707380,508822,Cash,Paid,470.39
707381,508823,UPI,Paid,138.74
707382,508824,UPI,Paid,116.57
707383,508825,Card,Paid,205.96
707384,508826,Cash,Paid,35.0
707385,508827,Card,Paid,104.16
707386,508829,Cash,Paid,144.56
707387,508830,Card,Paid,64.98
707388,508831,Cash,Paid,64.95
707389,508832,Cash,Paid,66.31
707390,508834,Wallet,Paid,65.13
707391,508835,UPI,Paid,93.0
707392,508836,Card,Paid,35.0
707393,508837,UPI,Paid,54.78
707394,508838,UPI,Paid,195.61
707395,508839,Card,Paid,59.41
707396,508840,Cash,Paid,93.1
707397,508841,Cash,Paid,98.83
707398,508843,UPI,Paid,151.57
707399,508844,UPI,Paid,38.01
707400,508845,UPI,Paid,110.52
707401,508846,Cash,Paid,247.45
707402,508847,UPI,Paid,172.41
707403,508848,UPI,Paid,119.22
707404,508849,UPI,Paid,45.51
707405,508850,Wallet,Paid,112.9
707406,508852,Card,Paid,96.7
707407,508853,Card,Paid,111.21
707408,508854,UPI,Paid,132.5
707409,508855,UPI,Paid,51.15
707410,508856,UPI,Paid,89.76
707411,508857,UPI,Paid,166.62
707412,508858,Cash,Paid,159.11
707413,508859,UPI,Paid,74.8
707414,508860,Card,Paid,149.34
707415,508861,Cash,Paid,108.27
707416,508862,Card,Paid,150.28
707417,508863,Card,Paid,225.7
707418,508864,Cash,Paid,109.5
707419,508865,UPI,Paid,92.82
707420,508866,Wallet,Paid,78.44
707421,508867,Wallet,Paid,114.64
707422,508869,Card,Paid,60.7
707423,508870,Cash,Paid,46.77
707424,508871,Cash,Paid,71.33
707425,508872,UPI,Paid,123.24
707426,508873,UPI,Paid,167.31
707427,508874,UPI,Paid,231.52
707428,508875,Wallet,Paid,35.0
707429,508877,UPI,Paid,140.67
707430,508878,Card,Paid,59.9
707431,508879,UPI,Paid,318.92
707432,508880,Cash,Paid,104.93
707433,508881,Cash,Paid,35.0
707434,508883,UPI,Paid,151.91
707435,508884,Cash,Paid,69.92
707436,508885,UPI,Paid,65.43
707437,508887,Card,Paid,83.73
707438,508888,Wallet,Paid,35.0
707439,508889,Card,Paid,68.52
707440,508890,Card,Paid,140.38
707441,508891,UPI,Paid,133.71
707442,508892,UPI,Paid,51.22
707443,508893,Cash,Paid,138.07
707444,508894,UPI,Paid,170.38
707445,508895,UPI,Paid,35.0
707446,508896,UPI,Paid,404.45
707447,508897,UPI,Paid,335.67
707448,508898,UPI,Paid,161.7
707449,508899,UPI,Paid,126.21
707450,508901,Card,Paid,127.5
707451,508902,Cash,Paid,209.89
707452,508903,Card,Paid,205.26
707453,508904,Card,Paid,207.62
707454,508905,Cash,Paid,82.17
707455,508906,Card,Paid,159.54
707456,508907,Card,Paid,71.49
707457,508908,Card,Paid,66.71
707458,508909,UPI,Paid,43.32
707459,508910,Card,Paid,96.93
707460,508911,Cash,Paid,195.24
707461,508912,UPI,Paid,128.58
707462,508913,UPI,Paid,80.99
707463,508914,UPI,Paid,192.9
707464,508915,UPI,Paid,53.49
707465,508916,Card,Paid,224.83
707466,508918,Card,Paid,35.0
707467,508919,UPI,Paid,38.77
707468,508921,Card,Paid,160.32
707469,508924,UPI,Paid,168.44
707470,508925,UPI,Paid,177.16
707471,508926,Card,Paid,192.25
707472,508928,Card,Paid,286.03
707473,508930,UPI,Paid,155.6
707474,508931,UPI,Paid,56.7
707475,508933,Card,Paid,233.37
707476,508934,Card,Paid,89.58
707477,508937,UPI,Paid,157.51
707478,508938,UPI,Paid,87.1
707479,508939,UPI,Paid,64.44
707480,508940,UPI,Paid,184.6
707481,508941,UPI,Paid,99.71
707482,508942,UPI,Paid,168.69
707483,508943,Card,Paid,82.84
707484,508944,Card,Failed,444.35
707485,508945,UPI,Paid,70.94
707486,508946,Cash,Paid,136.85
707487,508947,Card,Paid,76.73
707488,508948,UPI,Paid,142.16
707489,508949,UPI,Paid,104.99
707490,508950,UPI,Paid,51.69
707491,508951,UPI,Paid,60.83
707492,508952,UPI,Paid,172.22
707493,508954,Cash,Paid,117.03
707494,508956,Card,Paid,187.31
707495,508957,Cash,Paid,43.5
707496,508958,Card,Paid,74.4
707497,508960,Cash,Paid,35.0
707498,508961,UPI,Paid,153.79
707499,508962,Cash,Paid,92.4
707500,508964,Card,Paid,35.0
707501,508965,UPI,Failed,83.64
707502,508966,Wallet,Paid,229.13
707503,508967,Wallet,Paid,75.65
707504,508969,Card,Paid,104.97
707505,508970,UPI,Paid,118.72
707506,508971,UPI,Paid,53.24
707507,508974,Cash,Paid,57.45
707508,508975,Wallet,Paid,80.64
707509,508977,UPI,Paid,36.38
707510,508978,UPI,Paid,167.51
707511,508980,Cash,Paid,95.74
707512,508981,UPI,Paid,60.97
707513,508983,Card,Paid,58.15
707514,508985,UPI,Paid,149.3
707515,508986,UPI,Paid,200.49
707516,508987,Card,Paid,215.32
707517,508988,UPI,Paid,40.85
707518,508989,Wallet,Paid,54.81
707519,508990,UPI,Paid,156.83
707520,508991,Card,Paid,192.71
707521,508992,UPI,Paid,116.81
707522,508993,Cash,Paid,175.92
707523,508994,Card,Paid,138.97
707524,508995,UPI,Paid,103.95
707525,508997,UPI,Paid,74.34
707526,508998,UPI,Paid,109.82
707527,508999,Cash,Paid,65.51
707528,509000,UPI,Paid,150.95
707529,509001,UPI,Paid,38.49
707530,509002,UPI,Paid,59.83
707531,509003,Cash,Paid,77.86
707532,509004,Card,Paid,61.82
707533,509005,Card,Paid,35.31
707534,509006,UPI,Paid,136.97
707535,509007,UPI,Paid,144.03
707536,509008,UPI,Paid,150.72
707537,509009,UPI,Paid,52.59
707538,509010,Cash,Paid,150.76
707539,509011,UPI,Paid,39.75
707540,509012,UPI,Paid,56.8
707541,509015,Card,Paid,35.0
707542,509017,UPI,Paid,63.9
707543,509018,UPI,Paid,179.7
707544,509019,Card,Paid,55.95
707545,509020,UPI,Paid,35.0
707546,509021,Cash,Paid,288.06
707547,509024,UPI,Paid,35.0
707548,509025,UPI,Paid,124.71
707549,509026,Cash,Paid,154.16
707550,509027,Card,Paid,72.7
707551,509028,UPI,Paid,115.54
707552,509029,UPI,Paid,118.0
707553,509030,UPI,Paid,66.23
707554,509033,UPI,Paid,41.11
707555,509034,UPI,Paid,38.26
707556,509035,Cash,Paid,342.07
707557,509036,UPI,Paid,84.8
707558,509037,UPI,Paid,80.92
707559,509038,Cash,Paid,127.52
707560,509039,Card,Paid,277.73
707561,509040,Card,Paid,88.39
707562,509041,Card,Paid,266.19
707563,509044,Cash,Paid,146.31
707564,509045,UPI,Paid,93.76
707565,509046,Cash,Paid,35.0
707566,509047,UPI,Paid,35.0
707567,509048,UPI,Paid,94.04
707568,509049,Card,Paid,228.69
707569,509054,Cash,Paid,133.81
707570,509055,Card,Paid,127.87
707571,509056,UPI,Paid,241.95
707572,509057,Cash,Paid,61.2
707573,509059,UPI,Paid,67.39
707574,509060,Card,Paid,94.91
707575,509061,Cash,Paid,206.51
707576,509062,UPI,Paid,35.0
707577,509063,Cash,Paid,133.63
707578,509064,Cash,Paid,127.33
707579,509065,Card,Paid,35.0
707580,509066,Cash,Paid,87.79
707581,509067,Card,Paid,97.89
707582,509068,Cash,Paid,38.53
707583,509069,UPI,Paid,143.32
707584,509070,Card,Paid,93.53
707585,509071,Wallet,Paid,128.86
707586,509072,UPI,Paid,44.43
707587,509073,UPI,Paid,96.79
707588,509074,UPI,Paid,35.0
707589,509075,Wallet,Paid,53.54
707590,509078,UPI,Paid,43.07
707591,509079,Card,Paid,120.97
707592,509080,UPI,Paid,114.54
707593,509081,Card,Paid,83.13
707594,509082,UPI,Paid,138.07
707595,509083,Wallet,Paid,93.89
707596,509084,Card,Paid,155.03
707597,509085,UPI,Paid,183.97
707598,509086,UPI,Paid,58.61
707599,509087,UPI,Paid,78.59
707600,509088,Cash,Paid,112.98
707601,509089,Cash,Paid,158.63
707602,509090,Wallet,Paid,224.72
707603,509091,Cash,Paid,86.04
707604,509092,UPI,Paid,35.0
707605,509093,Card,Paid,142.16
707606,509094,UPI,Paid,327.92
707607,509095,Cash,Paid,169.29
707608,509096,UPI,Paid,151.02
707609,509098,UPI,Paid,97.41
707610,509099,Cash,Paid,136.98
707611,509100,Cash,Paid,108.15
707612,509101,UPI,Paid,213.19
707613,509102,UPI,Paid,36.61
707614,509104,Card,Paid,335.21
707615,509105,UPI,Paid,106.38
707616,509106,Cash,Paid,182.51
707617,509107,UPI,Paid,63.17
707618,509108,Card,Paid,127.6
707619,509109,UPI,Paid,135.23
707620,509110,UPI,Paid,218.89
707621,509111,UPI,Paid,83.24
707622,509113,Cash,Paid,54.28
707623,509114,UPI,Paid,231.23
707624,509115,Card,Paid,35.0
707625,509116,UPI,Paid,179.16
707626,509117,Card,Paid,126.28
707627,509118,Card,Paid,296.4
707628,509119,Wallet,Paid,56.69
707629,509120,Cash,Paid,45.44
707630,509121,Wallet,Paid,62.11
707631,509122,UPI,Paid,97.01
707632,509123,UPI,Paid,181.53
707633,509124,UPI,Paid,271.88
707634,509125,Cash,Paid,85.38
707635,509126,Cash,Paid,143.99
707636,509127,Cash,Paid,104.56
707637,509128,Wallet,Paid,178.65
707638,509129,UPI,Paid,108.64
707639,509130,UPI,Paid,112.15
707640,509131,UPI,Paid,138.56
707641,509132,Cash,Paid,107.76
707642,509134,UPI,Paid,154.42
707643,509135,Cash,Paid,290.22
707644,509136,UPI,Paid,110.53
707645,509137,UPI,Paid,55.99
707646,509138,UPI,Paid,35.0
707647,509139,Cash,Paid,35.0
707648,509141,UPI,Paid,67.31
707649,509142,Card,Paid,256.19
707650,509143,Card,Paid,141.41
707651,509144,Wallet,Paid,146.89
707652,509145,Cash,Paid,66.22
707653,509146,Cash,Paid,64.83
707654,509147,Card,Paid,134.96
707655,509148,Card,Paid,93.57
707656,509149,Wallet,Paid,35.0
707657,509150,Cash,Paid,205.67
707658,509151,Cash,Paid,174.86
707659,509152,UPI,Paid,190.33
707660,509153,UPI,Paid,86.31
707661,509154,Wallet,Paid,227.85
707662,509155,Cash,Paid,133.83
707663,509156,Card,Paid,110.11
707664,509157,UPI,Paid,124.65
707665,509158,UPI,Paid,196.1
707666,509159,Cash,Paid,84.65
707667,509160,UPI,Paid,225.24
707668,509161,Cash,Paid,354.36
707669,509162,UPI,Paid,107.06
707670,509164,UPI,Paid,106.83
707671,509165,Cash,Paid,103.84
707672,509166,Card,Paid,35.0
707673,509167,Cash,Paid,102.05
707674,509168,UPI,Paid,118.24
707675,509169,Cash,Paid,66.35
707676,509170,Card,Paid,152.63
707677,509171,UPI,Paid,101.25
707678,509172,Card,Paid,59.85
707679,509174,UPI,Paid,93.71
707680,509175,Card,Paid,221.02
707681,509176,Card,Paid,95.73
707682,509177,Wallet,Paid,123.65
707683,509178,UPI,Paid,45.8
707684,509179,UPI,Paid,149.28
707685,509181,Cash,Paid,113.36
707686,509182,Card,Paid,119.6
707687,509183,Cash,Paid,122.32
707688,509185,UPI,Paid,68.69
707689,509187,Cash,Paid,35.0
707690,509188,Cash,Paid,138.45
707691,509189,UPI,Paid,334.46
707692,509190,Cash,Paid,65.5
707693,509191,UPI,Paid,116.18
707694,509192,UPI,Paid,35.0
707695,509193,UPI,Paid,140.28
707696,509194,UPI,Failed,35.0
707697,509195,UPI,Paid,255.92
707698,509196,UPI,Paid,155.06
707699,509197,Card,Paid,112.52
707700,509198,Cash,Paid,70.66
707701,509199,Cash,Paid,96.63
707702,509200,UPI,Paid,53.1
707703,509203,Card,Paid,129.78
707704,509204,Cash,Paid,38.2
707705,509205,UPI,Paid,35.0
707706,509206,Cash,Paid,147.06
707707,509207,Card,Paid,93.05
707708,509209,Card,Paid,101.57
707709,509210,Wallet,Paid,111.13
707710,509211,Card,Paid,214.53
707711,509212,UPI,Paid,95.0
707712,509213,Card,Paid,115.48
707713,509214,Card,Paid,182.74
707714,509215,Cash,Paid,69.73
707715,509217,Cash,Paid,189.95
707716,509218,UPI,Paid,80.1
707717,509219,UPI,Paid,198.77
707718,509220,Card,Paid,105.6
707719,509223,UPI,Paid,201.55
707720,509224,Cash,Paid,64.52
707721,509225,UPI,Paid,111.98
707722,509226,Card,Paid,399.55
707723,509227,UPI,Paid,190.69
707724,509228,Card,Paid,65.01
707725,509229,Wallet,Paid,105.82
707726,509230,UPI,Paid,139.48
707727,509231,Cash,Paid,95.28
707728,509232,UPI,Paid,130.52
707729,509233,Card,Paid,394.59
707730,509234,UPI,Paid,146.62
707731,509235,Wallet,Paid,86.73
707732,509236,UPI,Paid,140.0
707733,509237,Card,Paid,81.99
707734,509238,UPI,Paid,82.38
707735,509240,UPI,Paid,103.16
707736,509241,Card,Paid,187.5
707737,509242,Cash,Paid,120.89
707738,509243,Cash,Paid,76.43
707739,509244,Wallet,Paid,98.82
707740,509245,Card,Paid,145.14
707741,509246,Card,Paid,117.75
707742,509247,Cash,Paid,56.29
707743,509248,Card,Paid,224.17
707744,509251,UPI,Paid,138.37
707745,509254,UPI,Paid,54.35
707746,509255,Card,Paid,197.5
707747,509256,Cash,Paid,92.32
707748,509257,Card,Paid,35.0
707749,509258,UPI,Paid,211.88
707750,509261,Cash,Paid,72.66
707751,509262,UPI,Paid,157.45
707752,509263,Card,Paid,58.65
707753,509264,Cash,Paid,42.59
707754,509265,Card,Paid,62.86
707755,509266,Wallet,Paid,110.34
707756,509267,UPI,Paid,90.5
707757,509268,UPI,Paid,119.47
707758,509269,Wallet,Paid,36.39
707759,509270,UPI,Paid,140.12
707760,509271,UPI,Paid,192.92
707761,509273,Card,Paid,238.69
707762,509274,Cash,Paid,56.16
707763,509275,UPI,Paid,164.29
707764,509276,Cash,Paid,114.57
707765,509277,UPI,Paid,86.29
707766,509279,Wallet,Failed,43.99
707767,509280,Cash,Paid,83.68
707768,509282,UPI,Paid,35.0
707769,509283,Card,Paid,142.09
707770,509284,Cash,Paid,224.96
707771,509286,Cash,Paid,68.57
707772,509287,UPI,Paid,211.83
707773,509288,Card,Paid,199.42
707774,509289,UPI,Paid,93.91
707775,509290,Cash,Paid,129.65
707776,509291,Card,Paid,68.5
707777,509293,UPI,Paid,53.84
707778,509295,UPI,Paid,76.78
707779,509296,UPI,Paid,95.51
707780,509297,UPI,Paid,169.96
707781,509298,Card,Paid,147.95
707782,509299,UPI,Paid,154.39
707783,509300,Wallet,Paid,70.55
707784,509301,Card,Paid,168.01
707785,509302,UPI,Paid,76.51
707786,509303,UPI,Paid,111.43
707787,509304,Cash,Paid,115.98
707788,509305,UPI,Paid,35.0
707789,509306,Wallet,Paid,293.0
707790,509307,Cash,Paid,215.52
707791,509308,Card,Paid,96.02
707792,509309,UPI,Paid,67.54
707793,509311,Wallet,Paid,125.35
707794,509312,Wallet,Paid,135.99
707795,509313,UPI,Paid,231.43
707796,509314,UPI,Paid,163.89
707797,509315,UPI,Paid,35.0
707798,509316,Card,Paid,81.09
707799,509317,Card,Paid,108.16
707800,509318,Wallet,Paid,201.1
707801,509320,Card,Paid,126.56
707802,509321,Card,Paid,95.05
707803,509322,UPI,Failed,61.53
707804,509323,Cash,Paid,123.98
707805,509324,UPI,Paid,79.82
707806,509325,Wallet,Paid,520.64
707807,509326,UPI,Paid,187.9
707808,509328,Cash,Paid,54.45
707809,509330,Cash,Paid,142.3
707810,509331,Card,Paid,68.71
707811,509332,UPI,Paid,179.04
707812,509333,UPI,Paid,102.74
707813,509334,UPI,Paid,215.74
707814,509335,UPI,Paid,63.39
707815,509336,Wallet,Paid,209.8
707816,509337,UPI,Paid,120.91
707817,509338,Card,Paid,223.42
707818,509339,UPI,Paid,180.37
707819,509340,Card,Paid,139.95
707820,509341,Cash,Paid,155.5
707821,509342,Cash,Paid,130.09
707822,509343,UPI,Paid,35.0
707823,509344,Wallet,Paid,75.21
707824,509345,UPI,Paid,100.93
707825,509346,Cash,Paid,266.48
707826,509347,UPI,Paid,200.56
707827,509348,UPI,Paid,142.29
707828,509352,UPI,Paid,123.32
707829,509353,UPI,Paid,102.39
707830,509354,Card,Paid,100.56
707831,509355,Card,Paid,122.39
707832,509356,Cash,Paid,455.14
707833,509357,UPI,Paid,54.42
707834,509359,Cash,Paid,35.0
707835,509360,Wallet,Paid,61.71
707836,509361,Cash,Paid,118.79
707837,509362,UPI,Paid,76.85
707838,509363,UPI,Paid,88.8
707839,509364,UPI,Paid,35.0
707840,509365,Cash,Paid,82.59
707841,509366,UPI,Paid,242.39
707842,509367,Cash,Paid,502.95
707843,509369,Card,Paid,82.65
707844,509371,Card,Paid,276.1
707845,509372,Cash,Paid,108.37
707846,509373,UPI,Paid,68.33
707847,509374,UPI,Paid,174.92
707848,509375,Wallet,Paid,145.8
707849,509376,UPI,Paid,52.87
707850,509377,Card,Paid,108.88
707851,509378,UPI,Paid,61.46
707852,509379,UPI,Paid,38.18
707853,509380,UPI,Paid,353.93
707854,509381,Cash,Paid,129.59
707855,509382,Cash,Paid,104.86
707856,509384,Cash,Paid,104.1
707857,509385,UPI,Paid,171.96
707858,509386,Wallet,Paid,111.16
707859,509387,Cash,Paid,193.79
707860,509388,Cash,Paid,35.0
707861,509389,Cash,Paid,70.71
707862,509390,UPI,Paid,218.3
707863,509391,UPI,Paid,216.92
707864,509392,UPI,Paid,104.65
707865,509393,UPI,Paid,60.32
707866,509395,Cash,Paid,47.01
707867,509396,Card,Paid,47.07
707868,509398,UPI,Paid,90.79
707869,509399,Card,Paid,99.56
707870,509400,Card,Paid,361.11
707871,509401,Wallet,Paid,43.34
707872,509402,UPI,Paid,105.01
707873,509403,Cash,Paid,194.86
707874,509404,UPI,Paid,66.89
707875,509405,Card,Paid,58.53
707876,509406,UPI,Paid,166.83
707877,509407,Card,Paid,149.63
707878,509408,Card,Paid,35.0
707879,509409,Cash,Paid,194.47
707880,509410,UPI,Paid,158.74
707881,509411,Wallet,Paid,82.24
707882,509412,Cash,Paid,35.0
707883,509413,Cash,Paid,84.84
707884,509414,Cash,Paid,99.96
707885,509415,UPI,Paid,116.28
707886,509416,Card,Paid,45.26
707887,509417,UPI,Paid,156.08
707888,509418,UPI,Failed,94.26
707889,509419,UPI,Paid,135.82
707890,509420,UPI,Paid,121.09
707891,509422,Cash,Paid,35.0
707892,509424,UPI,Paid,114.52
707893,509425,UPI,Paid,53.75
707894,509426,Card,Paid,99.93
707895,509429,Cash,Paid,111.57
707896,509430,Card,Paid,52.88
707897,509431,UPI,Paid,101.41
707898,509434,UPI,Paid,149.14
707899,509435,Cash,Paid,68.1
707900,509436,UPI,Paid,70.98
707901,509437,Cash,Paid,191.53
707902,509438,Card,Paid,183.45
707903,509439,UPI,Paid,60.07
707904,509440,Cash,Paid,122.84
707905,509441,UPI,Paid,146.19
707906,509443,Wallet,Paid,168.97
707907,509444,UPI,Paid,68.22
707908,509445,UPI,Paid,133.08
707909,509446,Cash,Paid,339.29
707910,509448,Cash,Paid,167.58
707911,509450,UPI,Paid,162.39
707912,509451,Card,Paid,102.92
707913,509452,UPI,Paid,159.03
707914,509453,Wallet,Paid,163.1
707915,509454,UPI,Paid,35.0
707916,509455,UPI,Paid,55.12
707917,509456,Cash,Paid,333.09
707918,509457,Wallet,Paid,193.49
707919,509458,UPI,Paid,117.16
707920,509459,UPI,Paid,35.0
707921,509460,UPI,Paid,153.18
707922,509461,UPI,Paid,195.41
707923,509462,Card,Failed,184.39
707924,509463,Card,Paid,35.0
707925,509464,Wallet,Paid,80.82
707926,509465,UPI,Paid,85.57
707927,509466,Wallet,Paid,238.15
707928,509468,UPI,Paid,49.25
707929,509469,Card,Paid,253.98
707930,509470,Cash,Paid,35.0
707931,509471,Cash,Paid,184.29
707932,509472,UPI,Paid,86.81
707933,509473,Cash,Paid,252.04
707934,509474,UPI,Paid,174.99
707935,509475,Cash,Paid,135.66
707936,509476,UPI,Paid,223.83
707937,509477,UPI,Paid,95.13
707938,509478,Card,Paid,145.49
707939,509479,Card,Paid,268.85
707940,509480,Cash,Paid,73.11
707941,509481,Card,Paid,384.52
707942,509482,Wallet,Paid,203.37
707943,509483,Cash,Paid,80.76
707944,509485,Card,Paid,56.47
707945,509486,UPI,Paid,62.49
707946,509487,Wallet,Paid,249.57
707947,509488,UPI,Paid,119.92
707948,509489,UPI,Paid,244.1
707949,509490,UPI,Paid,76.85
707950,509491,Card,Paid,211.07
707951,509492,Card,Paid,93.25
707952,509494,UPI,Paid,229.91
707953,509495,UPI,Paid,54.72
707954,509496,UPI,Paid,50.57
707955,509497,UPI,Paid,79.15
707956,509498,Card,Paid,114.16
707957,509499,Card,Paid,174.95
707958,509500,UPI,Paid,66.05
707959,509501,UPI,Paid,138.42
707960,509502,UPI,Paid,60.4
707961,509503,UPI,Paid,60.4
707962,509504,UPI,Paid,35.0
707963,509505,UPI,Paid,108.7
707964,509507,Cash,Paid,78.18
707965,509508,UPI,Paid,295.89
707966,509509,UPI,Paid,242.74
707967,509510,UPI,Paid,308.3
707968,509512,Cash,Paid,254.89
707969,509513,Cash,Paid,91.81
707970,509514,Wallet,Paid,330.42
707971,509515,Cash,Paid,148.8
707972,509516,UPI,Paid,93.76
707973,509517,UPI,Paid,125.89
707974,509518,UPI,Paid,164.84
707975,509519,Wallet,Paid,177.33
707976,509520,Cash,Paid,77.86
707977,509521,UPI,Paid,43.41
707978,509522,UPI,Paid,245.36
707979,509523,UPI,Paid,253.51
707980,509524,Card,Paid,111.95
707981,509525,Cash,Paid,149.21
707982,509526,UPI,Paid,161.49
707983,509527,Card,Paid,197.74
707984,509529,Card,Failed,120.19
707985,509530,Card,Paid,237.75
707986,509531,UPI,Paid,98.97
707987,509532,Cash,Paid,136.46
707988,509533,UPI,Paid,75.58
707989,509534,Cash,Paid,41.83
707990,509535,Cash,Paid,81.75
707991,509536,Cash,Paid,158.49
707992,509537,Cash,Paid,101.56
707993,509538,UPI,Paid,227.82
707994,509539,UPI,Paid,97.3
707995,509540,Cash,Paid,109.91
707996,509541,Card,Paid,220.59
707997,509542,UPI,Paid,172.17
707998,509543,UPI,Paid,172.25
707999,509544,Wallet,Paid,116.83
708000,509545,UPI,Paid,85.59
708001,509546,Card,Paid,103.13
708002,509547,UPI,Paid,44.79
708003,509548,UPI,Paid,86.7
708004,509549,Card,Paid,60.01
708005,509550,Card,Paid,544.01
708006,509551,Cash,Paid,194.28
708007,509552,Card,Paid,48.48
708008,509553,UPI,Paid,52.84
708009,509554,UPI,Paid,53.24
708010,509555,Cash,Failed,64.93
708011,509556,Cash,Paid,115.26
708012,509557,Card,Paid,51.96
708013,509558,UPI,Paid,193.74
708014,509559,Card,Paid,35.0
708015,509561,Card,Paid,95.72
708016,509562,UPI,Paid,47.73
708017,509563,UPI,Paid,97.54
708018,509564,Card,Paid,116.48
708019,509565,Cash,Paid,66.13
708020,509568,UPI,Paid,138.91
708021,509569,Card,Paid,120.23
708022,509570,Card,Paid,160.93
708023,509571,UPI,Paid,162.17
708024,509572,UPI,Paid,113.87
708025,509573,UPI,Failed,88.0
708026,509574,Card,Paid,57.43
708027,509577,Card,Paid,99.68
708028,509578,Wallet,Paid,86.2
708029,509581,UPI,Paid,73.23
708030,509582,Card,Paid,135.6
708031,509583,Wallet,Paid,35.0
708032,509584,UPI,Paid,127.31
708033,509585,Card,Paid,106.41
708034,509587,Wallet,Paid,213.92
708035,509589,Cash,Paid,94.23
708036,509590,UPI,Paid,204.42
708037,509591,Card,Paid,72.36
708038,509592,Wallet,Paid,172.63
708039,509594,Card,Paid,183.68
708040,509595,UPI,Paid,201.03
708041,509597,Card,Paid,133.62
708042,509598,UPI,Paid,130.59
708043,509599,Card,Paid,224.76
708044,509600,Cash,Paid,84.23
708045,509601,Card,Paid,184.67
708046,509602,Card,Paid,82.65
708047,509603,UPI,Paid,111.61
708048,509604,Cash,Paid,86.56
708049,509605,Cash,Paid,163.98
708050,509606,UPI,Paid,52.89
708051,509607,UPI,Paid,70.47
708052,509608,UPI,Paid,70.73
708053,509609,Cash,Paid,174.51
708054,509610,UPI,Paid,133.43
708055,509611,Cash,Paid,39.71
708056,509612,UPI,Paid,206.99
708057,509613,UPI,Paid,56.61
708058,509614,Cash,Paid,147.17
708059,509615,UPI,Paid,118.89
708060,509616,Cash,Paid,201.05
708061,509617,Cash,Paid,128.53
708062,509618,UPI,Paid,68.57
708063,509619,UPI,Paid,126.4
708064,509620,UPI,Paid,126.18
708065,509622,UPI,Paid,105.37
708066,509623,Card,Paid,35.0
708067,509626,UPI,Paid,59.46
708068,509627,Cash,Paid,195.76
708069,509628,UPI,Paid,147.0
708070,509629,Cash,Paid,72.71
708071,509631,UPI,Paid,140.35
708072,509632,UPI,Paid,62.11
708073,509633,UPI,Paid,264.02
708074,509634,Card,Paid,222.17
708075,509635,UPI,Paid,50.13
708076,509636,UPI,Paid,79.19
708077,509637,UPI,Paid,149.65
708078,509640,UPI,Paid,138.81
708079,509641,Cash,Paid,80.19
708080,509642,UPI,Paid,71.22
708081,509643,UPI,Paid,102.84
708082,509644,Cash,Paid,47.52
708083,509645,Card,Paid,201.45
708084,509646,Card,Paid,105.01
708085,509647,UPI,Paid,100.83
708086,509648,Card,Paid,130.81
708087,509649,UPI,Paid,75.69
708088,509651,Card,Paid,79.03
708089,509653,UPI,Paid,102.19
708090,509654,UPI,Paid,211.92
708091,509655,UPI,Paid,41.66
708092,509656,UPI,Paid,184.16
708093,509658,Wallet,Paid,63.95
708094,509659,Wallet,Paid,74.49
708095,509660,UPI,Paid,162.58
708096,509661,UPI,Paid,105.23
708097,509662,UPI,Paid,36.18
708098,509663,Cash,Paid,90.19
708099,509664,UPI,Paid,70.47
708100,509665,Card,Paid,107.09
708101,509666,UPI,Paid,103.9
708102,509667,Wallet,Paid,111.27
708103,509668,Cash,Paid,126.71
708104,509669,UPI,Paid,79.01
708105,509670,UPI,Paid,148.57
708106,509671,Card,Paid,60.62
708107,509672,Cash,Paid,35.0
708108,509673,Wallet,Paid,158.62
708109,509674,Wallet,Paid,620.3
708110,509675,Card,Paid,68.64
708111,509677,UPI,Paid,49.06
708112,509678,Card,Paid,78.35
708113,509679,Card,Paid,134.28
708114,509681,Card,Paid,120.92
708115,509682,UPI,Paid,124.7
708116,509684,Cash,Paid,64.8
708117,509685,Cash,Paid,117.91
708118,509686,Card,Paid,73.99
708119,509687,UPI,Paid,123.49
708120,509688,UPI,Paid,135.01
708121,509689,UPI,Paid,252.41
708122,509690,Card,Paid,136.72
708123,509691,UPI,Paid,258.02
708124,509692,UPI,Paid,60.49
708125,509693,UPI,Paid,293.76
708126,509694,UPI,Paid,112.89
708127,509695,UPI,Paid,354.43
708128,509697,UPI,Paid,68.73
708129,509699,UPI,Paid,221.23
708130,509702,Card,Paid,71.43
708131,509703,Wallet,Paid,202.82
708132,509704,Card,Paid,35.0
708133,509706,Cash,Paid,148.48
708134,509708,UPI,Paid,143.92
708135,509709,UPI,Paid,92.4
708136,509710,Card,Paid,102.82
708137,509712,Cash,Paid,86.49
708138,509713,Card,Paid,221.83
708139,509714,UPI,Paid,109.14
708140,509715,Card,Paid,101.41
708141,509717,Cash,Paid,94.15
708142,509718,UPI,Paid,114.46
708143,509720,Card,Paid,177.61
708144,509721,UPI,Paid,119.87
708145,509722,Card,Paid,111.19
708146,509723,UPI,Paid,117.15
708147,509726,UPI,Paid,116.89
708148,509727,UPI,Paid,89.47
708149,509728,UPI,Paid,42.76
708150,509729,UPI,Paid,103.4
708151,509730,UPI,Paid,74.35
708152,509731,UPI,Paid,35.0
708153,509732,UPI,Paid,153.29
708154,509733,Cash,Paid,125.56
708155,509734,Cash,Paid,77.84
708156,509735,UPI,Paid,201.43
708157,509736,UPI,Paid,97.54
708158,509738,Card,Paid,86.64
708159,509739,Card,Paid,35.0
708160,509740,Card,Paid,36.52
708161,509741,Wallet,Paid,182.69
708162,509742,UPI,Paid,60.91
708163,509743,UPI,Paid,35.0
708164,509744,UPI,Paid,35.0
708165,509746,UPI,Paid,170.37
708166,509747,UPI,Paid,72.27
708167,509748,UPI,Paid,111.71
708168,509749,UPI,Paid,35.0
708169,509750,UPI,Paid,66.48
708170,509751,UPI,Paid,94.72
708171,509752,UPI,Paid,82.55
708172,509753,UPI,Paid,51.81
708173,509756,Cash,Paid,79.5
708174,509758,UPI,Paid,143.76
708175,509760,Cash,Paid,35.0
708176,509761,UPI,Paid,220.67
708177,509762,UPI,Paid,95.12
708178,509763,Card,Paid,76.13
708179,509764,UPI,Paid,182.25
708180,509766,Cash,Paid,105.54
708181,509768,Cash,Paid,96.89
708182,509769,Wallet,Paid,226.64
708183,509770,Card,Paid,110.68
708184,509771,UPI,Paid,43.96
708185,509772,Cash,Paid,37.12
708186,509773,UPI,Paid,35.0
708187,509774,Cash,Paid,106.33
708188,509775,UPI,Paid,141.96
708189,509776,Cash,Paid,164.01
708190,509779,UPI,Paid,185.04
708191,509780,UPI,Paid,222.88
708192,509782,Cash,Paid,87.85
708193,509784,Cash,Paid,62.42
708194,509785,Cash,Paid,178.55
708195,509786,UPI,Paid,133.11
708196,509787,Cash,Paid,205.05
708197,509788,UPI,Paid,68.48
708198,509789,Card,Paid,144.56
708199,509791,UPI,Paid,35.0
708200,509792,Card,Paid,42.7
708201,509793,UPI,Paid,71.96
708202,509794,Card,Paid,158.0
708203,509795,Card,Paid,72.89
708204,509798,UPI,Paid,48.77
708205,509799,UPI,Paid,125.74
708206,509800,UPI,Paid,86.18
708207,509801,UPI,Paid,53.48
708208,509803,UPI,Paid,96.44
708209,509804,Card,Paid,122.96
708210,509805,UPI,Paid,70.65
708211,509806,UPI,Paid,92.41
708212,509807,Card,Paid,440.24
708213,509808,Cash,Paid,167.23
708214,509809,Card,Paid,212.71
708215,509810,Card,Paid,546.35
708216,509811,UPI,Paid,68.7
708217,509812,Wallet,Paid,48.03
708218,509813,UPI,Paid,79.85
708219,509814,Card,Paid,166.69
708220,509815,Wallet,Paid,159.88
708221,509816,UPI,Paid,118.93
708222,509817,Cash,Paid,83.08
708223,509818,Card,Paid,52.27
708224,509819,UPI,Paid,35.0
708225,509820,Card,Paid,77.76
708226,509821,Wallet,Paid,324.35
708227,509822,UPI,Paid,60.8
708228,509823,Card,Paid,143.14
708229,509824,UPI,Paid,164.3
708230,509825,UPI,Paid,225.0
708231,509828,UPI,Paid,69.6
708232,509829,Cash,Paid,79.05
708233,509831,Wallet,Paid,224.46
708234,509832,Cash,Paid,76.69
708235,509833,UPI,Paid,95.1
708236,509834,UPI,Paid,80.67
708237,509836,Cash,Paid,58.31
708238,509838,Card,Paid,145.29
708239,509839,UPI,Paid,72.31
708240,509841,Card,Paid,150.14
708241,509842,UPI,Paid,65.52
708242,509843,UPI,Paid,106.67
708243,509844,Cash,Paid,105.19
708244,509845,Card,Paid,105.12
708245,509846,UPI,Paid,268.5
708246,509848,Cash,Paid,63.01
708247,509849,UPI,Paid,279.38
708248,509850,Cash,Paid,95.33
708249,509851,Cash,Paid,93.33
708250,509852,UPI,Paid,112.95
708251,509853,UPI,Paid,85.96
708252,509854,Card,Paid,66.93
708253,509855,UPI,Paid,155.28
708254,509856,Card,Paid,85.93
708255,509858,UPI,Paid,53.92
708256,509859,UPI,Paid,54.64
708257,509860,Card,Paid,116.13
708258,509861,Cash,Paid,38.85
708259,509862,Wallet,Paid,35.0
708260,509865,UPI,Paid,161.33
708261,509866,UPI,Paid,92.63
708262,509867,UPI,Paid,66.71
708263,509868,UPI,Paid,83.79
708264,509869,UPI,Paid,114.0
708265,509870,Card,Paid,165.31
708266,509871,UPI,Paid,213.3
708267,509872,UPI,Paid,92.12
708268,509873,Cash,Paid,195.23
708269,509874,UPI,Paid,145.2
708270,509876,Cash,Paid,181.24
708271,509877,Card,Paid,153.53
708272,509878,UPI,Paid,146.87
708273,509879,UPI,Paid,165.88
708274,509880,Cash,Paid,102.46
708275,509882,UPI,Paid,202.34
708276,509884,UPI,Failed,68.79
708277,509885,Cash,Paid,132.35
708278,509886,UPI,Paid,43.31
708279,509887,Wallet,Paid,120.34
708280,509888,UPI,Paid,76.34
708281,509889,UPI,Paid,90.37
708282,509890,Card,Paid,93.13
708283,509891,UPI,Paid,119.39
708284,509892,Card,Paid,245.64
708285,509893,UPI,Paid,235.81
708286,509894,Cash,Paid,59.91
708287,509895,UPI,Paid,97.87
708288,509896,Wallet,Paid,97.64
708289,509897,UPI,Paid,70.61
708290,509898,UPI,Paid,140.94
708291,509899,UPI,Paid,56.51
708292,509900,UPI,Paid,145.99
708293,509901,UPI,Paid,155.82
708294,509903,Card,Paid,81.04
708295,509904,Card,Paid,104.85
708296,509905,UPI,Paid,88.79
708297,509906,Cash,Paid,65.41
708298,509908,Cash,Paid,135.34
708299,509910,UPI,Paid,100.88
708300,509911,Card,Paid,35.0
708301,509912,UPI,Paid,35.0
708302,509913,UPI,Paid,101.59
708303,509914,Card,Paid,286.58
708304,509915,UPI,Paid,91.03
708305,509916,UPI,Paid,93.2
708306,509917,Cash,Paid,56.26
708307,509919,Cash,Paid,146.35
708308,509920,Cash,Paid,75.58
708309,509921,UPI,Paid,154.05
708310,509922,UPI,Paid,97.75
708311,509923,Card,Paid,61.79
708312,509924,Card,Paid,111.99
708313,509925,Cash,Failed,64.89
708314,509927,UPI,Paid,94.44
708315,509928,UPI,Paid,35.0
708316,509929,Card,Paid,323.29
708317,509930,UPI,Paid,80.97
708318,509932,Card,Paid,154.46
708319,509933,Card,Paid,127.28
708320,509935,UPI,Paid,104.78
708321,509936,Cash,Paid,140.74
708322,509937,UPI,Paid,65.61
708323,509940,UPI,Paid,258.0
708324,509943,UPI,Paid,206.71
708325,509944,Cash,Paid,35.0
708326,509945,UPI,Paid,89.33
708327,509946,UPI,Paid,163.04
708328,509947,Cash,Paid,126.13
708329,509948,UPI,Paid,90.9
708330,509949,UPI,Paid,176.86
708331,509950,UPI,Paid,35.0
708332,509951,Cash,Paid,67.04
708333,509952,UPI,Paid,58.41
708334,509953,Card,Paid,83.12
708335,509954,Cash,Paid,234.81
708336,509955,Wallet,Paid,196.02
708337,509956,Cash,Paid,63.53
708338,509958,Card,Paid,229.4
708339,509961,UPI,Paid,139.64
708340,509962,UPI,Paid,103.43
708341,509963,Card,Paid,35.0
708342,509964,UPI,Paid,130.92
708343,509965,UPI,Paid,140.37
708344,509966,Cash,Paid,106.35
708345,509967,Cash,Paid,86.89
708346,509968,Card,Paid,243.85
708347,509969,Card,Paid,156.23
708348,509970,Cash,Paid,166.29
708349,509971,Cash,Paid,335.38
708350,509972,UPI,Paid,282.82
708351,509973,Card,Paid,115.34
708352,509974,Card,Paid,78.45
708353,509975,Cash,Paid,242.67
708354,509976,UPI,Paid,84.44
708355,509977,UPI,Paid,151.72
708356,509979,UPI,Paid,147.2
708357,509980,UPI,Paid,223.87
708358,509981,Cash,Paid,63.58
708359,509983,Card,Paid,112.91
708360,509984,Wallet,Paid,93.73
708361,509985,Cash,Paid,96.29
708362,509986,UPI,Paid,82.85
708363,509988,UPI,Paid,108.92
708364,509989,Cash,Paid,196.29
708365,509990,UPI,Paid,290.22
708366,509991,UPI,Paid,65.46
708367,509992,UPI,Failed,108.09
708368,509993,Cash,Paid,93.81
708369,509996,UPI,Paid,155.5
708370,509997,UPI,Paid,35.0
708371,509998,Wallet,Paid,199.13
708372,509999,Cash,Paid,236.63
708373,510000,UPI,Paid,85.65
708374,510001,UPI,Paid,122.94
708375,510002,UPI,Paid,136.01
708376,510003,UPI,Paid,130.39
708377,510004,UPI,Paid,109.87
708378,510005,UPI,Paid,177.05
708379,510006,UPI,Paid,126.01
708380,510007,UPI,Paid,49.1
708381,510008,Cash,Paid,139.57
708382,510009,UPI,Paid,294.85
708383,510010,Wallet,Paid,132.25
708384,510011,UPI,Paid,141.66
708385,510012,Wallet,Paid,146.34
708386,510013,UPI,Paid,99.82
708387,510014,UPI,Paid,48.15
708388,510015,Card,Paid,35.0
708389,510017,Cash,Paid,61.48
708390,510018,UPI,Paid,42.9
708391,510019,Card,Paid,159.73
708392,510021,Wallet,Paid,165.44
708393,510022,Card,Paid,53.68
708394,510023,UPI,Paid,56.73
708395,510024,UPI,Paid,263.83
708396,510025,Cash,Paid,83.37
708397,510026,UPI,Paid,101.19
708398,510027,Cash,Paid,70.98
708399,510028,Card,Paid,158.8
708400,510029,Cash,Paid,68.42
708401,510030,UPI,Paid,208.63
708402,510031,UPI,Paid,154.0
708403,510032,Cash,Paid,165.67
708404,510033,UPI,Paid,182.84
708405,510034,UPI,Paid,121.93
708406,510035,Card,Paid,59.57
708407,510036,Wallet,Paid,35.0
708408,510037,Cash,Paid,126.44
708409,510038,Card,Paid,211.58
708410,510039,UPI,Paid,232.79
708411,510041,UPI,Paid,82.12
708412,510042,UPI,Paid,99.86
708413,510043,Cash,Paid,115.72
708414,510044,UPI,Paid,342.37
708415,510045,UPI,Paid,65.38
708416,510046,UPI,Paid,99.56
708417,510047,Cash,Paid,105.9
708418,510049,UPI,Paid,92.97
708419,510050,UPI,Paid,75.02
708420,510052,Card,Paid,46.69
708421,510053,Wallet,Paid,92.43
708422,510054,UPI,Paid,81.57
708423,510055,Cash,Paid,128.5
708424,510056,UPI,Paid,121.93
708425,510057,UPI,Paid,90.13
708426,510058,Cash,Paid,300.54
708427,510059,Cash,Paid,137.78
708428,510060,UPI,Paid,35.0
708429,510061,UPI,Paid,180.77
708430,510062,UPI,Paid,73.81
708431,510063,Card,Paid,90.28
708432,510064,UPI,Paid,138.99
708433,510065,UPI,Paid,106.59
708434,510066,Card,Paid,285.2
708435,510067,UPI,Paid,146.66
708436,510068,Card,Paid,195.36
708437,510069,UPI,Paid,47.05
708438,510070,Card,Paid,310.91
708439,510071,UPI,Paid,101.02
708440,510072,UPI,Paid,51.96
708441,510073,Card,Paid,155.34
708442,510074,UPI,Paid,101.41
708443,510075,Card,Paid,138.9
708444,510076,UPI,Paid,93.52
708445,510077,UPI,Paid,145.54
708446,510078,UPI,Paid,134.02
708447,510079,Card,Paid,100.67
708448,510080,Card,Paid,60.84
708449,510081,UPI,Paid,35.0
708450,510082,Card,Paid,35.0
708451,510083,Card,Paid,62.7
708452,510084,UPI,Paid,74.33
708453,510085,Cash,Paid,137.12
708454,510086,Cash,Paid,50.45
708455,510087,UPI,Paid,136.13
708456,510089,UPI,Paid,61.85
708457,510090,UPI,Paid,120.53
708458,510092,UPI,Paid,78.53
708459,510095,Cash,Paid,75.06
708460,510097,Card,Paid,43.12
708461,510098,UPI,Paid,108.68
708462,510099,Card,Paid,193.32
708463,510100,UPI,Paid,74.44
708464,510101,UPI,Paid,55.35
708465,510102,UPI,Paid,138.51
708466,510103,UPI,Paid,80.43
708467,510104,UPI,Paid,71.84
708468,510105,UPI,Paid,80.75
708469,510106,Card,Paid,43.17
708470,510107,UPI,Paid,125.45
708471,510108,Card,Paid,107.5
708472,510109,Card,Paid,159.26
708473,510110,Wallet,Paid,73.46
708474,510111,UPI,Paid,54.22
708475,510112,Cash,Paid,84.73
708476,510114,Cash,Paid,132.57
708477,510115,UPI,Paid,57.4
708478,510116,UPI,Paid,221.1
708479,510117,UPI,Paid,102.52
708480,510118,UPI,Paid,35.0
708481,510120,Cash,Paid,76.16
708482,510121,Card,Paid,75.64
708483,510122,Card,Paid,89.35
708484,510123,UPI,Paid,69.06
708485,510124,Cash,Paid,322.08
708486,510125,UPI,Paid,84.37
708487,510126,UPI,Paid,101.17
708488,510127,Cash,Paid,71.97
708489,510128,Card,Paid,117.66
708490,510130,Cash,Paid,137.38
708491,510132,Cash,Paid,74.98
708492,510133,Card,Paid,108.02
708493,510134,Cash,Paid,35.0
708494,510136,Card,Paid,74.47
708495,510137,UPI,Paid,169.68
708496,510138,UPI,Paid,95.94
708497,510140,UPI,Paid,46.05
708498,510142,UPI,Paid,282.39
708499,510143,Wallet,Paid,74.87
708500,510144,Cash,Paid,80.67
708501,510145,Wallet,Paid,53.73
708502,510146,UPI,Paid,35.0
708503,510147,Card,Paid,73.43
708504,510148,UPI,Paid,75.03
708505,510149,Cash,Paid,111.67
708506,510150,Card,Paid,178.83
708507,510152,Cash,Paid,239.12
708508,510153,UPI,Paid,58.57
708509,510154,Card,Paid,107.49
708510,510156,UPI,Paid,108.38
708511,510157,Card,Paid,46.9
708512,510158,Card,Paid,79.69
708513,510159,Card,Paid,183.69
708514,510160,Cash,Paid,120.37
708515,510161,Cash,Paid,172.38
708516,510162,UPI,Paid,111.5
708517,510163,UPI,Paid,197.07
708518,510164,UPI,Paid,272.21
708519,510165,Cash,Paid,196.73
708520,510166,Card,Paid,102.72
708521,510167,UPI,Paid,70.61
708522,510169,Card,Paid,63.34
708523,510170,UPI,Paid,196.98
708524,510171,UPI,Paid,79.48
708525,510172,Card,Paid,169.29
708526,510173,UPI,Paid,278.94
708527,510175,UPI,Paid,70.05
708528,510176,Card,Paid,87.01
708529,510177,UPI,Paid,120.6
708530,510178,UPI,Paid,98.5
708531,510179,Cash,Paid,159.73
708532,510180,UPI,Paid,216.33
708533,510181,Card,Paid,35.0
708534,510183,Wallet,Paid,80.92
708535,510184,UPI,Paid,35.0
708536,510186,Card,Paid,73.03
708537,510187,UPI,Paid,56.9
708538,510188,Cash,Paid,61.63
708539,510189,UPI,Paid,80.05
708540,510190,Card,Paid,86.61
708541,510191,UPI,Paid,90.39
708542,510192,Cash,Paid,70.51
708543,510193,Card,Paid,129.01
708544,510194,Wallet,Paid,66.12
708545,510195,Cash,Paid,43.74
708546,510196,UPI,Paid,416.96
708547,510198,UPI,Paid,62.56
708548,510199,UPI,Paid,58.41
708549,510200,UPI,Paid,91.53
708550,510201,Cash,Paid,106.04
708551,510202,Cash,Paid,119.84
708552,510203,UPI,Paid,114.67
708553,510204,Card,Paid,57.42
708554,510205,UPI,Paid,94.22
708555,510206,UPI,Paid,135.55
708556,510207,UPI,Paid,212.64
708557,510208,Card,Paid,61.71
708558,510209,UPI,Paid,164.04
708559,510210,UPI,Paid,38.78
708560,510211,UPI,Paid,106.13
708561,510213,Cash,Paid,56.38
708562,510214,Wallet,Paid,84.41
708563,510215,UPI,Paid,77.44
708564,510216,UPI,Paid,149.25
708565,510217,Cash,Paid,93.08
708566,510218,Card,Paid,68.04
708567,510219,Card,Paid,46.74
708568,510220,Cash,Paid,71.49
708569,510221,Cash,Paid,222.01
708570,510222,Cash,Paid,198.52
708571,510223,Cash,Paid,329.44
708572,510224,Card,Paid,167.91
708573,510225,UPI,Paid,122.12
708574,510227,UPI,Paid,133.99
708575,510228,UPI,Paid,586.85
708576,510229,Cash,Paid,93.2
708577,510230,UPI,Paid,83.0
708578,510231,Card,Paid,106.5
708579,510233,UPI,Paid,43.66
708580,510234,UPI,Paid,42.78
708581,510236,UPI,Paid,61.2
708582,510237,UPI,Paid,213.24
708583,510238,UPI,Paid,127.24
708584,510239,Cash,Paid,52.67
708585,510240,UPI,Paid,113.31
708586,510241,Cash,Paid,73.64
708587,510242,UPI,Paid,109.71
708588,510243,Card,Paid,120.96
708589,510244,Card,Failed,105.1
708590,510245,UPI,Paid,184.56
708591,510246,Card,Paid,122.32
708592,510247,Card,Paid,67.02
708593,510248,Wallet,Paid,100.48
708594,510250,Cash,Paid,469.45
708595,510251,Card,Paid,59.35
708596,510253,Card,Paid,119.57
708597,510254,UPI,Paid,83.61
708598,510255,UPI,Paid,120.72
708599,510256,Card,Paid,418.09
708600,510257,UPI,Paid,53.93
708601,510258,Card,Paid,185.64
708602,510260,Card,Paid,99.02
708603,510261,UPI,Paid,145.39
708604,510264,Cash,Paid,175.94
708605,510265,UPI,Paid,75.2
708606,510266,UPI,Paid,130.29
708607,510267,UPI,Paid,206.73
708608,510269,UPI,Paid,83.46
708609,510271,Card,Paid,203.97
708610,510272,UPI,Paid,129.73
708611,510273,UPI,Paid,154.27
708612,510274,UPI,Paid,142.89
708613,510275,Cash,Paid,91.77
708614,510277,Card,Paid,87.57
708615,510279,UPI,Paid,95.07
708616,510280,UPI,Paid,103.55
708617,510281,UPI,Paid,93.9
708618,510282,Wallet,Paid,91.2
708619,510283,UPI,Paid,125.13
708620,510284,Card,Paid,94.8
708621,510285,Card,Paid,103.3
708622,510286,UPI,Paid,63.56
708623,510287,Cash,Paid,109.99
708624,510289,Cash,Paid,35.0
708625,510290,UPI,Paid,54.93
708626,510291,Card,Paid,55.1
708627,510292,Card,Paid,102.27
708628,510293,UPI,Paid,71.15
708629,510294,UPI,Paid,80.55
708630,510295,UPI,Paid,158.27
708631,510296,Cash,Paid,35.0
708632,510297,Cash,Paid,207.45
708633,510298,Cash,Paid,93.58
708634,510300,Card,Paid,51.47
708635,510301,Card,Paid,243.21
708636,510302,Cash,Paid,46.93
708637,510303,Cash,Paid,103.76
708638,510304,UPI,Paid,348.04
708639,510306,Card,Paid,123.18
708640,510307,UPI,Paid,39.73
708641,510308,UPI,Paid,155.04
708642,510309,UPI,Paid,134.01
708643,510312,Cash,Paid,199.83
708644,510313,Cash,Paid,92.43
708645,510314,UPI,Paid,59.77
708646,510318,Wallet,Paid,59.96
708647,510319,UPI,Paid,378.74
708648,510320,UPI,Failed,48.75
708649,510321,UPI,Paid,64.57
708650,510322,UPI,Paid,190.87
708651,510323,Cash,Paid,89.61
708652,510324,UPI,Paid,67.84
708653,510325,UPI,Paid,92.1
708654,510326,UPI,Paid,51.21
708655,510327,Card,Paid,72.55
708656,510328,UPI,Paid,42.06
708657,510333,Card,Paid,147.84
708658,510334,Cash,Paid,213.75
708659,510335,Cash,Paid,74.13
708660,510336,Wallet,Paid,97.87
708661,510337,Card,Paid,133.16
708662,510338,UPI,Paid,52.11
708663,510339,Cash,Failed,81.55
708664,510340,UPI,Paid,35.0
708665,510342,Cash,Paid,152.97
708666,510343,UPI,Paid,99.08
708667,510344,Cash,Paid,82.1
708668,510345,UPI,Paid,82.16
708669,510346,UPI,Paid,93.87
708670,510347,Cash,Paid,137.94
708671,510348,UPI,Paid,85.35
708672,510349,Wallet,Paid,419.4
708673,510350,UPI,Paid,70.97
708674,510351,Cash,Paid,377.59
708675,510352,Cash,Paid,145.13
708676,510353,Card,Paid,50.21
708677,510354,Cash,Paid,99.15
708678,510355,Card,Paid,148.83
708679,510356,Cash,Paid,38.2
708680,510357,UPI,Paid,101.1
708681,510358,UPI,Paid,400.68
708682,510359,UPI,Paid,83.37
708683,510360,UPI,Paid,98.77
708684,510361,UPI,Paid,203.89
708685,510362,Card,Paid,129.58
708686,510364,Wallet,Paid,131.21
708687,510366,Card,Paid,50.71
708688,510367,Card,Paid,72.68
708689,510368,UPI,Paid,35.0
708690,510370,Card,Paid,107.18
708691,510371,Cash,Paid,152.26
708692,510372,UPI,Paid,68.55
708693,510373,Wallet,Paid,228.35
708694,510375,Cash,Paid,130.1
708695,510376,Card,Paid,71.86
708696,510378,Cash,Paid,81.91
708697,510379,Cash,Paid,178.29
708698,510380,Cash,Paid,53.59
708699,510381,Card,Paid,163.88
708700,510382,Cash,Paid,158.94
708701,510383,UPI,Paid,61.0
708702,510384,Cash,Paid,63.8
708703,510385,Cash,Paid,174.88
708704,510386,Card,Paid,65.1
708705,510388,UPI,Paid,83.44
708706,510390,Cash,Paid,161.69
708707,510391,Cash,Paid,171.61
708708,510392,UPI,Paid,84.4
708709,510393,Cash,Paid,121.46
708710,510394,Cash,Paid,77.8
708711,510395,Card,Paid,79.52
708712,510396,UPI,Paid,233.01
708713,510397,Cash,Paid,35.0
708714,510398,UPI,Paid,94.27
708715,510399,UPI,Paid,76.08
708716,510400,UPI,Paid,82.31
708717,510401,Card,Paid,164.4
708718,510402,UPI,Failed,90.6
708719,510403,Card,Paid,104.28
708720,510404,UPI,Paid,141.9
708721,510405,Cash,Paid,102.68
708722,510406,Card,Paid,120.42
708723,510407,UPI,Paid,35.0
708724,510408,UPI,Paid,129.88
708725,510409,Card,Paid,49.8
708726,510410,Card,Paid,169.07
708727,510411,UPI,Paid,122.01
708728,510413,UPI,Paid,395.52
708729,510414,UPI,Paid,85.64
708730,510415,UPI,Paid,100.59
708731,510416,Cash,Paid,155.04
708732,510417,Wallet,Paid,103.42
708733,510418,UPI,Paid,265.3
708734,510421,UPI,Paid,99.82
708735,510422,Card,Paid,197.14
708736,510423,Card,Paid,116.87
708737,510424,Card,Paid,38.86
708738,510427,Wallet,Paid,86.22
708739,510428,UPI,Paid,117.85
708740,510429,Cash,Paid,150.4
708741,510430,Cash,Paid,35.39
708742,510431,Wallet,Paid,62.32
708743,510432,Wallet,Paid,140.82
708744,510433,UPI,Failed,200.44
708745,510435,Wallet,Paid,91.07
708746,510437,UPI,Paid,58.96
708747,510438,Cash,Paid,74.82
708748,510439,UPI,Paid,154.49
708749,510440,Wallet,Paid,82.02
708750,510441,UPI,Paid,35.0
708751,510442,UPI,Paid,246.31
708752,510443,UPI,Paid,251.2
708753,510444,UPI,Paid,299.42
708754,510445,UPI,Paid,52.89
708755,510446,UPI,Paid,80.5
708756,510447,Card,Paid,224.58
708757,510448,UPI,Paid,160.25
708758,510449,Card,Paid,92.11
708759,510451,UPI,Paid,119.77
708760,510453,Cash,Paid,74.61
708761,510454,Cash,Paid,178.93
708762,510455,UPI,Paid,81.31
708763,510456,Card,Paid,126.28
708764,510457,UPI,Paid,98.19
708765,510458,Cash,Paid,204.02
708766,510459,Card,Paid,210.07
708767,510460,UPI,Paid,112.74
708768,510461,UPI,Paid,160.36
708769,510462,Card,Paid,280.19
708770,510463,UPI,Paid,72.01
708771,510464,UPI,Paid,148.25
708772,510465,UPI,Paid,128.04
708773,510466,Card,Paid,111.3
708774,510470,UPI,Paid,101.37
708775,510471,UPI,Paid,78.58
708776,510473,UPI,Paid,132.76
708777,510474,Cash,Paid,325.55
708778,510475,Card,Paid,35.0
708779,510477,Card,Paid,35.0
708780,510479,Cash,Paid,35.0
708781,510480,Card,Paid,310.61
708782,510481,Card,Paid,58.48
708783,510482,Cash,Paid,46.91
708784,510484,Card,Paid,155.01
708785,510485,UPI,Paid,194.7
708786,510486,Cash,Paid,35.0
708787,510487,Cash,Paid,249.68
708788,510489,Card,Paid,249.98
708789,510490,Card,Paid,83.53
708790,510491,UPI,Paid,116.87
708791,510492,UPI,Paid,35.0
708792,510493,UPI,Paid,171.9
708793,510495,UPI,Paid,35.0
708794,510496,Card,Failed,235.71
708795,510498,Card,Paid,35.99
708796,510499,UPI,Paid,87.76
708797,510500,Card,Paid,71.59
708798,510501,Card,Paid,59.86
708799,510502,UPI,Paid,87.79
708800,510503,UPI,Paid,43.8
708801,510504,UPI,Paid,60.73
708802,510505,UPI,Paid,86.28
708803,510506,UPI,Paid,39.59
708804,510507,Card,Paid,67.88
708805,510508,UPI,Paid,51.05
708806,510510,Cash,Paid,88.88
708807,510511,Cash,Paid,212.61
708808,510513,UPI,Paid,196.52
708809,510514,Cash,Paid,96.38
708810,510515,UPI,Paid,81.54
708811,510516,UPI,Paid,123.01
708812,510517,Card,Paid,145.95
708813,510519,UPI,Paid,91.32
708814,510521,UPI,Paid,171.44
708815,510522,UPI,Paid,47.08
708816,510523,Cash,Failed,162.15
708817,510524,Card,Paid,65.0
708818,510527,Cash,Paid,35.0
708819,510528,UPI,Paid,166.96
708820,510530,Cash,Paid,158.06
708821,510531,Cash,Paid,75.72
708822,510532,UPI,Paid,204.35
708823,510533,Wallet,Paid,86.08
708824,510534,Cash,Paid,79.24
708825,510535,Cash,Paid,115.29
708826,510537,UPI,Paid,54.43
708827,510538,UPI,Paid,159.99
708828,510539,UPI,Paid,36.3
708829,510541,UPI,Paid,93.9
708830,510542,Wallet,Paid,61.34
708831,510543,Card,Paid,97.47
708832,510544,UPI,Paid,119.71
708833,510545,Card,Paid,159.34
708834,510546,UPI,Paid,149.95
708835,510547,UPI,Paid,216.91
708836,510548,UPI,Paid,138.18
708837,510549,UPI,Paid,43.22
708838,510550,UPI,Paid,81.11
708839,510551,UPI,Paid,55.23
708840,510552,UPI,Paid,56.39
708841,510553,UPI,Paid,45.08
708842,510554,Card,Paid,155.57
708843,510555,UPI,Paid,35.0
708844,510556,UPI,Paid,120.68
708845,510557,UPI,Paid,129.62
708846,510559,Wallet,Failed,54.74
708847,510560,Wallet,Paid,326.92
708848,510562,UPI,Paid,63.74
708849,510563,UPI,Paid,254.47
708850,510564,Card,Paid,65.82
708851,510565,UPI,Paid,84.53
708852,510566,Card,Paid,114.39
708853,510567,UPI,Paid,69.93
708854,510568,Cash,Paid,147.2
708855,510569,Cash,Paid,167.67
708856,510570,Cash,Paid,104.25
708857,510572,Card,Paid,74.06
708858,510573,Cash,Paid,70.07
708859,510575,Card,Paid,45.25
708860,510578,UPI,Paid,131.48
708861,510579,UPI,Paid,153.39
708862,510580,Card,Paid,40.68
708863,510581,UPI,Paid,107.37
708864,510582,UPI,Paid,53.46
708865,510583,Card,Paid,81.69
708866,510584,Cash,Paid,47.64
708867,510585,Card,Paid,83.74
708868,510586,UPI,Paid,104.94
708869,510587,Wallet,Paid,117.59
708870,510588,UPI,Paid,116.14
708871,510589,UPI,Paid,101.13
708872,510590,Wallet,Paid,96.15
708873,510592,UPI,Paid,45.92
708874,510593,Cash,Paid,59.18
708875,510595,UPI,Paid,53.67
708876,510597,UPI,Paid,205.7
708877,510598,Card,Paid,90.49
708878,510599,UPI,Paid,203.95
708879,510600,UPI,Paid,52.88
708880,510603,Card,Paid,71.7
708881,510605,UPI,Paid,191.36
708882,510606,UPI,Paid,121.77
708883,510607,Card,Failed,68.1
708884,510608,UPI,Paid,212.84
708885,510609,UPI,Paid,342.2
708886,510610,UPI,Paid,131.56
708887,510611,UPI,Paid,42.6
708888,510612,Wallet,Paid,198.07
708889,510614,Cash,Paid,395.86
708890,510615,Cash,Paid,47.82
708891,510616,UPI,Paid,63.04
708892,510618,Wallet,Paid,54.1
708893,510619,Cash,Paid,111.0
708894,510620,UPI,Paid,182.11
708895,510622,UPI,Paid,218.26
708896,510623,Cash,Paid,159.49
708897,510625,Card,Paid,291.51
708898,510627,UPI,Paid,131.98
708899,510630,UPI,Paid,135.59
708900,510632,UPI,Paid,45.44
708901,510633,Card,Paid,145.56
708902,510634,Cash,Paid,40.88
708903,510635,UPI,Paid,126.05
708904,510636,Cash,Paid,207.57
708905,510638,UPI,Paid,46.42
708906,510639,UPI,Paid,74.34
708907,510640,UPI,Paid,89.45
708908,510641,Wallet,Paid,177.24
708909,510642,Cash,Failed,332.44
708910,510645,UPI,Paid,137.63
708911,510646,UPI,Paid,174.98
708912,510647,UPI,Paid,352.83
708913,510648,Card,Paid,162.27
708914,510649,UPI,Paid,85.87
708915,510650,UPI,Paid,64.87
708916,510652,UPI,Paid,131.62
708917,510654,Card,Paid,240.39
708918,510656,Card,Paid,169.24
708919,510657,Card,Paid,39.84
708920,510658,Cash,Paid,35.0
708921,510659,Card,Paid,56.75
708922,510660,Wallet,Paid,83.71
708923,510661,UPI,Paid,73.28
708924,510662,UPI,Paid,99.6
708925,510666,UPI,Paid,236.5
708926,510667,UPI,Paid,482.07
708927,510669,UPI,Paid,399.41
708928,510670,Cash,Paid,92.25
708929,510671,UPI,Paid,121.32
708930,510672,Cash,Paid,165.43
708931,510673,Card,Paid,93.07
708932,510674,Card,Paid,61.93
708933,510676,Cash,Paid,97.41
708934,510677,Cash,Paid,177.24
708935,510678,UPI,Paid,189.66
708936,510679,Cash,Paid,35.0
708937,510680,UPI,Paid,75.28
708938,510681,UPI,Paid,100.49
708939,510682,UPI,Paid,94.13
708940,510683,Card,Paid,140.45
708941,510684,Cash,Paid,135.36
708942,510685,Wallet,Paid,76.31
708943,510686,UPI,Paid,160.65
708944,510687,Cash,Paid,76.99
708945,510688,UPI,Paid,74.64
708946,510689,Cash,Paid,104.78
708947,510690,UPI,Paid,103.24
708948,510691,Card,Paid,164.19
708949,510694,Wallet,Paid,119.39
708950,510695,UPI,Paid,93.86
708951,510696,Cash,Paid,91.29
708952,510697,Cash,Paid,50.92
708953,510698,Cash,Paid,105.81
708954,510699,UPI,Paid,104.22
708955,510700,Wallet,Paid,126.04
708956,510701,UPI,Paid,267.08
708957,510702,UPI,Paid,206.86
708958,510703,Card,Paid,63.45
708959,510704,UPI,Paid,120.38
708960,510706,Cash,Paid,101.68
708961,510707,Cash,Paid,78.88
708962,510708,Cash,Paid,220.56
708963,510709,Cash,Paid,208.98
708964,510710,UPI,Paid,35.0
708965,510711,UPI,Paid,225.04
708966,510712,UPI,Paid,97.47
708967,510713,UPI,Paid,53.42
708968,510715,Card,Paid,106.37
708969,510716,Card,Paid,96.22
708970,510718,UPI,Paid,35.0
708971,510720,UPI,Paid,60.19
708972,510721,UPI,Paid,138.62
708973,510722,UPI,Paid,64.76
708974,510725,Cash,Paid,35.0
708975,510726,Cash,Paid,109.42
708976,510727,Wallet,Paid,44.39
708977,510728,Card,Paid,78.72
708978,510729,Card,Paid,88.95
708979,510730,Cash,Paid,116.67
708980,510731,Card,Paid,212.36
708981,510733,UPI,Paid,35.0
708982,510734,UPI,Paid,94.21
708983,510735,Wallet,Paid,124.22
708984,510736,UPI,Paid,259.32
708985,510737,Cash,Paid,72.51
708986,510739,Card,Paid,119.11
708987,510740,Card,Paid,92.19
708988,510742,UPI,Paid,121.43
708989,510743,UPI,Paid,82.33
708990,510744,UPI,Paid,97.32
708991,510745,UPI,Paid,142.97
708992,510746,UPI,Paid,154.04
708993,510748,UPI,Paid,120.88
708994,510750,Wallet,Paid,406.41
708995,510752,Card,Paid,212.42
708996,510753,Wallet,Paid,39.93
708997,510754,UPI,Paid,68.18
708998,510755,Cash,Paid,120.28
708999,510758,UPI,Paid,40.87
709000,510759,UPI,Paid,297.47
709001,510760,UPI,Paid,86.34
709002,510761,Card,Paid,104.66
709003,510762,Card,Failed,61.39
709004,510766,Wallet,Paid,87.19
709005,510767,UPI,Paid,112.12
709006,510768,UPI,Paid,55.86
709007,510769,Card,Paid,53.18
709008,510771,Card,Paid,194.73
709009,510772,Card,Paid,181.25
709010,510773,UPI,Paid,201.18
709011,510774,Card,Paid,117.05
709012,510775,Card,Paid,161.31
709013,510776,UPI,Paid,293.11
709014,510777,Card,Paid,323.41
709015,510778,Card,Paid,139.91
709016,510779,UPI,Paid,45.62
709017,510780,Card,Paid,159.91
709018,510781,UPI,Paid,154.45
709019,510782,Card,Paid,151.51
709020,510783,UPI,Paid,40.08
709021,510784,Cash,Failed,92.99
709022,510785,Wallet,Paid,181.09
709023,510786,Wallet,Paid,100.72
709024,510787,Card,Paid,369.46
709025,510789,UPI,Paid,47.31
709026,510790,Card,Paid,55.62
709027,510791,Cash,Paid,221.62
709028,510793,UPI,Paid,91.54
709029,510794,UPI,Paid,127.04
709030,510795,UPI,Paid,128.18
709031,510796,UPI,Paid,71.03
709032,510798,Cash,Paid,145.36
709033,510799,UPI,Failed,125.32
709034,510801,Card,Paid,174.81
709035,510802,Card,Paid,222.63
709036,510803,UPI,Paid,86.22
709037,510804,UPI,Paid,67.27
709038,510806,UPI,Paid,118.93
709039,510808,Card,Failed,145.02
709040,510809,Cash,Paid,85.96
709041,510810,Card,Paid,147.61
709042,510811,Card,Paid,90.33
709043,510812,UPI,Paid,61.55
709044,510813,Card,Paid,138.22
709045,510814,Cash,Paid,166.35
709046,510815,Card,Paid,110.44
709047,510816,Card,Paid,204.34
709048,510817,UPI,Paid,266.0
709049,510819,Card,Paid,149.32
709050,510820,Cash,Paid,139.81
709051,510821,UPI,Paid,38.47
709052,510822,Card,Paid,222.68
709053,510823,Card,Paid,59.56
709054,510824,Cash,Paid,161.69
709055,510825,Card,Paid,59.25
709056,510826,Card,Paid,88.15
709057,510828,UPI,Paid,132.45
709058,510829,Cash,Paid,463.08
709059,510830,Cash,Paid,173.35
709060,510831,Wallet,Paid,90.38
709061,510832,UPI,Paid,89.9
709062,510833,Card,Paid,90.32
709063,510834,UPI,Paid,99.53
709064,510835,UPI,Paid,359.28
709065,510837,UPI,Paid,189.59
709066,510838,UPI,Paid,170.49
709067,510839,UPI,Paid,80.65
709068,510840,UPI,Paid,95.62
709069,510841,UPI,Paid,154.59
709070,510843,Card,Paid,84.97
709071,510844,UPI,Paid,83.75
709072,510845,Card,Paid,127.59
709073,510846,Wallet,Paid,101.09
709074,510848,Card,Paid,35.0
709075,510850,UPI,Paid,155.41
709076,510851,UPI,Paid,168.74
709077,510853,Card,Paid,64.13
709078,510854,UPI,Paid,127.37
709079,510855,Cash,Paid,64.69
709080,510856,UPI,Paid,100.85
709081,510857,Cash,Paid,113.55
709082,510859,UPI,Paid,151.95
709083,510860,UPI,Paid,86.69
709084,510861,Card,Paid,126.58
709085,510862,Wallet,Paid,124.03
709086,510863,UPI,Paid,89.88
709087,510864,Cash,Paid,39.99
709088,510865,Wallet,Paid,102.72
709089,510866,UPI,Paid,77.42
709090,510867,UPI,Paid,164.26
709091,510868,Wallet,Paid,46.23
709092,510869,Cash,Paid,67.35
709093,510870,Cash,Paid,67.0
709094,510871,Cash,Paid,118.37
709095,510874,UPI,Paid,69.64
709096,510875,UPI,Paid,119.57
709097,510876,Card,Paid,108.47
709098,510877,UPI,Paid,83.37
709099,510879,Cash,Paid,93.79
709100,510880,Wallet,Paid,39.91
709101,510882,UPI,Paid,117.07
709102,510883,Card,Paid,194.69
709103,510884,UPI,Paid,145.95
709104,510885,UPI,Failed,41.98
709105,510886,UPI,Paid,113.44
709106,510887,UPI,Paid,168.55
709107,510888,Cash,Paid,115.73
709108,510889,UPI,Paid,339.77
709109,510890,Card,Paid,47.69
709110,510891,Card,Paid,36.89
709111,510893,UPI,Paid,113.13
709112,510894,Cash,Paid,53.9
709113,510895,Card,Paid,64.33
709114,510896,UPI,Paid,35.0
709115,510897,Cash,Paid,106.54
709116,510898,Wallet,Paid,45.9
709117,510900,UPI,Paid,55.21
709118,510901,Card,Paid,71.66
709119,510902,Card,Paid,127.86
709120,510906,Card,Paid,99.96
709121,510907,UPI,Paid,108.18
709122,510908,Cash,Paid,58.47
709123,510909,UPI,Paid,242.03
709124,510910,Cash,Paid,419.36
709125,510912,Cash,Paid,214.66
709126,510913,UPI,Paid,193.03
709127,510914,Cash,Paid,35.0
709128,510916,UPI,Paid,194.72
709129,510917,Card,Paid,35.0
709130,510918,UPI,Paid,93.86
709131,510919,UPI,Paid,51.74
709132,510921,Card,Paid,52.65
709133,510922,UPI,Paid,59.54
709134,510923,Cash,Paid,75.7
709135,510924,Card,Paid,107.87
709136,510925,Cash,Paid,35.41
709137,510926,Cash,Paid,35.0
709138,510928,Cash,Paid,76.91
709139,510929,UPI,Paid,100.07
709140,510930,UPI,Paid,140.35
709141,510933,UPI,Paid,319.18
709142,510934,UPI,Paid,105.61
709143,510935,Card,Paid,71.71
709144,510936,Card,Paid,39.7
709145,510937,UPI,Paid,284.77
709146,510939,UPI,Paid,107.13
709147,510940,UPI,Paid,57.9
709148,510941,Card,Paid,122.07
709149,510942,UPI,Paid,105.44
709150,510943,Cash,Paid,77.82
709151,510944,Wallet,Paid,246.53
709152,510948,UPI,Paid,144.87
709153,510949,Cash,Paid,148.17
709154,510950,Cash,Paid,72.0
709155,510951,Wallet,Paid,151.63
709156,510952,Card,Paid,158.86
709157,510953,UPI,Paid,254.49
709158,510954,Cash,Paid,191.88
709159,510955,Card,Paid,199.56
709160,510956,Card,Paid,168.14
709161,510957,Card,Paid,66.32
709162,510959,UPI,Paid,60.56
709163,510960,Cash,Paid,69.68
709164,510961,UPI,Paid,159.82
709165,510962,Card,Paid,35.0
709166,510963,UPI,Paid,141.73
709167,510967,Cash,Paid,137.18
709168,510968,Cash,Paid,208.15
709169,510970,UPI,Paid,67.56
709170,510971,UPI,Paid,57.06
709171,510972,UPI,Paid,163.66
709172,510974,Card,Paid,179.0
709173,510975,UPI,Paid,124.59
709174,510976,Cash,Paid,52.46
709175,510977,Cash,Paid,116.16
709176,510978,UPI,Paid,158.67
709177,510979,Card,Paid,103.72
709178,510980,Card,Paid,141.46
709179,510981,Wallet,Paid,84.22
709180,510982,Card,Paid,169.02
709181,510983,UPI,Paid,176.85
709182,510984,Card,Paid,89.19
709183,510985,UPI,Failed,112.95
709184,510986,Card,Paid,92.6
709185,510987,UPI,Paid,86.91
709186,510988,Cash,Paid,138.59
709187,510990,Cash,Paid,180.04
709188,510991,UPI,Paid,158.2
709189,510992,Cash,Paid,110.53
709190,510993,Card,Paid,147.66
709191,510994,UPI,Paid,44.62
709192,510995,UPI,Paid,114.87
709193,510996,Wallet,Paid,284.21
709194,510998,UPI,Paid,109.91
709195,510999,UPI,Paid,334.67
709196,511001,Cash,Paid,35.0
709197,511002,Card,Paid,98.78
709198,511003,Cash,Paid,65.12
709199,511004,UPI,Paid,84.61
709200,511005,UPI,Paid,131.88
709201,511006,Wallet,Paid,144.91
709202,511007,UPI,Paid,220.93
709203,511008,UPI,Paid,121.89
709204,511009,Cash,Paid,204.27
709205,511010,UPI,Paid,225.0
709206,511012,Cash,Paid,132.85
709207,511013,Card,Paid,52.99
709208,511016,Card,Paid,37.88
709209,511017,Card,Paid,165.06
709210,511019,UPI,Paid,63.75
709211,511020,UPI,Paid,141.4
709212,511021,Card,Paid,213.34
709213,511022,UPI,Paid,74.37
709214,511023,UPI,Failed,174.46
709215,511024,UPI,Paid,160.06
709216,511025,UPI,Paid,160.36
709217,511027,Card,Paid,135.71
709218,511028,UPI,Paid,100.82
709219,511029,Card,Paid,35.0
709220,511030,UPI,Paid,81.69
709221,511032,Card,Paid,99.09
709222,511033,Card,Paid,187.73
709223,511034,Card,Paid,193.51
709224,511035,Card,Paid,163.29
709225,511036,UPI,Paid,138.6
709226,511037,UPI,Paid,97.35
709227,511038,Cash,Paid,72.06
709228,511039,Cash,Paid,173.64
709229,511040,Cash,Paid,97.63
709230,511042,Cash,Paid,241.04
709231,511043,UPI,Paid,137.96
709232,511044,Cash,Paid,65.77
709233,511045,UPI,Paid,68.47
709234,511047,UPI,Paid,77.79
709235,511048,UPI,Paid,128.51
709236,511049,UPI,Paid,95.08
709237,511050,UPI,Paid,160.14
709238,511051,Card,Paid,190.33
709239,511052,UPI,Paid,193.16
709240,511053,Card,Paid,53.9
709241,511055,Card,Paid,68.82
709242,511057,UPI,Paid,145.75
709243,511058,Card,Paid,226.4
709244,511059,Cash,Paid,38.15
709245,511061,Cash,Paid,135.95
709246,511062,UPI,Paid,177.69
709247,511063,UPI,Paid,257.64
709248,511064,UPI,Paid,171.64
709249,511065,UPI,Paid,151.87
709250,511068,UPI,Paid,81.47
709251,511069,Card,Paid,324.6
709252,511070,Cash,Paid,70.21
709253,511071,Cash,Paid,60.49
709254,511072,UPI,Paid,182.7
709255,511073,Card,Paid,55.91
709256,511074,UPI,Paid,116.99
709257,511075,Card,Paid,134.53
709258,511076,Card,Paid,44.05
709259,511077,UPI,Paid,106.97
709260,511078,Card,Paid,74.6
709261,511080,Card,Paid,118.08
709262,511081,UPI,Paid,44.13
709263,511082,Card,Paid,122.79
709264,511083,Card,Paid,117.72
709265,511085,Wallet,Paid,62.67
709266,511086,Card,Paid,74.38
709267,511087,Card,Paid,118.87
709268,511088,Cash,Paid,230.18
709269,511089,Cash,Paid,154.91
709270,511090,UPI,Paid,126.87
709271,511091,UPI,Paid,54.91
709272,511092,Card,Paid,75.8
709273,511093,Card,Paid,118.8
709274,511095,UPI,Paid,144.9
709275,511096,UPI,Paid,110.6
709276,511097,UPI,Paid,92.95
709277,511098,UPI,Paid,131.87
709278,511099,UPI,Paid,90.12
709279,511100,Cash,Paid,58.01
709280,511101,Wallet,Paid,55.77
709281,511102,UPI,Paid,105.45
709282,511103,Card,Failed,344.36
709283,511104,UPI,Paid,98.26
709284,511107,Cash,Paid,109.72
709285,511108,UPI,Paid,90.5
709286,511109,Card,Paid,87.81
709287,511111,Card,Paid,166.92
709288,511112,Card,Paid,70.38
709289,511113,Wallet,Paid,156.36
709290,511114,UPI,Paid,90.94
709291,511115,UPI,Paid,298.37
709292,511117,UPI,Paid,73.92
709293,511118,UPI,Paid,108.09
709294,511119,UPI,Paid,223.03
709295,511120,Card,Paid,97.84
709296,511121,UPI,Paid,82.39
709297,511122,Card,Paid,35.0
709298,511123,Card,Paid,41.16
709299,511124,UPI,Paid,110.2
709300,511126,Cash,Paid,83.88
709301,511127,UPI,Paid,196.14
709302,511128,UPI,Paid,41.74
709303,511129,Wallet,Paid,114.17
709304,511130,Cash,Paid,228.18
709305,511131,Card,Paid,112.14
709306,511132,Card,Paid,98.43
709307,511133,UPI,Paid,58.32
709308,511134,Cash,Paid,103.86
709309,511135,UPI,Paid,230.27
709310,511136,Cash,Failed,203.0
709311,511137,Cash,Paid,88.29
709312,511138,Card,Paid,77.32
709313,511140,UPI,Paid,45.15
709314,511141,Card,Paid,85.27
709315,511143,Cash,Paid,72.99
709316,511144,Wallet,Paid,106.44
709317,511145,UPI,Paid,35.0
709318,511146,Card,Paid,217.41
709319,511147,Cash,Paid,100.62
709320,511148,Cash,Paid,102.52
709321,511149,UPI,Paid,56.61
709322,511150,UPI,Paid,108.35
709323,511151,Card,Paid,237.25
709324,511152,Cash,Paid,75.7
709325,511154,Cash,Paid,46.28
709326,511155,UPI,Paid,35.0
709327,511156,Wallet,Paid,104.14
709328,511157,UPI,Paid,168.46
709329,511158,UPI,Paid,160.16
709330,511159,Cash,Paid,105.89
709331,511160,Card,Paid,60.27
709332,511161,Card,Paid,77.25
709333,511162,Card,Paid,230.28
709334,511163,Card,Paid,91.08
709335,511164,UPI,Paid,130.69
709336,511165,Cash,Paid,135.3
709337,511166,UPI,Paid,83.74
709338,511167,Cash,Paid,68.9
709339,511168,Cash,Paid,137.07
709340,511169,Card,Paid,111.0
709341,511170,UPI,Paid,50.22
709342,511171,Wallet,Paid,115.88
709343,511173,Wallet,Paid,281.16
709344,511174,UPI,Paid,149.95
709345,511175,UPI,Paid,121.24
709346,511176,UPI,Paid,158.88
709347,511177,UPI,Paid,123.89
709348,511178,UPI,Paid,128.01
709349,511179,Wallet,Paid,160.34
709350,511180,UPI,Paid,117.05
709351,511181,UPI,Paid,50.17
709352,511182,UPI,Paid,88.19
709353,511185,Card,Paid,330.49
709354,511188,Card,Paid,79.19
709355,511189,Cash,Paid,79.01
709356,511190,UPI,Paid,105.02
709357,511191,UPI,Paid,239.53
709358,511192,UPI,Paid,154.0
709359,511193,Card,Paid,65.38
709360,511194,Wallet,Paid,240.19
709361,511195,UPI,Paid,161.72
709362,511196,UPI,Paid,111.15
709363,511198,UPI,Paid,412.71
709364,511199,Cash,Paid,51.37
709365,511200,Wallet,Paid,35.0
709366,511201,Cash,Paid,139.12
709367,511202,UPI,Paid,62.2
709368,511203,UPI,Failed,120.43
709369,511204,UPI,Paid,35.0
709370,511205,UPI,Paid,193.62
709371,511206,Cash,Paid,105.23
709372,511207,Card,Paid,98.04
709373,511208,Card,Paid,35.0
709374,511209,Wallet,Paid,67.47
709375,511210,Cash,Paid,76.04
709376,511213,Card,Paid,67.56
709377,511214,UPI,Paid,54.93
709378,511215,Cash,Paid,87.85
709379,511216,Wallet,Failed,64.88
709380,511217,Card,Paid,368.08
709381,511219,UPI,Paid,35.0
709382,511220,UPI,Paid,70.16
709383,511221,Card,Paid,35.0
709384,511222,UPI,Paid,70.36
709385,511223,UPI,Failed,85.77
709386,511224,Cash,Paid,91.42
709387,511226,UPI,Paid,54.64
709388,511227,UPI,Paid,77.42
709389,511228,Card,Paid,131.45
709390,511229,UPI,Paid,136.99
709391,511231,Cash,Paid,98.95
709392,511232,Card,Paid,122.97
709393,511234,UPI,Paid,145.95
709394,511235,Wallet,Paid,100.05
709395,511236,Cash,Paid,110.08
709396,511237,UPI,Paid,114.15
709397,511238,Cash,Paid,104.77
709398,511239,UPI,Paid,137.36
709399,511241,UPI,Paid,272.14
709400,511242,UPI,Paid,123.18
709401,511243,UPI,Paid,177.95
709402,511244,Card,Paid,37.95
709403,511246,UPI,Paid,72.06
709404,511247,Cash,Paid,85.39
709405,511250,Wallet,Paid,88.31
709406,511252,Card,Paid,367.16
709407,511253,UPI,Paid,169.43
709408,511254,Card,Paid,341.3
709409,511255,Cash,Paid,66.2
709410,511256,UPI,Paid,81.7
709411,511257,Card,Paid,142.41
709412,511259,Cash,Paid,117.8
709413,511260,Card,Paid,342.16
709414,511261,UPI,Paid,53.93
709415,511262,UPI,Paid,171.78
709416,511263,UPI,Paid,65.0
709417,511264,Wallet,Paid,63.09
709418,511265,UPI,Paid,85.08
709419,511266,UPI,Paid,72.22
709420,511267,Card,Paid,103.54
709421,511268,UPI,Paid,187.26
709422,511269,Card,Paid,74.57
709423,511270,Card,Paid,87.94
709424,511271,Wallet,Paid,86.29
709425,511272,Wallet,Paid,215.48
709426,511273,UPI,Paid,56.5
709427,511274,Card,Paid,208.82
709428,511275,Card,Paid,178.36
709429,511276,UPI,Paid,175.15
709430,511277,Cash,Paid,69.77
709431,511278,UPI,Paid,128.43
709432,511279,UPI,Failed,184.13
709433,511280,Wallet,Paid,56.79
709434,511281,UPI,Paid,133.16
709435,511283,UPI,Paid,141.16
709436,511284,Cash,Paid,135.98
709437,511287,Wallet,Paid,190.02
709438,511288,UPI,Failed,476.6
709439,511290,Cash,Paid,134.05
709440,511292,UPI,Paid,230.16
709441,511294,UPI,Paid,151.7
709442,511295,Card,Paid,182.46
709443,511296,Card,Paid,90.59
709444,511297,UPI,Paid,120.65
709445,511298,Wallet,Paid,35.0
709446,511299,Card,Paid,91.94
709447,511300,Cash,Paid,99.5
709448,511301,UPI,Paid,157.79
709449,511302,UPI,Paid,35.0
709450,511303,Card,Paid,85.35
709451,511304,Cash,Paid,97.84
709452,511305,Cash,Paid,175.42
709453,511306,UPI,Paid,88.47
709454,511307,Wallet,Paid,101.79
709455,511311,UPI,Paid,193.45
709456,511313,UPI,Paid,52.33
709457,511314,UPI,Paid,74.96
709458,511316,UPI,Paid,136.78
709459,511317,Card,Paid,74.94
709460,511318,Card,Paid,78.01
709461,511319,Cash,Paid,35.0
709462,511320,UPI,Paid,53.08
709463,511321,UPI,Paid,130.07
709464,511322,UPI,Paid,253.22
709465,511323,UPI,Paid,245.21
709466,511325,UPI,Paid,174.53
709467,511326,UPI,Paid,207.94
709468,511327,Card,Paid,35.0
709469,511328,UPI,Paid,116.14
709470,511329,Card,Failed,94.03
709471,511330,UPI,Paid,69.57
709472,511331,Card,Paid,91.09
709473,511332,Wallet,Paid,35.0
709474,511333,Card,Paid,35.53
709475,511334,UPI,Paid,86.56
709476,511338,UPI,Paid,35.0
709477,511340,Cash,Paid,89.39
709478,511341,UPI,Paid,55.84
709479,511343,Card,Paid,67.51
709480,511344,UPI,Paid,188.11
709481,511345,Card,Paid,195.99
709482,511346,Cash,Paid,35.95
709483,511347,UPI,Paid,109.78
709484,511348,UPI,Paid,139.28
709485,511349,UPI,Paid,62.65
709486,511350,UPI,Paid,136.9
709487,511351,Cash,Paid,130.28
709488,511352,Card,Paid,55.83
709489,511353,Card,Paid,124.7
709490,511354,UPI,Paid,77.6
709491,511355,Cash,Paid,72.92
709492,511356,Cash,Paid,35.0
709493,511357,Cash,Paid,35.0
709494,511358,Wallet,Paid,52.24
709495,511359,UPI,Paid,176.53
709496,511360,UPI,Paid,35.0
709497,511362,UPI,Paid,106.18
709498,511363,UPI,Paid,184.14
709499,511364,Card,Paid,82.48
709500,511365,Card,Paid,93.74
709501,511366,UPI,Paid,66.78
709502,511367,Cash,Paid,75.28
709503,511368,Card,Paid,134.12
709504,511369,UPI,Paid,128.91
709505,511371,UPI,Paid,97.57
709506,511373,Card,Paid,204.55
709507,511374,Cash,Paid,185.95
709508,511375,Card,Paid,295.19
709509,511376,Card,Paid,247.46
709510,511377,UPI,Paid,50.42
709511,511378,Card,Paid,107.95
709512,511379,UPI,Paid,71.05
709513,511380,Cash,Paid,103.47
709514,511381,Card,Paid,157.52
709515,511382,UPI,Paid,41.83
709516,511383,UPI,Paid,97.98
709517,511384,UPI,Paid,70.57
709518,511385,Card,Paid,35.0
709519,511386,Cash,Paid,212.71
709520,511387,Wallet,Paid,483.14
709521,511388,UPI,Paid,113.19
709522,511390,UPI,Paid,86.75
709523,511391,UPI,Paid,73.14
709524,511392,Cash,Paid,171.14
709525,511394,UPI,Paid,74.67
709526,511395,UPI,Paid,89.91
709527,511397,UPI,Paid,100.93
709528,511398,UPI,Paid,76.04
709529,511399,Card,Paid,69.4
709530,511400,UPI,Paid,98.63
709531,511401,UPI,Paid,101.08
709532,511402,Cash,Paid,76.59
709533,511403,Cash,Paid,240.65
709534,511405,UPI,Paid,62.21
709535,511406,Card,Paid,454.68
709536,511407,UPI,Paid,176.84
709537,511410,Cash,Paid,105.47
709538,511411,Card,Paid,70.1
709539,511412,Cash,Paid,157.34
709540,511413,Wallet,Paid,166.44
709541,511414,Card,Paid,127.33
709542,511415,Cash,Paid,103.08
709543,511416,Cash,Paid,92.47
709544,511418,Card,Paid,190.29
709545,511419,UPI,Paid,82.1
709546,511420,UPI,Paid,55.07
709547,511421,Card,Paid,68.02
709548,511423,UPI,Paid,76.65
709549,511424,Card,Paid,146.09
709550,511425,Cash,Paid,35.0
709551,511426,Cash,Paid,108.93
709552,511427,Cash,Paid,341.96
709553,511428,Cash,Paid,137.51
709554,511429,Card,Paid,69.24
709555,511430,Card,Paid,208.94
709556,511431,Card,Paid,58.48
709557,511432,UPI,Paid,64.36
709558,511433,UPI,Paid,186.76
709559,511434,UPI,Paid,78.1
709560,511436,UPI,Paid,168.19
709561,511437,UPI,Paid,83.89
709562,511438,Card,Paid,182.2
709563,511439,UPI,Paid,107.44
709564,511440,UPI,Paid,98.31
709565,511442,Card,Paid,132.79
709566,511443,Card,Paid,385.85
709567,511444,Wallet,Paid,59.17
709568,511445,UPI,Paid,100.84
709569,511446,UPI,Paid,128.38
709570,511447,UPI,Paid,135.57
709571,511449,UPI,Paid,87.19
709572,511450,Card,Paid,131.1
709573,511451,Cash,Paid,37.76
709574,511452,UPI,Paid,99.66
709575,511453,UPI,Paid,118.35
709576,511454,Card,Paid,47.56
709577,511455,UPI,Paid,239.48
709578,511456,Card,Paid,168.0
709579,511457,Wallet,Paid,90.25
709580,511458,UPI,Paid,65.69
709581,511460,Card,Paid,110.25
709582,511461,Cash,Paid,73.55
709583,511462,UPI,Paid,91.14
709584,511463,UPI,Paid,220.63
709585,511464,Wallet,Paid,306.85
709586,511465,UPI,Paid,124.73
709587,511466,Wallet,Paid,87.43
709588,511467,Cash,Paid,40.08
709589,511468,UPI,Paid,125.97
709590,511469,Card,Paid,61.74
709591,511470,Card,Paid,152.46
709592,511471,UPI,Paid,55.69
709593,511472,UPI,Paid,35.66
709594,511473,UPI,Paid,76.64
709595,511474,Cash,Paid,35.0
709596,511475,Card,Paid,99.08
709597,511476,Cash,Paid,82.19
709598,511478,UPI,Paid,104.44
709599,511479,UPI,Paid,151.37
709600,511480,UPI,Paid,78.11
709601,511482,UPI,Paid,184.15
709602,511483,Card,Paid,142.68
709603,511485,UPI,Paid,112.65
709604,511486,UPI,Paid,86.85
709605,511489,Card,Failed,79.5
709606,511490,UPI,Paid,146.28
709607,511491,UPI,Paid,55.3
709608,511492,Cash,Paid,122.32
709609,511493,UPI,Paid,132.52
709610,511494,Card,Paid,42.89
709611,511496,Card,Paid,167.93
709612,511497,UPI,Paid,69.39
709613,511498,Card,Paid,130.26
709614,511499,UPI,Paid,54.35
709615,511500,Card,Paid,128.24
709616,511501,Cash,Paid,82.5
709617,511502,UPI,Paid,114.53
709618,511503,UPI,Paid,122.73
709619,511504,UPI,Paid,244.59
709620,511505,UPI,Paid,106.27
709621,511506,UPI,Paid,165.46
709622,511508,Cash,Paid,138.04
709623,511509,Cash,Paid,56.91
709624,511510,UPI,Paid,143.55
709625,511511,UPI,Paid,373.68
709626,511515,UPI,Paid,229.36
709627,511516,Card,Paid,96.69
709628,511517,UPI,Paid,149.68
709629,511518,UPI,Paid,126.68
709630,511519,UPI,Paid,161.07
709631,511520,UPI,Paid,413.01
709632,511522,UPI,Paid,102.03
709633,511523,UPI,Paid,118.15
709634,511524,Wallet,Paid,126.5
709635,511526,Cash,Paid,112.33
709636,511527,UPI,Paid,187.44
709637,511529,UPI,Paid,217.74
709638,511530,Cash,Paid,153.58
709639,511531,Cash,Paid,135.31
709640,511532,Cash,Paid,230.26
709641,511534,Card,Paid,99.07
709642,511535,Cash,Paid,174.94
709643,511536,Cash,Paid,119.35
709644,511538,UPI,Paid,287.2
709645,511539,Wallet,Paid,117.88
709646,511540,Cash,Paid,109.12
709647,511541,Cash,Paid,142.19
709648,511542,Wallet,Paid,94.15
709649,511543,Card,Paid,49.41
709650,511544,UPI,Paid,168.07
709651,511545,Card,Paid,171.62
709652,511546,UPI,Paid,256.49
709653,511547,Cash,Paid,114.34
709654,511548,UPI,Paid,44.81
709655,511549,Wallet,Paid,65.22
709656,511550,UPI,Paid,151.87
709657,511551,UPI,Paid,166.68
709658,511552,UPI,Paid,135.65
709659,511553,UPI,Paid,43.78
709660,511554,Cash,Paid,180.65
709661,511555,Cash,Paid,155.69
709662,511556,Card,Paid,50.99
709663,511557,Card,Paid,85.4
709664,511559,UPI,Paid,160.05
709665,511560,Cash,Paid,35.0
709666,511561,UPI,Paid,101.52
709667,511562,Cash,Paid,216.98
709668,511564,Cash,Paid,104.15
709669,511565,Card,Paid,365.12
709670,511566,Cash,Paid,92.45
709671,511567,UPI,Paid,216.49
709672,511569,Cash,Paid,97.3
709673,511570,UPI,Paid,157.73
709674,511571,Card,Paid,56.59
709675,511572,Wallet,Paid,81.46
709676,511573,Cash,Paid,106.73
709677,511574,Card,Paid,89.19
709678,511575,Card,Paid,68.88
709679,511576,UPI,Paid,290.43
709680,511578,UPI,Paid,221.33
709681,511579,UPI,Paid,39.54
709682,511580,Card,Paid,227.78
709683,511581,UPI,Paid,122.44
709684,511582,UPI,Failed,35.0
709685,511583,Card,Paid,161.78
709686,511584,UPI,Paid,35.55
709687,511585,Card,Paid,103.2
709688,511586,UPI,Paid,108.62
709689,511587,Card,Paid,78.14
709690,511588,UPI,Paid,92.63
709691,511589,UPI,Paid,35.0
709692,511590,Wallet,Paid,187.23
709693,511591,Card,Paid,65.46
709694,511592,UPI,Paid,101.71
709695,511593,UPI,Paid,135.01
709696,511594,Card,Paid,45.34
709697,511596,Wallet,Paid,171.64
709698,511597,Cash,Paid,132.18
709699,511598,Card,Paid,35.0
709700,511599,Card,Paid,69.98
709701,511600,Card,Paid,89.78
709702,511601,Card,Paid,107.38
709703,511602,UPI,Paid,71.25
709704,511603,Card,Paid,79.31
709705,511604,UPI,Paid,52.6
709706,511605,Card,Paid,220.51
709707,511606,Card,Paid,179.96
709708,511607,UPI,Paid,167.29
709709,511608,Card,Paid,77.4
709710,511609,UPI,Paid,73.61
709711,511610,Cash,Paid,124.62
709712,511611,UPI,Paid,156.4
709713,511613,Wallet,Paid,86.14
709714,511614,Card,Paid,131.64
709715,511615,Cash,Paid,205.16
709716,511616,Wallet,Paid,122.78
709717,511617,UPI,Paid,164.87
709718,511618,Card,Paid,109.0
709719,511619,UPI,Paid,140.29
709720,511620,Card,Paid,487.84
709721,511621,Card,Paid,180.15
709722,511622,UPI,Paid,49.95
709723,511624,UPI,Paid,87.33
709724,511625,UPI,Paid,35.0
709725,511626,Card,Paid,314.24
709726,511627,Card,Paid,152.96
709727,511628,Wallet,Paid,130.16
709728,511629,Cash,Paid,88.45
709729,511630,UPI,Paid,69.02
709730,511632,Card,Paid,94.42
709731,511633,Wallet,Paid,112.41
709732,511634,UPI,Paid,37.86
709733,511635,UPI,Paid,182.33
709734,511636,UPI,Paid,202.62
709735,511637,UPI,Paid,233.79
709736,511638,UPI,Paid,122.05
709737,511639,Cash,Paid,155.18
709738,511640,Card,Paid,162.44
709739,511641,Card,Paid,35.0
709740,511642,UPI,Paid,218.83
709741,511644,Wallet,Paid,94.01
709742,511645,UPI,Paid,302.78
709743,511647,UPI,Paid,184.37
709744,511648,Wallet,Paid,184.81
709745,511649,UPI,Paid,289.18
709746,511650,UPI,Paid,201.43
709747,511651,UPI,Paid,51.17
709748,511652,UPI,Paid,35.0
709749,511653,UPI,Paid,38.71
709750,511654,Card,Paid,94.98
709751,511655,Wallet,Paid,108.69
709752,511657,Cash,Paid,255.91
709753,511658,UPI,Paid,245.36
709754,511659,UPI,Paid,155.27
709755,511660,UPI,Paid,151.57
709756,511662,UPI,Paid,205.28
709757,511663,UPI,Paid,114.23
709758,511664,UPI,Paid,86.53
709759,511665,UPI,Paid,85.73
709760,511666,Wallet,Paid,101.54
709761,511667,Card,Paid,77.87
709762,511668,UPI,Paid,53.91
709763,511669,Card,Paid,40.12
709764,511670,UPI,Paid,129.97
709765,511671,UPI,Paid,114.03
709766,511673,Wallet,Paid,82.18
709767,511674,UPI,Paid,132.0
709768,511675,Card,Paid,101.71
709769,511676,Card,Paid,55.95
709770,511677,Cash,Paid,75.43
709771,511678,UPI,Paid,94.03
709772,511679,Card,Paid,59.77
709773,511680,UPI,Paid,201.64
709774,511682,UPI,Paid,126.35
709775,511683,UPI,Paid,72.53
709776,511684,UPI,Paid,35.0
709777,511685,UPI,Paid,42.93
709778,511686,Cash,Paid,53.49
709779,511687,UPI,Paid,35.0
709780,511688,Cash,Paid,96.15
709781,511689,Wallet,Paid,40.34
709782,511690,Wallet,Paid,68.04
709783,511691,UPI,Paid,35.0
709784,511694,UPI,Paid,111.89
709785,511696,Card,Paid,269.75
709786,511697,Cash,Paid,105.67
709787,511699,Card,Paid,110.56
709788,511700,Card,Paid,133.76
709789,511701,UPI,Paid,136.35
709790,511702,UPI,Paid,67.1
709791,511703,UPI,Paid,83.75
709792,511704,Cash,Paid,175.12
709793,511705,Cash,Paid,39.32
709794,511708,Card,Paid,73.5
709795,511709,Cash,Paid,89.88
709796,511711,Cash,Paid,282.13
709797,511713,UPI,Paid,35.0
709798,511715,Cash,Paid,182.25
709799,511716,UPI,Paid,94.53
709800,511718,UPI,Paid,97.35
709801,511720,UPI,Paid,35.0
709802,511721,Card,Paid,69.2
709803,511722,Card,Paid,46.52
709804,511724,Cash,Paid,72.59
709805,511725,Card,Paid,86.31
709806,511726,Card,Paid,126.23
709807,511727,Card,Paid,81.3
709808,511728,Card,Paid,172.5
709809,511729,Cash,Paid,50.07
709810,511731,UPI,Paid,108.99
709811,511732,Cash,Paid,93.8
709812,511733,Card,Paid,53.39
709813,511734,Card,Paid,141.85
709814,511735,Wallet,Paid,74.43
709815,511736,UPI,Paid,117.27
709816,511737,UPI,Paid,60.48
709817,511738,Wallet,Paid,142.44
709818,511739,Card,Paid,162.2
709819,511740,Cash,Paid,372.0
709820,511741,UPI,Paid,265.85
709821,511742,Card,Paid,88.8
709822,511743,Cash,Paid,50.88
709823,511744,UPI,Paid,103.7
709824,511745,UPI,Paid,54.04
709825,511746,Cash,Paid,132.5
709826,511747,Card,Paid,71.01
709827,511748,Cash,Paid,64.95
709828,511749,Cash,Paid,311.63
709829,511750,Card,Paid,137.31
709830,511751,Card,Paid,160.88
709831,511752,Card,Paid,88.01
709832,511753,Cash,Paid,96.07
709833,511754,UPI,Paid,79.32
709834,511755,UPI,Paid,81.04
709835,511756,Cash,Paid,67.81
709836,511757,Cash,Paid,105.92
709837,511758,Card,Paid,177.83
709838,511759,UPI,Paid,164.65
709839,511761,UPI,Paid,81.44
709840,511762,UPI,Paid,48.92
709841,511763,Wallet,Paid,140.4
709842,511764,UPI,Paid,104.55
709843,511765,UPI,Paid,93.75
709844,511766,UPI,Paid,77.01
709845,511767,Card,Paid,38.12
709846,511768,Card,Paid,62.14
709847,511769,UPI,Paid,85.21
709848,511770,UPI,Paid,44.66
709849,511771,Cash,Paid,35.0
709850,511772,UPI,Paid,35.0
709851,511773,UPI,Paid,80.47
709852,511774,Card,Paid,111.82
709853,511775,Card,Paid,120.94
709854,511776,Card,Paid,56.99
709855,511777,UPI,Paid,85.43
709856,511778,Wallet,Paid,65.44
709857,511779,UPI,Paid,42.61
709858,511780,Cash,Paid,48.16
709859,511781,Wallet,Paid,115.4
709860,511782,Card,Paid,168.82
709861,511783,Cash,Paid,95.86
709862,511784,UPI,Paid,176.44
709863,511785,Cash,Paid,89.39
709864,511786,Cash,Paid,68.33
709865,511787,Card,Paid,89.46
709866,511788,Cash,Paid,115.59
709867,511789,Wallet,Paid,43.4
709868,511790,UPI,Paid,171.56
709869,511791,Cash,Paid,83.05
709870,511792,UPI,Paid,71.55
709871,511793,UPI,Paid,86.22
709872,511794,UPI,Paid,87.04
709873,511795,Card,Paid,101.13
709874,511796,UPI,Paid,71.77
709875,511797,UPI,Paid,126.9
709876,511803,UPI,Paid,98.05
709877,511804,Card,Paid,80.8
709878,511805,Cash,Paid,44.43
709879,511807,UPI,Paid,126.81
709880,511808,Cash,Paid,266.77
709881,511809,Cash,Paid,167.05
709882,511810,Card,Paid,409.35
709883,511811,Cash,Paid,319.55
709884,511812,UPI,Paid,162.05
709885,511814,UPI,Paid,85.38
709886,511815,UPI,Paid,90.85
709887,511817,Card,Paid,131.08
709888,511818,Cash,Paid,194.58
709889,511819,UPI,Paid,72.66
709890,511820,Card,Paid,75.86
709891,511821,Cash,Paid,73.39
709892,511822,UPI,Paid,140.02
709893,511823,Cash,Paid,62.32
709894,511824,Card,Paid,43.52
709895,511825,UPI,Paid,153.89
709896,511827,Wallet,Paid,173.95
709897,511829,Wallet,Paid,82.28
709898,511831,UPI,Paid,76.24
709899,511832,UPI,Paid,199.28
709900,511833,UPI,Paid,76.56
709901,511834,UPI,Paid,35.0
709902,511835,Card,Paid,84.67
709903,511836,Cash,Paid,86.43
709904,511837,UPI,Paid,142.09
709905,511838,UPI,Paid,144.45
709906,511841,UPI,Paid,62.62
709907,511842,UPI,Paid,116.53
709908,511843,UPI,Paid,109.69
709909,511844,Card,Paid,62.21
709910,511845,Card,Paid,205.59
709911,511846,Cash,Paid,228.44
709912,511848,Card,Paid,61.64
709913,511849,Cash,Paid,127.75
709914,511850,Card,Paid,96.05
709915,511851,Card,Paid,42.46
709916,511852,Card,Paid,178.48
709917,511853,UPI,Paid,298.91
709918,511854,UPI,Paid,99.54
709919,511855,Cash,Paid,35.0
709920,511856,Cash,Paid,157.52
709921,511858,UPI,Paid,133.83
709922,511859,Cash,Paid,55.86
709923,511860,Cash,Paid,254.58
709924,511862,Cash,Paid,152.85
709925,511863,UPI,Paid,201.88
709926,511864,UPI,Paid,233.69
709927,511866,UPI,Paid,132.14
709928,511867,Cash,Paid,117.54
709929,511870,Wallet,Paid,183.5
709930,511871,UPI,Paid,105.96
709931,511872,Card,Paid,245.36
709932,511873,UPI,Paid,83.88
709933,511874,Card,Paid,35.0
709934,511875,Card,Paid,133.53
709935,511877,Cash,Paid,35.0
709936,511878,Cash,Paid,204.5
709937,511879,Card,Paid,116.76
709938,511880,Card,Paid,50.35
709939,511881,Card,Paid,86.24
709940,511882,Cash,Paid,76.84
709941,511883,UPI,Paid,145.99
709942,511884,Card,Paid,66.31
709943,511885,UPI,Paid,67.51
709944,511886,Card,Paid,64.17
709945,511887,Cash,Paid,38.19
709946,511888,UPI,Paid,128.53
709947,511889,Card,Paid,46.89
709948,511890,Cash,Paid,336.99
709949,511891,Card,Paid,205.93
709950,511893,Cash,Paid,225.98
709951,511894,Card,Paid,85.45
709952,511895,Card,Paid,61.29
709953,511896,UPI,Paid,123.39
709954,511897,Cash,Paid,165.95
709955,511898,Card,Paid,69.96
709956,511899,Card,Paid,156.83
709957,511900,UPI,Paid,101.04
709958,511902,Cash,Paid,307.42
709959,511903,UPI,Paid,115.07
709960,511904,Card,Paid,56.82
709961,511906,Card,Paid,105.46
709962,511907,Cash,Paid,35.0
709963,511908,UPI,Paid,176.1
709964,511909,Card,Paid,116.7
709965,511910,Cash,Paid,200.24
709966,511911,UPI,Paid,87.35
709967,511913,Wallet,Paid,130.34
709968,511914,Cash,Paid,196.25
709969,511915,UPI,Paid,81.8
709970,511916,UPI,Paid,112.4
709971,511918,UPI,Paid,174.63
709972,511919,UPI,Paid,104.94
709973,511921,UPI,Paid,146.05
709974,511923,Card,Paid,74.56
709975,511924,Card,Paid,46.45
709976,511925,Wallet,Paid,200.77
709977,511926,Cash,Paid,111.81
709978,511927,UPI,Paid,111.08
709979,511928,UPI,Paid,91.87
709980,511929,UPI,Paid,47.34
709981,511930,UPI,Paid,121.79
709982,511931,Card,Paid,104.82
709983,511932,UPI,Paid,111.66
709984,511933,Wallet,Paid,87.81
709985,511935,Cash,Paid,180.35
709986,511936,UPI,Paid,97.36
709987,511940,UPI,Paid,139.03
709988,511941,UPI,Paid,50.04
709989,511942,UPI,Paid,51.0
709990,511944,UPI,Paid,321.42
709991,511945,Cash,Paid,124.45
709992,511946,UPI,Paid,73.49
709993,511948,Cash,Paid,296.13
709994,511949,Card,Paid,109.53
709995,511950,UPI,Paid,163.08
709996,511951,Cash,Paid,103.07
709997,511952,Cash,Paid,64.28
709998,511953,Cash,Paid,127.86
709999,511954,UPI,Paid,141.27
710000,511955,Cash,Paid,209.44
710001,511956,Cash,Paid,50.21
710002,511958,UPI,Paid,91.13
710003,511959,UPI,Paid,48.56
710004,511960,UPI,Paid,197.71
710005,511961,Card,Paid,138.65
710006,511962,UPI,Paid,87.69
710007,511963,UPI,Paid,65.67
710008,511964,UPI,Paid,309.11
710009,511965,UPI,Paid,409.53
710010,511966,Card,Paid,73.35
710011,511967,Card,Paid,170.67
710012,511968,Card,Paid,91.96
710013,511969,Card,Paid,86.88
710014,511970,Cash,Paid,55.2
710015,511971,Cash,Paid,92.53
710016,511972,UPI,Paid,184.73
710017,511973,UPI,Paid,219.64
710018,511975,Wallet,Paid,152.96
710019,511976,Cash,Paid,95.01
710020,511979,UPI,Paid,35.25
710021,511980,Card,Paid,165.75
710022,511981,UPI,Paid,44.02
710023,511982,Card,Paid,165.66
710024,511983,Cash,Paid,65.85
710025,511984,UPI,Paid,193.89
710026,511985,UPI,Paid,254.38
710027,511986,Card,Paid,116.5
710028,511987,UPI,Paid,148.91
710029,511988,UPI,Paid,80.33
710030,511990,Card,Paid,75.07
710031,511991,Card,Paid,66.13
710032,511993,UPI,Paid,164.44
710033,511994,Card,Paid,363.59
710034,511995,UPI,Paid,44.77
710035,511996,UPI,Paid,254.05
710036,511998,UPI,Paid,69.89
710037,511999,UPI,Paid,134.8
710038,512000,UPI,Paid,341.02
710039,512002,Wallet,Paid,190.73
710040,512003,Wallet,Paid,250.01
710041,512004,UPI,Paid,267.09
710042,512005,Card,Paid,180.05
710043,512006,Card,Paid,140.51
710044,512007,Card,Paid,62.12
710045,512008,Wallet,Paid,129.17
710046,512009,Cash,Paid,42.15
710047,512010,UPI,Paid,56.16
710048,512013,Card,Paid,39.55
710049,512014,Card,Paid,127.95
710050,512015,Cash,Paid,128.17
710051,512016,UPI,Paid,122.48
710052,512017,Wallet,Paid,252.44
710053,512018,UPI,Paid,107.18
710054,512020,Card,Paid,61.53
710055,512021,UPI,Paid,133.3
710056,512022,UPI,Paid,95.08
710057,512023,Card,Paid,159.62
710058,512024,Wallet,Paid,107.6
710059,512025,Card,Paid,310.99
710060,512026,Cash,Paid,77.81
710061,512030,UPI,Paid,129.82
710062,512031,UPI,Paid,196.16
710063,512032,UPI,Paid,130.75
710064,512033,Cash,Paid,67.19
710065,512034,UPI,Paid,132.19
710066,512035,UPI,Paid,144.05
710067,512036,UPI,Paid,171.62
710068,512038,Card,Paid,93.73
710069,512039,Cash,Paid,73.04
710070,512040,Cash,Paid,106.72
710071,512041,UPI,Paid,160.64
710072,512042,Card,Paid,35.0
710073,512043,Cash,Paid,300.85
710074,512044,UPI,Paid,129.8
710075,512045,UPI,Paid,138.4
710076,512046,UPI,Paid,176.18
710077,512047,Cash,Paid,145.24
710078,512048,Cash,Paid,260.71
710079,512050,UPI,Paid,65.36
710080,512051,UPI,Paid,89.15
710081,512052,Cash,Paid,271.33
710082,512053,Cash,Paid,242.95
710083,512054,UPI,Paid,124.33
710084,512055,Card,Paid,151.9
710085,512056,Card,Paid,78.97
710086,512057,Card,Paid,64.19
710087,512059,UPI,Paid,310.56
710088,512060,Cash,Paid,74.08
710089,512061,Cash,Paid,83.69
710090,512064,UPI,Paid,55.41
710091,512065,UPI,Paid,256.34
710092,512066,Cash,Paid,190.13
710093,512067,UPI,Paid,35.0
710094,512068,UPI,Paid,246.27
710095,512069,Card,Paid,90.01
710096,512070,UPI,Paid,137.36
710097,512071,Wallet,Paid,223.81
710098,512072,UPI,Paid,43.65
710099,512073,UPI,Paid,137.58
710100,512076,Card,Paid,72.65
710101,512077,UPI,Paid,106.86
710102,512078,Card,Paid,147.53
710103,512079,UPI,Paid,93.75
710104,512080,Card,Paid,102.28
710105,512081,Card,Paid,41.27
710106,512082,Cash,Paid,95.73
710107,512083,UPI,Paid,58.7
710108,512084,Cash,Paid,68.42
710109,512085,UPI,Paid,170.03
710110,512086,UPI,Paid,99.66
710111,512088,Card,Paid,35.0
710112,512089,UPI,Paid,131.81
710113,512090,UPI,Paid,262.14
710114,512091,UPI,Paid,171.66
710115,512092,Card,Paid,54.03
710116,512093,Wallet,Paid,112.3
710117,512094,UPI,Paid,45.88
710118,512095,Card,Paid,98.63
710119,512097,Cash,Paid,49.93
710120,512098,UPI,Paid,213.51
710121,512102,Cash,Paid,120.14
710122,512103,UPI,Paid,297.99
710123,512104,Card,Paid,146.64
710124,512105,UPI,Paid,104.34
710125,512106,Card,Paid,78.56
710126,512107,Card,Paid,222.03
710127,512109,UPI,Paid,213.2
710128,512110,UPI,Paid,118.73
710129,512111,UPI,Paid,125.95
710130,512112,UPI,Paid,44.22
710131,512113,UPI,Paid,43.62
710132,512114,Cash,Paid,90.05
710133,512116,Card,Paid,61.55
710134,512117,Cash,Paid,99.77
710135,512118,UPI,Paid,74.22
710136,512119,UPI,Paid,89.31
710137,512120,UPI,Paid,65.43
710138,512121,Card,Paid,60.72
710139,512122,UPI,Paid,130.75
710140,512123,Cash,Paid,98.02
710141,512124,Cash,Paid,209.7
710142,512125,Cash,Paid,48.76
710143,512127,UPI,Paid,39.66
710144,512129,Card,Paid,138.04
710145,512130,Card,Paid,142.42
710146,512132,Cash,Paid,235.29
710147,512133,UPI,Paid,90.21
710148,512134,UPI,Paid,115.65
710149,512135,Card,Paid,56.71
710150,512136,UPI,Paid,94.61
710151,512137,UPI,Paid,161.56
710152,512138,Wallet,Paid,154.42
710153,512139,Card,Paid,80.63
710154,512140,UPI,Paid,328.81
710155,512141,Card,Paid,81.12
710156,512142,UPI,Paid,95.93
710157,512143,Card,Paid,163.46
710158,512144,UPI,Paid,76.22
710159,512145,Cash,Paid,291.58
710160,512146,Cash,Paid,80.44
710161,512148,UPI,Paid,117.36
710162,512149,Cash,Paid,55.32
710163,512150,Card,Paid,190.39
710164,512152,UPI,Paid,142.72
710165,512153,UPI,Paid,42.26
710166,512154,Card,Paid,261.64
710167,512155,UPI,Paid,83.93
710168,512157,Card,Paid,244.84
710169,512158,UPI,Paid,131.65
710170,512159,UPI,Paid,81.41
710171,512160,Card,Paid,62.88
710172,512161,Card,Paid,71.14
710173,512164,Cash,Paid,156.3
710174,512165,UPI,Paid,65.8
710175,512166,UPI,Paid,150.22
710176,512167,Card,Paid,113.99
710177,512168,UPI,Paid,118.56
710178,512169,Card,Paid,53.12
710179,512170,Card,Paid,71.54
710180,512171,UPI,Paid,91.88
710181,512172,UPI,Paid,238.6
710182,512174,Cash,Paid,48.9
710183,512175,Cash,Paid,177.76
710184,512176,Card,Paid,60.18
710185,512178,Cash,Paid,90.42
710186,512179,Cash,Paid,95.91
710187,512180,Wallet,Paid,103.47
710188,512182,Wallet,Paid,35.0
710189,512184,UPI,Paid,93.78
710190,512185,UPI,Paid,35.0
710191,512186,UPI,Paid,188.65
710192,512187,UPI,Paid,102.77
710193,512189,UPI,Paid,277.13
710194,512190,UPI,Paid,108.21
710195,512191,UPI,Paid,59.02
710196,512192,UPI,Paid,123.25
710197,512194,Card,Paid,50.59
710198,512195,UPI,Paid,570.11
710199,512196,Card,Paid,245.71
710200,512197,UPI,Paid,200.76
710201,512198,Wallet,Paid,74.35
710202,512199,Card,Paid,80.11
710203,512200,Cash,Paid,173.83
710204,512202,UPI,Paid,60.23
710205,512203,Cash,Paid,184.6
710206,512204,UPI,Paid,89.11
710207,512205,Cash,Paid,95.56
710208,512206,Card,Paid,326.58
710209,512207,Card,Paid,74.5
710210,512208,Wallet,Paid,88.11
710211,512209,Cash,Paid,272.16
710212,512210,UPI,Paid,49.04
710213,512211,Wallet,Paid,137.51
710214,512213,UPI,Paid,47.62
710215,512214,Card,Paid,75.74
710216,512215,UPI,Paid,81.44
710217,512216,Card,Paid,115.57
710218,512217,Card,Paid,71.35
710219,512218,UPI,Paid,94.18
710220,512219,UPI,Paid,49.0
710221,512220,UPI,Paid,190.06
710222,512221,Cash,Failed,118.39
710223,512222,Card,Failed,45.22
710224,512223,UPI,Paid,393.09
710225,512224,UPI,Paid,48.96
710226,512225,Card,Paid,60.27
710227,512226,Card,Paid,46.07
710228,512227,Cash,Paid,42.67
710229,512228,Cash,Paid,177.81
710230,512229,UPI,Paid,186.18
710231,512230,Cash,Paid,77.96
710232,512231,UPI,Paid,101.19
710233,512232,UPI,Paid,62.79
710234,512233,UPI,Paid,56.21
710235,512234,UPI,Paid,52.95
710236,512236,Cash,Paid,114.02
710237,512237,Card,Paid,74.33
710238,512238,Card,Paid,78.0
710239,512239,Cash,Paid,131.78
710240,512241,Cash,Paid,331.72
710241,512242,Cash,Paid,164.14
710242,512243,UPI,Paid,35.0
710243,512244,Card,Paid,455.16
710244,512245,Cash,Paid,85.41
710245,512246,UPI,Paid,59.13
710246,512247,Cash,Paid,148.65
710247,512248,Cash,Paid,78.91
710248,512249,Cash,Paid,98.51
710249,512250,UPI,Paid,35.02
710250,512251,Card,Paid,295.45
710251,512252,UPI,Paid,164.64
710252,512253,UPI,Paid,78.12
710253,512255,Cash,Paid,183.68
710254,512256,UPI,Paid,92.02
710255,512257,UPI,Paid,79.23
710256,512258,UPI,Paid,142.23
710257,512259,UPI,Paid,166.72
710258,512260,UPI,Paid,45.22
710259,512261,Cash,Paid,49.34
710260,512263,UPI,Paid,69.16
710261,512264,UPI,Paid,135.91
710262,512265,Cash,Paid,48.99
710263,512266,Cash,Paid,216.81
710264,512267,Card,Paid,89.93
710265,512268,UPI,Paid,79.31
710266,512269,UPI,Paid,141.49
710267,512270,UPI,Paid,88.13
710268,512271,UPI,Paid,111.85
710269,512272,Card,Paid,42.47
710270,512273,UPI,Paid,81.57
710271,512274,UPI,Paid,103.65
710272,512275,Cash,Paid,637.1
710273,512276,UPI,Paid,80.19
710274,512277,UPI,Paid,106.38
710275,512278,Card,Paid,233.54
710276,512279,UPI,Paid,184.76
710277,512280,UPI,Paid,126.19
710278,512281,Cash,Paid,78.87
710279,512282,UPI,Paid,65.55
710280,512283,UPI,Paid,269.17
710281,512285,UPI,Paid,149.34
710282,512286,Wallet,Paid,155.24
710283,512287,UPI,Paid,105.21
710284,512288,Cash,Paid,283.99
710285,512289,Cash,Paid,118.48
710286,512290,UPI,Paid,50.79
710287,512292,Cash,Paid,94.52
710288,512294,UPI,Paid,118.86
710289,512296,UPI,Paid,143.62
710290,512298,UPI,Paid,120.83
710291,512299,Cash,Paid,62.1
710292,512300,UPI,Paid,206.2
710293,512301,UPI,Paid,93.7
710294,512302,Card,Paid,74.25
710295,512304,Cash,Paid,64.22
710296,512305,UPI,Paid,162.48
710297,512307,Wallet,Paid,112.11
710298,512308,Card,Paid,430.01
710299,512309,UPI,Paid,240.04
710300,512310,Card,Paid,124.64
710301,512312,Wallet,Paid,55.32
710302,512313,Card,Paid,120.46
710303,512314,UPI,Paid,227.42
710304,512315,UPI,Paid,41.46
710305,512316,Cash,Paid,123.03
710306,512317,Cash,Paid,90.46
710307,512318,Cash,Paid,129.36
710308,512319,UPI,Paid,48.78
710309,512322,Card,Paid,94.26
710310,512323,UPI,Paid,35.0
710311,512324,UPI,Paid,91.49
710312,512327,Cash,Paid,40.35
710313,512329,Wallet,Paid,135.58
710314,512330,Wallet,Paid,83.43
710315,512332,UPI,Paid,145.35
710316,512333,Cash,Paid,101.83
710317,512334,Cash,Paid,51.32
710318,512335,Wallet,Paid,128.89
710319,512337,Cash,Paid,145.59
710320,512338,UPI,Paid,61.82
710321,512339,Card,Paid,98.93
710322,512341,UPI,Paid,57.48
710323,512342,UPI,Paid,120.21
710324,512343,Card,Paid,63.94
710325,512344,UPI,Paid,63.03
710326,512345,Cash,Paid,75.45
710327,512346,UPI,Paid,75.68
710328,512347,UPI,Paid,69.28
710329,512348,Card,Paid,131.85
710330,512349,Card,Paid,135.4
710331,512351,Card,Paid,40.84
710332,512352,Cash,Paid,35.0
710333,512353,UPI,Paid,172.58
710334,512354,Card,Paid,144.31
710335,512355,Card,Paid,102.2
710336,512357,UPI,Paid,70.17
710337,512359,Card,Paid,118.13
710338,512360,Card,Paid,208.21
710339,512361,Card,Paid,88.48
710340,512362,Card,Paid,108.82
710341,512364,Wallet,Paid,110.93
710342,512366,Cash,Paid,105.43
710343,512367,Cash,Paid,154.68
710344,512368,UPI,Paid,73.67
710345,512369,Cash,Paid,44.64
710346,512370,Cash,Paid,253.9
710347,512373,Card,Failed,115.48
710348,512374,Cash,Paid,66.21
710349,512375,Card,Paid,65.28
710350,512376,UPI,Paid,50.74
710351,512377,Cash,Paid,55.06
710352,512378,UPI,Paid,424.1
710353,512379,UPI,Paid,391.74
710354,512381,UPI,Paid,82.38
710355,512382,UPI,Paid,35.0
710356,512383,UPI,Paid,92.26
710357,512384,Wallet,Paid,224.79
710358,512385,UPI,Paid,95.82
710359,512386,Card,Paid,158.12
710360,512388,UPI,Paid,250.52
710361,512389,UPI,Paid,103.22
710362,512390,Wallet,Paid,84.79
710363,512392,Wallet,Paid,112.42
710364,512394,UPI,Paid,50.07
710365,512395,UPI,Paid,111.27
710366,512397,Card,Paid,122.13
710367,512398,UPI,Paid,44.24
710368,512399,Card,Paid,90.03
710369,512400,Cash,Paid,42.54
710370,512402,UPI,Paid,35.0
710371,512403,UPI,Paid,107.18
710372,512404,Card,Paid,40.01
710373,512407,Card,Paid,238.54
710374,512408,Cash,Paid,48.74
710375,512409,UPI,Paid,56.9
710376,512411,UPI,Paid,80.11
710377,512413,UPI,Paid,39.46
710378,512414,UPI,Paid,106.98
710379,512415,Cash,Paid,86.72
710380,512416,UPI,Paid,35.0
710381,512417,UPI,Paid,79.13
710382,512419,Card,Paid,59.49
710383,512420,Card,Paid,57.64
710384,512421,UPI,Paid,93.48
710385,512422,Card,Paid,35.0
710386,512423,UPI,Paid,119.85
710387,512424,UPI,Paid,174.46
710388,512425,Cash,Paid,60.5
710389,512427,Cash,Paid,192.81
710390,512428,UPI,Paid,260.12
710391,512429,Cash,Paid,132.43
710392,512430,UPI,Paid,35.0
710393,512432,Cash,Paid,83.46
710394,512433,Cash,Paid,55.86
710395,512434,Cash,Paid,96.17
710396,512435,UPI,Paid,121.17
710397,512436,UPI,Paid,35.0
710398,512437,Cash,Paid,179.33
710399,512438,UPI,Paid,35.0
710400,512439,Cash,Paid,164.0
710401,512440,UPI,Paid,320.84
710402,512441,UPI,Paid,159.26
710403,512442,Card,Paid,86.51
710404,512443,Cash,Paid,123.55
710405,512444,Card,Paid,81.89
710406,512445,Card,Paid,79.25
710407,512446,UPI,Paid,51.38
710408,512447,UPI,Paid,58.3
710409,512449,Cash,Paid,107.75
710410,512450,Cash,Paid,209.88
710411,512451,UPI,Paid,92.81
710412,512453,Wallet,Paid,65.38
710413,512454,Card,Paid,69.0
710414,512455,UPI,Paid,49.55
710415,512456,Card,Paid,99.44
710416,512457,UPI,Paid,117.88
710417,512458,UPI,Paid,117.21
710418,512460,UPI,Paid,95.28
710419,512461,Card,Paid,376.04
710420,512463,Cash,Paid,127.16
710421,512465,UPI,Paid,116.21
710422,512466,Cash,Paid,176.35
710423,512467,Wallet,Paid,90.56
710424,512468,Cash,Paid,378.17
710425,512471,UPI,Paid,90.06
710426,512472,UPI,Paid,251.21
710427,512473,UPI,Paid,85.41
710428,512474,UPI,Paid,35.0
710429,512475,Card,Paid,234.97
710430,512476,UPI,Paid,64.88
710431,512478,Card,Paid,232.71
710432,512479,Cash,Paid,201.12
710433,512480,UPI,Paid,153.53
710434,512481,UPI,Paid,117.56
710435,512482,UPI,Paid,146.45
710436,512484,Cash,Paid,63.96
710437,512485,Cash,Paid,35.0
710438,512486,Cash,Paid,60.27
710439,512487,Cash,Paid,92.5
710440,512488,Card,Paid,179.81
710441,512489,Cash,Paid,123.56
710442,512490,Card,Paid,195.7
710443,512491,UPI,Paid,66.9
710444,512492,Card,Paid,52.87
710445,512493,UPI,Paid,167.27
710446,512494,UPI,Paid,108.37
710447,512495,Card,Paid,101.72
710448,512496,Card,Paid,175.04
710449,512497,UPI,Paid,225.53
710450,512498,UPI,Paid,58.34
710451,512500,Wallet,Paid,58.03
710452,512501,UPI,Paid,277.38
710453,512502,UPI,Paid,138.57
710454,512504,Cash,Paid,115.49
710455,512505,UPI,Paid,35.0
710456,512506,Wallet,Paid,54.23
710457,512508,Wallet,Paid,46.08
710458,512509,Card,Paid,40.98
710459,512510,Cash,Paid,169.63
710460,512511,UPI,Paid,67.52
710461,512512,Cash,Paid,127.28
710462,512513,UPI,Paid,78.19
710463,512514,Wallet,Paid,187.47
710464,512515,UPI,Paid,38.58
710465,512516,UPI,Paid,63.79
710466,512517,UPI,Paid,102.21
710467,512518,UPI,Paid,136.81
710468,512519,Wallet,Paid,128.05
710469,512522,Cash,Paid,108.79
710470,512523,UPI,Paid,125.8
710471,512524,Card,Paid,107.24
710472,512525,Card,Paid,538.69
710473,512526,Wallet,Paid,125.22
710474,512527,Wallet,Paid,123.02
710475,512528,Cash,Paid,195.26
710476,512529,UPI,Paid,122.43
710477,512530,Wallet,Paid,49.33
710478,512531,UPI,Paid,82.94
710479,512533,Cash,Paid,186.36
710480,512534,Card,Paid,42.47
710481,512535,UPI,Paid,97.96
710482,512536,UPI,Paid,81.56
710483,512537,UPI,Paid,55.97
710484,512538,Cash,Paid,325.72
710485,512539,UPI,Paid,111.02
710486,512540,UPI,Paid,115.86
710487,512541,UPI,Paid,153.7
710488,512544,Card,Paid,106.81
710489,512547,Cash,Paid,52.38
710490,512549,Wallet,Paid,163.35
710491,512550,UPI,Paid,515.55
710492,512551,UPI,Paid,74.51
710493,512552,UPI,Paid,173.5
710494,512553,Cash,Paid,38.81
710495,512554,Cash,Paid,35.0
710496,512555,Card,Paid,80.75
710497,512556,UPI,Paid,366.82
710498,512557,UPI,Paid,48.77
710499,512561,Card,Paid,66.96
710500,512562,UPI,Paid,124.03
710501,512563,Cash,Paid,64.12
710502,512564,UPI,Paid,329.37
710503,512565,UPI,Failed,133.3
710504,512566,UPI,Paid,89.12
710505,512567,Cash,Paid,91.67
710506,512568,UPI,Paid,139.77
710507,512571,UPI,Paid,98.28
710508,512572,Card,Paid,116.5
710509,512573,Wallet,Paid,67.35
710510,512574,Card,Paid,61.38
710511,512575,UPI,Paid,164.31
710512,512576,UPI,Paid,250.05
710513,512577,Card,Paid,90.63
710514,512579,Cash,Paid,131.38
710515,512581,UPI,Paid,138.11
710516,512582,UPI,Paid,101.41
710517,512583,Cash,Paid,48.69
710518,512585,UPI,Paid,183.21
710519,512586,UPI,Paid,72.51
710520,512587,UPI,Paid,216.63
710521,512588,UPI,Paid,35.0
710522,512589,UPI,Paid,35.0
710523,512590,UPI,Paid,110.28
710524,512591,UPI,Paid,133.01
710525,512592,UPI,Paid,89.07
710526,512593,UPI,Paid,73.05
710527,512594,Card,Paid,149.56
710528,512595,UPI,Paid,35.0
710529,512596,UPI,Paid,92.09
710530,512597,UPI,Paid,103.65
710531,512598,Card,Paid,196.33
710532,512599,UPI,Paid,363.76
710533,512600,Cash,Paid,178.44
710534,512601,UPI,Paid,68.17
710535,512604,UPI,Paid,86.42
710536,512605,UPI,Paid,91.71
710537,512606,Cash,Paid,79.21
710538,512607,Cash,Failed,92.97
710539,512608,Cash,Paid,129.88
710540,512609,UPI,Paid,36.54
710541,512610,Wallet,Paid,78.61
710542,512611,Wallet,Paid,58.08
710543,512612,Wallet,Paid,136.94
710544,512613,Cash,Paid,95.48
710545,512616,UPI,Paid,88.63
710546,512617,Wallet,Paid,120.35
710547,512619,Card,Paid,83.22
710548,512620,Card,Paid,48.14
710549,512622,Card,Paid,46.02
710550,512623,Card,Paid,133.76
710551,512624,UPI,Paid,146.83
710552,512625,Card,Paid,106.94
710553,512627,Card,Paid,77.49
710554,512628,Cash,Paid,36.66
710555,512629,Cash,Paid,134.56
710556,512630,UPI,Paid,94.79
710557,512633,UPI,Paid,104.44
710558,512634,Cash,Paid,82.04
710559,512635,UPI,Paid,302.56
710560,512636,UPI,Paid,35.97
710561,512637,UPI,Paid,112.77
710562,512638,Card,Paid,121.34
710563,512640,Cash,Paid,43.84
710564,512641,Cash,Paid,35.0
710565,512642,UPI,Paid,86.02
710566,512643,UPI,Paid,90.57
710567,512644,UPI,Paid,274.3
710568,512645,UPI,Paid,101.34
710569,512648,Card,Paid,52.35
710570,512649,UPI,Paid,135.36
710571,512650,UPI,Paid,224.59
710572,512651,Cash,Paid,127.27
710573,512652,Card,Paid,81.21
710574,512654,UPI,Paid,78.46
710575,512655,Cash,Paid,35.15
710576,512656,UPI,Paid,105.79
710577,512657,UPI,Paid,190.14
710578,512658,UPI,Paid,71.21
710579,512661,UPI,Paid,149.27
710580,512662,Card,Paid,109.59
710581,512663,Card,Paid,76.59
710582,512664,UPI,Paid,163.02
710583,512665,Card,Paid,35.0
710584,512666,UPI,Paid,53.45
710585,512667,Cash,Paid,187.84
710586,512668,Wallet,Paid,313.06
710587,512669,UPI,Paid,197.98
710588,512671,UPI,Paid,109.53
710589,512673,UPI,Paid,122.6
710590,512674,Card,Paid,66.98
710591,512675,UPI,Paid,56.82
710592,512676,UPI,Paid,105.75
710593,512677,UPI,Paid,229.58
710594,512678,UPI,Paid,39.66
710595,512679,UPI,Paid,40.78
710596,512680,UPI,Paid,96.54
710597,512683,Card,Paid,144.0
710598,512684,Card,Paid,119.48
710599,512685,Cash,Paid,84.49
710600,512686,UPI,Paid,133.58
710601,512687,Cash,Paid,114.77
710602,512688,Cash,Paid,300.79
710603,512689,Wallet,Paid,165.13
710604,512690,UPI,Paid,96.64
710605,512692,UPI,Paid,57.08
710606,512693,Wallet,Paid,107.44
710607,512694,Card,Paid,115.94
710608,512695,UPI,Paid,93.5
710609,512696,UPI,Paid,82.37
710610,512698,UPI,Paid,101.48
710611,512699,Card,Paid,324.79
710612,512700,Cash,Paid,49.57
710613,512701,UPI,Paid,95.05
710614,512702,UPI,Paid,92.86
710615,512703,Cash,Paid,135.39
710616,512704,Card,Paid,63.72
710617,512705,UPI,Paid,189.6
710618,512706,UPI,Paid,35.0
710619,512707,UPI,Paid,71.09
710620,512709,Cash,Paid,155.36
710621,512710,Cash,Paid,41.23
710622,512711,Card,Paid,193.41
710623,512713,UPI,Paid,35.0
710624,512715,UPI,Paid,118.48
710625,512716,Cash,Paid,91.34
710626,512717,UPI,Paid,131.96
710627,512719,Cash,Paid,196.18
710628,512720,Cash,Paid,111.03
710629,512721,Card,Failed,123.98
710630,512723,UPI,Paid,390.39
710631,512724,Cash,Paid,219.17
710632,512725,UPI,Paid,62.77
710633,512726,Card,Paid,66.81
710634,512727,Card,Paid,142.94
710635,512728,Card,Paid,167.72
710636,512729,Wallet,Paid,213.36
710637,512730,UPI,Paid,204.96
710638,512731,UPI,Paid,108.52
710639,512732,Card,Paid,56.69
710640,512733,UPI,Paid,144.71
710641,512734,Card,Paid,105.94
710642,512735,UPI,Paid,71.7
710643,512736,Card,Paid,113.7
710644,512738,UPI,Paid,78.85
710645,512740,Cash,Paid,66.74
710646,512741,UPI,Paid,35.0
710647,512742,UPI,Paid,50.1
710648,512743,UPI,Paid,95.46
710649,512744,UPI,Failed,88.84
710650,512745,UPI,Paid,206.52
710651,512746,UPI,Paid,254.24
710652,512747,Card,Paid,105.1
710653,512748,UPI,Paid,62.03
710654,512751,Card,Paid,235.2
710655,512752,Card,Paid,65.67
710656,512754,Card,Paid,137.47
710657,512755,UPI,Paid,98.05
710658,512756,Card,Paid,141.79
710659,512757,Card,Paid,59.83
710660,512759,Wallet,Paid,159.02
710661,512760,UPI,Paid,116.74
710662,512761,Card,Paid,35.0
710663,512762,Card,Paid,127.09
710664,512763,Card,Paid,55.61
710665,512764,Cash,Paid,126.84
710666,512765,UPI,Paid,132.71
710667,512766,Cash,Paid,255.47
710668,512767,Wallet,Paid,104.28
710669,512768,Cash,Paid,151.69
710670,512769,Card,Paid,165.37
710671,512770,UPI,Paid,139.46
710672,512771,Cash,Paid,44.32
710673,512772,UPI,Paid,79.39
710674,512773,UPI,Paid,35.77
710675,512774,Card,Paid,101.38
710676,512775,UPI,Paid,126.15
710677,512776,Card,Paid,60.8
710678,512777,UPI,Paid,103.81
710679,512778,UPI,Paid,96.23
710680,512779,Card,Paid,61.1
710681,512780,UPI,Paid,70.16
710682,512781,UPI,Paid,37.9
710683,512782,Cash,Paid,72.61
710684,512783,Card,Paid,387.3
710685,512784,Card,Paid,35.0
710686,512785,Card,Paid,152.47
710687,512786,UPI,Paid,74.87
710688,512787,UPI,Paid,35.0
710689,512788,Cash,Paid,180.2
710690,512789,UPI,Paid,42.64
710691,512791,UPI,Paid,120.13
710692,512792,Card,Paid,240.87
710693,512793,UPI,Paid,94.58
710694,512794,UPI,Paid,56.16
710695,512795,Card,Paid,102.78
710696,512796,Card,Paid,49.39
710697,512797,UPI,Paid,43.9
710698,512798,Wallet,Paid,67.97
710699,512799,Cash,Paid,57.35
710700,512800,UPI,Paid,260.82
710701,512801,UPI,Paid,107.93
710702,512802,UPI,Paid,352.7
710703,512804,Cash,Paid,56.07
710704,512805,Cash,Paid,120.06
710705,512806,UPI,Paid,290.38
710706,512807,UPI,Paid,100.71
710707,512808,Cash,Paid,325.46
710708,512809,UPI,Paid,54.42
710709,512811,Card,Paid,66.21
710710,512813,Card,Paid,39.84
710711,512814,Cash,Paid,146.18
710712,512815,UPI,Paid,161.23
710713,512816,UPI,Paid,115.75
710714,512817,Card,Paid,159.15
710715,512818,Card,Paid,55.61
710716,512819,UPI,Paid,117.99
710717,512820,Card,Paid,67.68
710718,512821,UPI,Paid,62.43
710719,512822,UPI,Paid,134.59
710720,512823,Card,Paid,113.28
710721,512824,Cash,Paid,358.04
710722,512826,Card,Paid,45.8
710723,512828,Wallet,Paid,88.32
710724,512829,Card,Paid,68.48
710725,512830,UPI,Paid,96.57
710726,512831,Cash,Paid,172.1
710727,512832,UPI,Paid,97.14
710728,512833,UPI,Paid,126.32
710729,512834,UPI,Paid,110.11
710730,512835,Card,Paid,215.83
710731,512836,UPI,Paid,71.76
710732,512837,Card,Paid,147.16
710733,512838,Card,Paid,35.0
710734,512839,Card,Paid,71.91
710735,512841,Cash,Paid,256.31
710736,512842,UPI,Paid,39.35
710737,512843,UPI,Paid,244.04
710738,512844,Cash,Paid,52.17
710739,512845,Card,Paid,140.46
710740,512846,Cash,Paid,35.0
710741,512847,Cash,Paid,171.48
710742,512848,Wallet,Paid,83.34
710743,512851,UPI,Paid,95.35
710744,512852,UPI,Paid,63.19
710745,512853,Card,Paid,112.42
710746,512854,Card,Paid,103.53
710747,512855,Cash,Paid,230.49
710748,512856,UPI,Paid,43.36
710749,512858,UPI,Paid,211.13
710750,512859,Cash,Paid,282.18
710751,512860,UPI,Paid,42.17
710752,512861,Cash,Paid,35.0
710753,512862,UPI,Paid,124.21
710754,512863,Cash,Paid,157.04
710755,512865,Cash,Failed,219.89
710756,512866,UPI,Paid,326.34
710757,512869,Card,Paid,145.22
710758,512870,Cash,Paid,102.29
710759,512871,UPI,Paid,64.69
710760,512872,UPI,Paid,186.59
710761,512874,Cash,Paid,143.92
710762,512876,UPI,Paid,156.97
710763,512877,UPI,Paid,214.88
710764,512878,UPI,Paid,110.92
710765,512880,Wallet,Paid,116.95
710766,512882,UPI,Paid,50.18
710767,512884,UPI,Paid,181.64
710768,512885,Card,Paid,95.8
710769,512886,Cash,Failed,101.93
710770,512887,UPI,Paid,115.55
710771,512888,Wallet,Paid,137.31
710772,512889,UPI,Paid,39.37
710773,512890,Card,Paid,43.02
710774,512891,UPI,Paid,134.14
710775,512892,Card,Paid,145.26
710776,512893,UPI,Paid,156.65
710777,512894,Card,Paid,37.96
710778,512895,UPI,Paid,243.23
710779,512896,UPI,Paid,148.4
710780,512897,Card,Paid,96.64
710781,512898,Cash,Paid,245.79
710782,512899,UPI,Paid,78.15
710783,512900,Wallet,Paid,104.77
710784,512901,Card,Paid,147.55
710785,512902,Card,Paid,88.53
710786,512903,Cash,Paid,82.6
710787,512904,UPI,Paid,261.58
710788,512905,Cash,Paid,238.67
710789,512906,UPI,Paid,493.58
710790,512909,UPI,Paid,43.77
710791,512910,UPI,Paid,35.0
710792,512911,UPI,Paid,119.21
710793,512912,Card,Paid,77.9
710794,512913,UPI,Paid,207.25
710795,512914,Card,Paid,42.38
710796,512917,UPI,Paid,97.64
710797,512918,UPI,Paid,64.09
710798,512920,Card,Paid,69.51
710799,512921,Cash,Paid,89.08
710800,512922,Card,Paid,205.3
710801,512923,Cash,Paid,124.32
710802,512924,UPI,Paid,118.96
710803,512925,Card,Paid,90.31
710804,512926,UPI,Paid,165.09
710805,512928,UPI,Paid,89.6
710806,512929,Card,Failed,35.0
710807,512930,UPI,Paid,194.21
710808,512931,UPI,Paid,80.28
710809,512933,Card,Paid,192.79
710810,512934,UPI,Paid,139.28
710811,512938,Card,Paid,209.83
710812,512939,Cash,Paid,35.0
710813,512940,Cash,Paid,42.95
710814,512941,UPI,Paid,43.84
710815,512942,UPI,Paid,117.82
710816,512943,UPI,Paid,107.16
710817,512945,Cash,Paid,214.57
710818,512947,UPI,Paid,97.8
710819,512948,UPI,Paid,79.75
710820,512949,Card,Paid,393.01
710821,512950,Card,Paid,79.85
710822,512951,UPI,Paid,78.55
710823,512952,UPI,Paid,184.57
710824,512953,Card,Paid,260.11
710825,512954,UPI,Paid,43.43
710826,512955,Wallet,Paid,69.85
710827,512956,Wallet,Paid,43.86
710828,512958,Cash,Paid,66.94
710829,512960,UPI,Paid,85.3
710830,512961,Card,Paid,175.62
710831,512962,UPI,Paid,47.44
710832,512963,Cash,Paid,199.17
710833,512964,UPI,Paid,234.61
710834,512965,Card,Paid,222.12
710835,512966,Wallet,Paid,216.81
710836,512967,UPI,Paid,69.92
710837,512968,Card,Paid,328.85
710838,512970,Card,Paid,143.74
710839,512971,Cash,Paid,107.13
710840,512972,UPI,Paid,35.0
710841,512973,Card,Paid,219.88
710842,512974,Cash,Paid,35.0
710843,512975,UPI,Paid,114.45
710844,512976,Card,Paid,135.06
710845,512977,Cash,Paid,133.83
710846,512979,UPI,Paid,118.16
710847,512981,Cash,Paid,173.82
710848,512982,Card,Paid,144.83
710849,512983,UPI,Paid,160.54
710850,512984,Card,Paid,126.13
710851,512986,UPI,Paid,127.27
710852,512987,UPI,Paid,126.89
710853,512988,UPI,Paid,132.93
710854,512989,UPI,Paid,241.22
710855,512990,UPI,Paid,337.82
710856,512991,UPI,Paid,112.36
710857,512992,Cash,Paid,84.59
710858,512993,Card,Paid,83.53
710859,512994,UPI,Paid,310.21
710860,512995,Cash,Paid,97.33
710861,512997,Card,Paid,190.37
710862,512998,Card,Failed,127.63
710863,512999,UPI,Paid,44.67
710864,513001,Cash,Paid,148.5
710865,513003,UPI,Paid,78.33
710866,513004,Wallet,Paid,110.0
710867,513006,UPI,Paid,177.18
710868,513008,Card,Paid,35.0
710869,513010,UPI,Paid,42.17
710870,513011,Cash,Paid,290.95
710871,513012,UPI,Paid,276.21
710872,513013,Cash,Paid,253.65
710873,513014,Cash,Paid,83.01
710874,513015,UPI,Paid,207.85
710875,513016,UPI,Paid,84.51
710876,513017,Card,Paid,38.04
710877,513018,UPI,Paid,108.84
710878,513019,UPI,Paid,227.96
710879,513020,UPI,Paid,195.97
710880,513021,Card,Paid,182.47
710881,513022,UPI,Paid,72.91
710882,513023,Card,Paid,121.87
710883,513024,UPI,Paid,365.09
710884,513025,UPI,Paid,122.12
710885,513026,UPI,Paid,286.64
710886,513027,Cash,Paid,146.25
710887,513028,Card,Paid,35.0
710888,513029,UPI,Paid,498.7
710889,513030,Card,Paid,169.51
710890,513031,UPI,Paid,165.73
710891,513032,UPI,Paid,229.55
710892,513033,UPI,Paid,59.51
710893,513035,UPI,Paid,79.73
710894,513036,UPI,Paid,39.08
710895,513037,UPI,Paid,95.76
710896,513038,Card,Paid,195.83
710897,513040,UPI,Paid,154.25
710898,513041,Cash,Paid,87.32
710899,513043,Card,Paid,335.38
710900,513044,Card,Paid,118.12
710901,513045,Card,Paid,68.15
710902,513047,Card,Paid,476.88
710903,513048,UPI,Paid,71.79
710904,513049,UPI,Paid,257.6
710905,513050,Card,Paid,163.36
710906,513051,UPI,Paid,137.38
710907,513052,Card,Paid,81.97
710908,513053,Cash,Paid,73.18
710909,513054,Wallet,Paid,86.29
710910,513055,Card,Paid,122.53
710911,513056,Wallet,Paid,43.99
710912,513057,Card,Paid,64.43
710913,513058,UPI,Paid,192.27
710914,513060,UPI,Paid,59.8
710915,513062,UPI,Paid,147.11
710916,513063,Card,Paid,35.0
710917,513064,Cash,Paid,169.63
710918,513065,UPI,Paid,93.43
710919,513066,UPI,Paid,84.79
710920,513067,Cash,Paid,250.81
710921,513068,UPI,Paid,151.77
710922,513069,UPI,Paid,39.29
710923,513070,UPI,Paid,128.23
710924,513071,UPI,Paid,257.05
710925,513072,Cash,Paid,198.11
710926,513073,Card,Paid,139.32
710927,513074,Cash,Failed,105.77
710928,513075,Cash,Paid,145.95
710929,513076,UPI,Paid,100.41
710930,513077,Card,Paid,54.61
710931,513078,UPI,Paid,108.3
710932,513079,UPI,Paid,115.9
710933,513080,Cash,Paid,167.09
710934,513081,Cash,Paid,35.0
710935,513083,Card,Paid,35.34
710936,513084,Cash,Paid,131.86
710937,513086,Card,Paid,129.07
710938,513087,Card,Paid,181.6
710939,513088,UPI,Paid,76.65
710940,513090,Cash,Paid,82.34
710941,513091,UPI,Paid,46.32
710942,513092,UPI,Paid,81.14
710943,513093,UPI,Paid,199.02
710944,513094,Cash,Paid,76.24
710945,513095,Card,Paid,110.79
710946,513096,Wallet,Paid,125.2
710947,513097,UPI,Paid,106.29
710948,513098,Wallet,Paid,102.87
710949,513100,Cash,Paid,35.0
710950,513101,UPI,Paid,179.8
710951,513102,Card,Paid,65.49
710952,513103,Cash,Paid,35.0
710953,513104,UPI,Paid,276.47
710954,513105,UPI,Paid,254.79
710955,513106,UPI,Paid,88.88
710956,513107,Card,Paid,118.25
710957,513108,UPI,Paid,54.12
710958,513109,Card,Paid,119.29
710959,513110,Card,Paid,49.17
710960,513111,UPI,Paid,39.91
710961,513112,UPI,Paid,158.92
710962,513113,Card,Paid,159.83
710963,513115,UPI,Paid,104.3
710964,513116,Cash,Paid,138.8
710965,513119,UPI,Paid,214.95
710966,513120,Cash,Paid,195.0
710967,513121,Wallet,Paid,86.87
710968,513122,UPI,Paid,101.22
710969,513123,UPI,Paid,59.8
710970,513124,Card,Paid,104.42
710971,513125,UPI,Paid,48.78
710972,513126,Cash,Paid,35.59
710973,513127,Card,Paid,156.69
710974,513128,Card,Paid,52.79
710975,513129,Cash,Paid,174.01
710976,513131,UPI,Paid,130.78
710977,513132,Cash,Paid,115.21
710978,513133,Card,Paid,91.33
710979,513134,Cash,Paid,49.25
710980,513135,UPI,Paid,80.92
710981,513136,Card,Paid,214.02
710982,513137,UPI,Paid,115.71
710983,513138,Card,Paid,62.49
710984,513139,UPI,Paid,239.48
710985,513140,Cash,Paid,119.5
710986,513141,UPI,Paid,127.9
710987,513142,Card,Paid,130.51
710988,513143,UPI,Paid,65.68
710989,513144,Wallet,Paid,48.11
710990,513145,UPI,Paid,153.76
710991,513146,UPI,Paid,173.41
710992,513147,UPI,Paid,35.0
710993,513148,Cash,Paid,109.07
710994,513149,Card,Paid,44.52
710995,513150,Card,Paid,116.1
710996,513151,UPI,Paid,121.76
710997,513152,UPI,Paid,141.85
710998,513153,Card,Paid,103.04
710999,513154,UPI,Paid,81.01
711000,513155,Cash,Paid,123.87
711001,513156,UPI,Paid,131.93
711002,513159,Wallet,Paid,56.08
711003,513160,Wallet,Paid,49.31
711004,513161,Card,Paid,102.52
711005,513162,Card,Paid,171.56
711006,513163,Card,Paid,91.83
711007,513164,Card,Paid,35.0
711008,513165,Cash,Paid,73.03
711009,513166,UPI,Paid,96.77
711010,513167,Card,Paid,313.14
711011,513168,UPI,Paid,61.79
711012,513169,Cash,Paid,43.29
711013,513170,Cash,Paid,46.32
711014,513172,Wallet,Paid,123.13
711015,513173,Card,Paid,61.23
711016,513174,Card,Paid,150.17
711017,513175,UPI,Paid,127.15
711018,513176,Cash,Paid,37.99
711019,513177,Cash,Paid,54.32
711020,513178,Card,Paid,68.32
711021,513179,Cash,Paid,133.79
711022,513180,Card,Paid,168.83
711023,513181,Card,Paid,35.0
711024,513182,Card,Paid,115.48
711025,513183,UPI,Paid,246.55
711026,513184,UPI,Paid,123.84
711027,513185,Card,Paid,48.73
711028,513186,UPI,Paid,48.25
711029,513187,UPI,Paid,73.88
711030,513188,Card,Paid,292.69
711031,513189,UPI,Paid,58.47
711032,513190,Wallet,Failed,94.8
711033,513191,UPI,Paid,146.48
711034,513192,Cash,Paid,77.22
711035,513193,Cash,Paid,81.79
711036,513194,Card,Paid,84.9
711037,513195,UPI,Paid,75.04
711038,513196,UPI,Paid,156.22
711039,513197,Cash,Paid,46.45
711040,513200,Cash,Paid,134.24
711041,513201,Card,Paid,100.12
711042,513202,Card,Paid,51.74
711043,513204,UPI,Paid,201.78
711044,513205,Cash,Paid,139.41
711045,513206,UPI,Paid,66.39
711046,513207,Cash,Paid,68.35
711047,513208,Cash,Paid,78.02
711048,513209,Card,Paid,62.44
711049,513211,UPI,Paid,138.66
711050,513212,Cash,Paid,154.37
711051,513214,Card,Paid,213.51
711052,513215,UPI,Paid,79.46
711053,513216,UPI,Paid,87.02
711054,513217,UPI,Paid,56.49
711055,513218,UPI,Paid,96.36
711056,513221,UPI,Paid,84.08
711057,513222,Cash,Paid,182.86
711058,513223,Wallet,Paid,194.55
711059,513224,UPI,Paid,184.76
711060,513225,Cash,Paid,90.87
711061,513226,Card,Paid,55.23
711062,513227,Cash,Paid,311.78
711063,513228,Card,Paid,80.77
711064,513229,UPI,Paid,54.05
711065,513230,Card,Paid,215.08
711066,513233,UPI,Paid,109.97
711067,513235,UPI,Paid,158.16
711068,513236,Card,Paid,47.57
711069,513237,Card,Paid,275.97
711070,513238,UPI,Paid,132.95
711071,513240,UPI,Paid,107.92
711072,513241,Card,Paid,143.88
711073,513242,UPI,Paid,118.68
711074,513243,Wallet,Paid,245.88
711075,513244,UPI,Paid,100.58
711076,513245,UPI,Paid,273.94
711077,513246,Card,Paid,92.82
711078,513247,Card,Paid,62.01
711079,513248,UPI,Paid,126.01
711080,513249,Card,Paid,193.27
711081,513250,Card,Paid,72.17
711082,513251,Cash,Paid,39.13
711083,513252,UPI,Paid,96.81
711084,513253,Wallet,Paid,88.71
711085,513255,Cash,Paid,107.45
711086,513256,Wallet,Paid,420.21
711087,513257,Cash,Paid,82.89
711088,513258,Card,Paid,203.81
711089,513259,Card,Paid,139.64
711090,513260,UPI,Paid,97.72
711091,513261,UPI,Failed,63.15
711092,513262,Card,Paid,101.22
711093,513263,UPI,Paid,301.14
711094,513264,Cash,Paid,44.93
711095,513265,UPI,Paid,149.82
711096,513267,UPI,Paid,66.66
711097,513268,UPI,Paid,117.64
711098,513269,UPI,Paid,76.98
711099,513270,UPI,Paid,35.0
711100,513271,Card,Paid,64.12
711101,513272,UPI,Paid,109.25
711102,513273,UPI,Paid,174.27
711103,513277,UPI,Paid,187.68
711104,513278,Wallet,Paid,162.74
711105,513279,Card,Paid,56.76
711106,513280,Card,Paid,60.67
711107,513281,Card,Paid,77.27
711108,513282,Cash,Paid,140.94
711109,513283,UPI,Paid,85.52
711110,513284,Card,Paid,148.51
711111,513286,Card,Paid,124.9
711112,513287,Cash,Paid,83.04
711113,513288,Card,Paid,104.96
711114,513289,UPI,Paid,135.75
711115,513290,Cash,Paid,197.82
711116,513291,Cash,Paid,35.0
711117,513292,Card,Paid,109.97
711118,513293,Wallet,Paid,127.09
711119,513294,UPI,Paid,109.29
711120,513295,Cash,Paid,70.2
711121,513296,Card,Paid,331.1
711122,513298,UPI,Paid,123.01
711123,513299,UPI,Paid,112.2
711124,513300,Card,Paid,612.54
711125,513301,UPI,Paid,113.92
711126,513302,Cash,Paid,50.97
711127,513303,UPI,Paid,114.19
711128,513304,UPI,Paid,146.16
711129,513306,UPI,Paid,73.93
711130,513307,Cash,Paid,136.66
711131,513308,Cash,Paid,79.97
711132,513309,Cash,Paid,227.53
711133,513310,Card,Paid,150.57
711134,513311,UPI,Paid,267.61
711135,513312,Wallet,Paid,39.76
711136,513313,Card,Paid,129.56
711137,513315,UPI,Paid,35.73
711138,513316,Cash,Paid,208.94
711139,513317,Card,Paid,117.33
711140,513318,UPI,Paid,109.26
711141,513319,UPI,Paid,79.99
711142,513321,Cash,Failed,114.73
711143,513322,UPI,Paid,122.94
711144,513324,UPI,Paid,58.63
711145,513325,UPI,Paid,256.87
711146,513326,Card,Paid,226.43
711147,513327,UPI,Paid,182.89
711148,513328,Card,Paid,75.53
711149,513329,Cash,Paid,101.45
711150,513330,Card,Paid,80.24
711151,513331,Cash,Paid,77.87
711152,513332,Cash,Paid,95.6
711153,513333,UPI,Paid,213.13
711154,513335,Card,Paid,151.35
711155,513336,Cash,Paid,102.29
711156,513337,UPI,Paid,82.41
711157,513338,UPI,Paid,64.0
711158,513339,Cash,Paid,84.51
711159,513340,UPI,Paid,223.4
711160,513341,Card,Paid,173.94
711161,513342,UPI,Paid,100.88
711162,513343,UPI,Paid,226.92
711163,513344,Wallet,Paid,60.4
711164,513345,UPI,Paid,35.56
711165,513346,Wallet,Paid,91.87
711166,513347,Cash,Paid,205.93
711167,513349,UPI,Paid,73.08
711168,513350,UPI,Paid,51.15
711169,513351,Cash,Paid,185.38
711170,513352,UPI,Paid,38.61
711171,513353,Card,Paid,236.09
711172,513354,Card,Paid,58.48
711173,513355,Card,Paid,61.28
711174,513357,Cash,Paid,57.6
711175,513358,UPI,Failed,109.83
711176,513359,Card,Paid,110.17
711177,513360,Cash,Paid,256.78
711178,513361,UPI,Paid,49.44
711179,513362,Cash,Paid,411.83
711180,513363,UPI,Paid,215.14
711181,513364,Cash,Paid,87.82
711182,513365,UPI,Paid,95.78
711183,513366,UPI,Paid,110.92
711184,513368,Card,Paid,124.03
711185,513369,Card,Paid,210.52
711186,513370,Card,Paid,66.6
711187,513371,UPI,Paid,230.91
711188,513373,UPI,Paid,57.3
711189,513374,Cash,Paid,63.84
711190,513375,Card,Paid,216.22
711191,513376,UPI,Paid,40.33
711192,513378,UPI,Paid,108.49
711193,513379,Cash,Paid,53.18
711194,513380,UPI,Paid,35.0
711195,513381,Cash,Paid,53.1
711196,513382,Wallet,Paid,108.76
711197,513383,UPI,Paid,130.7
711198,513384,UPI,Paid,160.85
711199,513385,Cash,Paid,134.67
711200,513386,Card,Paid,73.17
711201,513387,Cash,Paid,122.61
711202,513388,Card,Paid,168.04
711203,513389,UPI,Paid,134.3
711204,513391,Card,Paid,98.68
711205,513392,UPI,Paid,271.72
711206,513393,UPI,Paid,52.24
711207,513394,Card,Paid,96.49
711208,513395,Card,Paid,110.22
711209,513396,Wallet,Paid,40.91
711210,513397,Card,Paid,73.64
711211,513399,Card,Paid,163.05
711212,513400,Cash,Paid,142.84
711213,513401,UPI,Paid,79.9
711214,513402,Card,Paid,44.35
711215,513403,UPI,Paid,90.64
711216,513404,UPI,Paid,83.3
711217,513405,Card,Paid,58.12
711218,513406,Card,Paid,273.55
711219,513407,UPI,Paid,78.27
711220,513408,UPI,Paid,114.1
711221,513409,UPI,Paid,69.08
711222,513411,Card,Failed,170.99
711223,513413,UPI,Paid,46.7
711224,513415,UPI,Paid,484.4
711225,513416,Wallet,Paid,49.53
711226,513417,Card,Paid,71.1
711227,513418,Cash,Paid,200.36
711228,513420,UPI,Paid,70.91
711229,513421,UPI,Paid,48.09
711230,513423,UPI,Paid,88.94
711231,513424,UPI,Paid,108.53
711232,513425,UPI,Paid,108.43
711233,513427,Cash,Paid,169.24
711234,513428,UPI,Paid,35.0
711235,513430,Card,Paid,135.15
711236,513431,Card,Paid,135.64
711237,513432,Card,Paid,274.56
711238,513433,Cash,Failed,84.49
711239,513435,UPI,Paid,81.49
711240,513436,UPI,Paid,54.65
711241,513437,UPI,Paid,175.8
711242,513438,UPI,Paid,62.98
711243,513440,Cash,Paid,64.92
711244,513442,UPI,Paid,149.81
711245,513443,UPI,Paid,35.0
711246,513444,Cash,Paid,189.24
711247,513445,UPI,Paid,138.39
711248,513446,UPI,Paid,102.3
711249,513447,UPI,Paid,74.54
711250,513448,Card,Paid,89.99
711251,513449,Card,Paid,128.27
711252,513450,Cash,Paid,92.33
711253,513451,UPI,Paid,71.65
711254,513452,UPI,Paid,331.88
711255,513454,UPI,Paid,120.58
711256,513455,Card,Paid,147.01
711257,513456,Wallet,Paid,77.39
711258,513457,UPI,Paid,192.81
711259,513458,UPI,Paid,91.21
711260,513459,UPI,Paid,205.6
711261,513460,Cash,Paid,54.69
711262,513461,UPI,Paid,183.95
711263,513462,Card,Paid,102.49
711264,513463,UPI,Paid,48.03
711265,513464,Card,Paid,136.51
711266,513465,UPI,Paid,35.0
711267,513466,UPI,Paid,192.34
711268,513468,UPI,Paid,193.17
711269,513469,UPI,Paid,118.75
711270,513470,Wallet,Paid,75.74
711271,513471,UPI,Paid,156.88
711272,513473,UPI,Paid,142.22
711273,513474,UPI,Paid,54.15
711274,513475,Card,Paid,52.42
711275,513476,UPI,Failed,50.69
711276,513477,Card,Paid,74.51
711277,513478,Wallet,Paid,90.76
711278,513479,UPI,Paid,177.59
711279,513480,UPI,Paid,135.48
711280,513481,Card,Paid,108.41
711281,513482,UPI,Paid,99.12
711282,513483,Card,Paid,63.11
711283,513484,UPI,Paid,38.12
711284,513485,UPI,Paid,97.76
711285,513486,Cash,Paid,45.18
711286,513487,UPI,Paid,255.48
711287,513488,UPI,Paid,97.33
711288,513489,UPI,Paid,289.54
711289,513490,UPI,Paid,66.38
711290,513491,Wallet,Paid,94.39
711291,513492,Cash,Paid,136.27
711292,513493,UPI,Paid,235.76
711293,513494,UPI,Paid,77.97
711294,513495,Card,Paid,100.95
711295,513496,Card,Paid,203.79
711296,513497,Card,Paid,141.57
711297,513498,UPI,Paid,103.78
711298,513499,Cash,Paid,282.92
711299,513500,Cash,Paid,267.52
711300,513501,UPI,Paid,201.38
711301,513502,Card,Paid,297.34
711302,513503,UPI,Paid,166.09
711303,513504,UPI,Paid,84.64
711304,513505,UPI,Paid,116.13
711305,513506,UPI,Paid,98.48
711306,513507,UPI,Paid,35.0
711307,513508,Card,Paid,343.67
711308,513509,Cash,Paid,99.68
711309,513510,Cash,Paid,46.28
711310,513511,Card,Paid,121.09
711311,513513,UPI,Paid,154.04
711312,513514,Cash,Paid,62.86
711313,513516,UPI,Paid,80.38
711314,513517,UPI,Paid,195.35
711315,513518,Wallet,Paid,41.9
711316,513519,UPI,Paid,162.46
711317,513520,Card,Paid,251.74
711318,513522,UPI,Paid,35.0
711319,513523,UPI,Paid,97.42
711320,513524,UPI,Paid,81.88
711321,513525,UPI,Paid,81.07
711322,513527,UPI,Paid,90.63
711323,513528,Cash,Paid,319.72
711324,513529,UPI,Paid,73.21
711325,513530,Cash,Paid,166.66
711326,513531,UPI,Paid,129.32
711327,513532,Card,Paid,105.62
711328,513534,Cash,Paid,142.96
711329,513535,UPI,Paid,222.04
711330,513536,Card,Paid,98.03
711331,513539,UPI,Paid,35.0
711332,513541,Cash,Paid,108.59
711333,513542,UPI,Paid,60.17
711334,513543,Cash,Paid,250.89
711335,513545,UPI,Failed,56.06
711336,513546,UPI,Paid,52.61
711337,513547,UPI,Paid,56.83
711338,513548,UPI,Paid,100.39
711339,513549,Card,Paid,35.0
711340,513550,Card,Paid,210.98
711341,513551,UPI,Paid,160.52
711342,513552,UPI,Paid,170.28
711343,513553,UPI,Paid,73.77
711344,513555,UPI,Paid,52.65
711345,513556,UPI,Paid,35.0
711346,513557,Wallet,Paid,112.25
711347,513558,UPI,Paid,138.92
711348,513559,Wallet,Paid,41.87
711349,513560,UPI,Paid,168.94
711350,513561,Cash,Paid,91.9
711351,513562,Cash,Paid,45.19
711352,513563,Cash,Paid,85.72
711353,513564,UPI,Paid,72.33
711354,513565,UPI,Paid,46.13
711355,513566,UPI,Paid,89.76
711356,513567,Card,Paid,117.77
711357,513568,Cash,Paid,72.4
711358,513569,Card,Paid,62.59
711359,513570,Wallet,Paid,76.27
711360,513572,UPI,Paid,115.87
711361,513573,UPI,Paid,232.02
711362,513574,Cash,Paid,184.11
711363,513576,UPI,Paid,35.0
711364,513577,UPI,Paid,107.36
711365,513578,UPI,Paid,129.81
711366,513580,Wallet,Paid,274.76
711367,513582,Card,Paid,96.09
711368,513583,UPI,Paid,50.07
711369,513584,Cash,Paid,114.99
711370,513585,UPI,Paid,117.06
711371,513586,UPI,Paid,58.89
711372,513587,UPI,Paid,77.94
711373,513588,UPI,Paid,99.5
711374,513589,UPI,Paid,53.02
711375,513590,Wallet,Paid,73.26
711376,513591,UPI,Paid,139.31
711377,513592,Cash,Paid,87.36
711378,513593,UPI,Paid,83.46
711379,513594,UPI,Paid,96.57
711380,513595,UPI,Paid,91.45
711381,513596,Cash,Paid,76.04
711382,513598,Cash,Paid,192.41
711383,513600,Wallet,Paid,288.31
711384,513601,UPI,Paid,67.58
711385,513603,Card,Paid,47.86
711386,513604,Card,Paid,97.05
711387,513605,UPI,Paid,92.31
711388,513607,UPI,Paid,123.49
711389,513608,Card,Paid,168.7
711390,513609,Cash,Paid,125.45
711391,513610,UPI,Paid,120.76
711392,513611,Card,Paid,114.22
711393,513612,Card,Paid,79.3
711394,513613,UPI,Paid,101.97
711395,513614,Card,Paid,96.32
711396,513615,UPI,Paid,77.44
711397,513617,UPI,Paid,83.42
711398,513618,Cash,Paid,77.8
711399,513619,Cash,Paid,106.61
711400,513620,UPI,Paid,78.35
711401,513622,Cash,Paid,128.11
711402,513623,UPI,Paid,56.49
711403,513624,UPI,Paid,85.76
711404,513627,UPI,Paid,35.0
711405,513628,Card,Paid,35.0
711406,513629,Card,Paid,188.24
711407,513630,UPI,Paid,205.98
711408,513631,UPI,Paid,178.33
711409,513632,UPI,Paid,94.3
711410,513633,Wallet,Paid,42.09
711411,513635,UPI,Paid,46.77
711412,513636,UPI,Paid,124.57
711413,513637,UPI,Paid,165.28
711414,513638,UPI,Failed,120.37
711415,513639,Cash,Paid,76.3
711416,513640,Card,Paid,57.92
711417,513641,Cash,Paid,100.45
711418,513642,Card,Paid,91.91
711419,513644,UPI,Paid,110.11
711420,513647,UPI,Paid,66.79
711421,513648,UPI,Paid,149.01
711422,513649,Card,Paid,35.0
711423,513650,UPI,Paid,97.82
711424,513652,Cash,Paid,122.75
711425,513653,UPI,Paid,71.53
711426,513654,Cash,Paid,60.63
711427,513655,Card,Paid,80.66
711428,513656,UPI,Paid,136.6
711429,513657,Cash,Paid,57.93
711430,513658,Cash,Paid,74.09
711431,513659,Card,Paid,42.95
711432,513660,Cash,Paid,150.01
711433,513662,Cash,Paid,137.99
711434,513663,Cash,Paid,48.11
711435,513664,UPI,Paid,123.49
711436,513665,Card,Paid,84.72
711437,513666,UPI,Paid,122.17
711438,513667,Card,Paid,126.91
711439,513668,UPI,Paid,51.09
711440,513669,UPI,Paid,49.08
711441,513671,Card,Paid,130.24
711442,513673,Cash,Paid,136.79
711443,513674,Wallet,Paid,169.34
711444,513675,UPI,Paid,103.31
711445,513676,UPI,Paid,63.38
711446,513677,UPI,Paid,134.47
711447,513679,UPI,Paid,102.38
711448,513680,Cash,Paid,143.93
711449,513681,UPI,Paid,58.06
711450,513682,UPI,Paid,82.95
711451,513683,UPI,Paid,35.0
711452,513684,UPI,Paid,96.84
711453,513685,UPI,Paid,206.56
711454,513686,UPI,Paid,79.24
711455,513687,Card,Paid,161.88
711456,513688,Cash,Failed,119.97
711457,513689,UPI,Paid,80.12
711458,513690,UPI,Paid,150.51
711459,513691,Card,Paid,235.05
711460,513692,Cash,Paid,203.09
711461,513693,UPI,Paid,89.67
711462,513694,Cash,Paid,49.57
711463,513695,Cash,Paid,82.51
711464,513696,UPI,Paid,83.42
711465,513697,Card,Paid,88.15
711466,513698,Card,Paid,49.64
711467,513699,Cash,Paid,145.23
711468,513700,Wallet,Paid,35.68
711469,513701,Card,Paid,101.32
711470,513702,Card,Paid,103.86
711471,513703,Card,Paid,217.51
711472,513704,Cash,Paid,139.3
711473,513705,Cash,Paid,35.0
711474,513706,Card,Failed,43.49
711475,513707,UPI,Paid,207.49
711476,513708,Cash,Paid,431.46
711477,513711,Card,Paid,100.15
711478,513713,Card,Paid,390.61
711479,513714,Card,Paid,188.21
711480,513715,UPI,Paid,99.93
711481,513716,UPI,Paid,148.64
711482,513717,Card,Paid,69.32
711483,513718,Cash,Paid,35.0
711484,513719,UPI,Paid,144.2
711485,513720,UPI,Paid,96.37
711486,513722,UPI,Paid,198.53
711487,513723,UPI,Paid,175.7
711488,513724,Cash,Paid,36.32
711489,513725,UPI,Paid,92.77
711490,513726,Cash,Paid,46.94
711491,513727,Cash,Paid,181.66
711492,513728,Card,Paid,106.55
711493,513729,UPI,Paid,53.98
711494,513730,Cash,Paid,80.94
711495,513731,UPI,Paid,40.16
711496,513732,Card,Paid,86.66
711497,513733,UPI,Paid,90.53
711498,513734,UPI,Paid,81.16
711499,513735,Cash,Paid,199.51
711500,513736,UPI,Paid,165.7
711501,513737,UPI,Paid,67.74
711502,513738,UPI,Paid,137.39
711503,513739,Cash,Paid,35.0
711504,513740,Card,Paid,156.48
711505,513741,UPI,Paid,54.22
711506,513742,Card,Paid,151.94
711507,513743,Card,Paid,203.49
711508,513745,Wallet,Paid,110.37
711509,513746,Card,Paid,270.8
711510,513747,Card,Paid,216.74
711511,513748,Card,Paid,70.71
711512,513750,Card,Paid,210.96
711513,513751,UPI,Paid,35.0
711514,513752,UPI,Paid,43.82
711515,513753,Wallet,Paid,88.77
711516,513754,Cash,Paid,105.72
711517,513755,UPI,Paid,35.0
711518,513756,Cash,Paid,114.41
711519,513757,UPI,Paid,142.69
711520,513758,Cash,Paid,190.92
711521,513759,UPI,Paid,149.09
711522,513760,Card,Paid,101.38
711523,513761,Cash,Paid,191.04
711524,513763,UPI,Paid,133.28
711525,513765,UPI,Paid,35.72
711526,513766,Card,Paid,304.11
711527,513767,UPI,Paid,77.12
711528,513768,Card,Paid,155.14
711529,513769,UPI,Paid,134.59
711530,513770,UPI,Paid,106.83
711531,513772,UPI,Paid,128.03
711532,513773,Wallet,Paid,113.95
711533,513775,Card,Paid,111.42
711534,513776,Card,Paid,134.44
711535,513777,Card,Paid,46.03
711536,513778,UPI,Paid,46.54
711537,513779,Cash,Paid,35.0
711538,513780,UPI,Paid,82.79
711539,513781,Wallet,Paid,145.02
711540,513783,Cash,Paid,51.49
711541,513784,UPI,Paid,89.95
711542,513785,Card,Paid,154.68
711543,513786,UPI,Paid,137.24
711544,513787,UPI,Paid,83.16
711545,513788,UPI,Paid,98.0
711546,513789,UPI,Paid,146.02
711547,513790,Cash,Paid,73.78
711548,513791,UPI,Paid,188.54
711549,513792,UPI,Paid,265.71
711550,513793,UPI,Paid,262.77
711551,513794,Card,Paid,238.52
711552,513795,UPI,Paid,157.77
711553,513796,Wallet,Paid,92.59
711554,513797,UPI,Paid,154.37
711555,513799,UPI,Paid,35.0
711556,513800,Card,Paid,176.28
711557,513801,Wallet,Paid,74.66
711558,513802,UPI,Paid,35.0
711559,513803,Cash,Paid,124.04
711560,513804,Cash,Paid,160.94
711561,513805,Card,Paid,98.74
711562,513807,UPI,Paid,51.2
711563,513808,Card,Paid,35.0
711564,513810,UPI,Paid,119.98
711565,513811,Card,Paid,66.26
711566,513812,UPI,Paid,95.92
711567,513813,UPI,Paid,124.96
711568,513814,Card,Paid,95.66
711569,513815,Cash,Paid,124.57
711570,513816,Card,Paid,129.35
711571,513817,UPI,Paid,293.56
711572,513818,UPI,Paid,107.59
711573,513819,UPI,Paid,239.18
711574,513823,Cash,Paid,83.72
711575,513824,Card,Paid,49.82
711576,513825,Card,Paid,107.29
711577,513826,UPI,Paid,96.9
711578,513827,Card,Paid,432.95
711579,513828,Card,Paid,439.47
711580,513829,UPI,Paid,415.15
711581,513830,UPI,Paid,299.88
711582,513832,UPI,Paid,59.91
711583,513834,Cash,Paid,124.8
711584,513835,Cash,Paid,283.38
711585,513836,UPI,Paid,123.25
711586,513837,UPI,Paid,104.57
711587,513838,Cash,Paid,122.54
711588,513839,Cash,Paid,92.31
711589,513840,UPI,Paid,52.73
711590,513841,UPI,Paid,101.44
711591,513842,Cash,Paid,198.73
711592,513843,UPI,Paid,56.07
711593,513844,UPI,Paid,124.54
711594,513845,UPI,Paid,92.58
711595,513846,UPI,Paid,164.9
711596,513847,UPI,Paid,46.89
711597,513848,UPI,Paid,132.88
711598,513849,Card,Paid,218.11
711599,513850,Cash,Paid,101.11
711600,513851,Cash,Paid,229.52
711601,513852,UPI,Paid,168.31
711602,513853,UPI,Paid,74.0
711603,513854,UPI,Paid,64.71
711604,513856,Wallet,Paid,171.99
711605,513857,UPI,Paid,36.35
711606,513858,UPI,Paid,141.73
711607,513859,Card,Paid,118.61
711608,513860,UPI,Paid,48.29
711609,513862,Card,Paid,44.93
711610,513863,UPI,Paid,242.29
711611,513864,Card,Paid,245.63
711612,513865,Card,Paid,104.88
711613,513866,UPI,Paid,313.22
711614,513867,Card,Paid,68.62
711615,513869,UPI,Paid,75.35
711616,513870,Card,Paid,119.43
711617,513871,UPI,Paid,62.41
711618,513872,Card,Failed,198.3
711619,513874,Card,Paid,64.96
711620,513876,Cash,Failed,35.0
711621,513878,Cash,Paid,98.13
711622,513880,Card,Paid,123.8
711623,513881,UPI,Paid,172.29
711624,513882,Cash,Paid,50.58
711625,513883,Cash,Paid,257.24
711626,513884,Cash,Paid,35.0
711627,513886,Cash,Paid,165.51
711628,513887,UPI,Paid,61.88
711629,513892,UPI,Paid,237.67
711630,513893,UPI,Paid,56.55
711631,513894,Cash,Paid,101.99
711632,513895,UPI,Paid,52.58
711633,513896,UPI,Paid,170.83
711634,513897,UPI,Paid,133.87
711635,513898,Card,Paid,132.72
711636,513900,Card,Paid,403.86
711637,513901,UPI,Paid,143.94
711638,513902,UPI,Paid,292.19
711639,513903,Wallet,Paid,158.87
711640,513905,Card,Paid,78.32
711641,513906,Cash,Paid,163.06
711642,513907,UPI,Paid,90.03
711643,513908,Card,Paid,73.15
711644,513909,UPI,Paid,51.19
711645,513910,Card,Paid,178.15
711646,513911,Cash,Paid,171.52
711647,513912,UPI,Paid,71.77
711648,513913,UPI,Paid,90.09
711649,513914,UPI,Paid,150.71
711650,513915,Card,Paid,266.38
711651,513916,UPI,Paid,74.09
711652,513917,UPI,Paid,43.51
711653,513918,UPI,Paid,69.23
711654,513919,UPI,Paid,103.78
711655,513920,UPI,Paid,90.18
711656,513921,Card,Paid,101.25
711657,513922,Cash,Paid,149.55
711658,513923,Cash,Paid,98.2
711659,513925,UPI,Paid,132.85
711660,513926,Cash,Paid,156.77
711661,513927,Card,Paid,69.3
711662,513928,Wallet,Paid,141.11
711663,513929,Cash,Paid,135.0
711664,513932,UPI,Paid,96.34
711665,513933,Card,Paid,58.68
711666,513934,Wallet,Paid,142.39
711667,513935,Cash,Paid,148.53
711668,513936,Cash,Paid,64.98
711669,513937,UPI,Paid,87.97
711670,513938,UPI,Paid,98.2
711671,513939,UPI,Paid,253.03
711672,513940,Wallet,Paid,222.5
711673,513941,UPI,Paid,92.69
711674,513943,Cash,Paid,100.74
711675,513945,UPI,Paid,35.0
711676,513946,UPI,Paid,156.32
711677,513947,UPI,Paid,116.98
711678,513948,UPI,Paid,82.07
711679,513949,Cash,Paid,69.51
711680,513950,Card,Paid,137.1
711681,513953,Wallet,Paid,255.5
711682,513954,Card,Paid,91.75
711683,513955,Wallet,Paid,232.58
711684,513956,Cash,Paid,148.22
711685,513957,UPI,Paid,116.62
711686,513958,Card,Paid,35.0
711687,513959,Wallet,Paid,294.61
711688,513961,UPI,Paid,182.09
711689,513963,Card,Paid,74.91
711690,513964,Cash,Paid,109.16
711691,513965,UPI,Paid,87.87
711692,513966,Card,Paid,87.83
711693,513967,UPI,Paid,82.24
711694,513968,Wallet,Paid,78.24
711695,513969,UPI,Paid,105.53
711696,513970,UPI,Paid,255.09
711697,513971,UPI,Paid,45.84
711698,513972,Cash,Paid,292.71
711699,513973,UPI,Paid,178.13
711700,513974,UPI,Paid,116.53
711701,513976,UPI,Paid,62.7
711702,513977,Wallet,Paid,294.21
711703,513979,UPI,Paid,140.88
711704,513980,Card,Paid,79.24
711705,513981,Cash,Paid,203.77
711706,513983,Cash,Paid,141.09
711707,513984,UPI,Paid,110.46
711708,513985,Cash,Paid,35.0
711709,513986,Card,Paid,139.86
711710,513987,UPI,Paid,58.42
711711,513988,Card,Failed,177.09
711712,513989,UPI,Paid,43.27
711713,513990,UPI,Paid,120.76
711714,513991,Wallet,Paid,76.5
711715,513992,Wallet,Paid,206.44
711716,513993,Cash,Paid,230.53
711717,513994,Card,Paid,123.33
711718,513995,Cash,Paid,133.82
711719,513998,Cash,Paid,127.44
711720,513999,UPI,Paid,95.02
711721,514000,Wallet,Paid,201.29
711722,514001,Cash,Paid,142.58
711723,514002,UPI,Paid,203.74
711724,514003,Cash,Paid,168.97
711725,514004,Card,Paid,163.35
711726,514005,Cash,Paid,166.5
711727,514006,UPI,Paid,160.64
711728,514007,UPI,Paid,35.0
711729,514008,UPI,Paid,171.33
711730,514010,UPI,Paid,113.27
711731,514011,Cash,Paid,207.12
711732,514012,Cash,Paid,35.0
711733,514014,Wallet,Paid,92.35
711734,514015,Cash,Paid,62.26
711735,514016,UPI,Paid,71.23
711736,514017,UPI,Paid,138.65
711737,514018,UPI,Paid,183.17
711738,514019,UPI,Paid,88.26
711739,514020,Cash,Paid,112.6
711740,514021,Card,Paid,185.23
711741,514022,UPI,Paid,113.05
711742,514023,Card,Paid,75.12
711743,514024,UPI,Paid,160.5
711744,514025,Card,Paid,101.55
711745,514026,UPI,Paid,75.95
711746,514027,UPI,Paid,86.18
711747,514028,Wallet,Paid,172.18
711748,514029,Card,Paid,56.75
711749,514030,Cash,Paid,154.05
711750,514031,Card,Paid,94.92
711751,514032,UPI,Paid,70.82
711752,514033,Cash,Paid,358.63
711753,514034,Wallet,Paid,94.48
711754,514035,Cash,Paid,128.0
711755,514036,Card,Paid,117.99
711756,514037,UPI,Paid,109.02
711757,514038,UPI,Paid,242.51
711758,514039,UPI,Paid,174.94
711759,514042,UPI,Paid,35.0
711760,514043,UPI,Paid,76.24
711761,514044,UPI,Paid,50.26
711762,514045,UPI,Paid,356.41
711763,514046,UPI,Paid,64.02
711764,514048,UPI,Paid,161.04
711765,514049,UPI,Paid,173.67
711766,514050,UPI,Paid,200.88
711767,514051,UPI,Paid,130.19
711768,514052,UPI,Paid,114.38
711769,514053,Card,Paid,249.91
711770,514056,Card,Paid,98.55
711771,514057,Cash,Paid,108.17
711772,514058,Cash,Paid,51.33
711773,514059,UPI,Paid,94.1
711774,514060,Wallet,Paid,44.98
711775,514061,Cash,Paid,148.02
711776,514062,Card,Paid,82.66
711777,514063,UPI,Paid,140.08
711778,514064,Cash,Paid,49.15
711779,514066,Cash,Paid,73.29
711780,514068,UPI,Failed,143.07
711781,514070,UPI,Paid,60.66
711782,514071,UPI,Paid,90.6
711783,514073,UPI,Paid,125.92
711784,514074,UPI,Paid,67.22
711785,514076,Wallet,Paid,159.42
711786,514077,UPI,Paid,43.15
711787,514078,Wallet,Paid,113.69
711788,514079,UPI,Paid,53.96
711789,514082,UPI,Paid,44.84
711790,514083,UPI,Paid,79.07
711791,514084,Wallet,Paid,74.44
711792,514086,Cash,Paid,173.94
711793,514087,UPI,Paid,122.42
711794,514089,Card,Paid,109.51
711795,514090,Cash,Paid,108.95
711796,514091,Card,Paid,38.38
711797,514092,UPI,Paid,65.39
711798,514093,Card,Paid,224.88
711799,514094,UPI,Paid,218.58
711800,514095,UPI,Paid,116.1
711801,514096,UPI,Failed,306.89
711802,514098,Cash,Paid,35.0
711803,514099,Card,Paid,84.83
711804,514100,Wallet,Paid,172.7
711805,514101,UPI,Paid,89.26
711806,514102,Card,Paid,140.47
711807,514103,UPI,Paid,35.0
711808,514104,UPI,Paid,91.86
711809,514105,Card,Paid,86.2
711810,514106,Card,Paid,184.82
711811,514107,UPI,Paid,355.77
711812,514108,UPI,Paid,108.11
711813,514109,UPI,Paid,211.27
711814,514110,UPI,Paid,138.92
711815,514112,UPI,Paid,220.62
711816,514113,UPI,Paid,51.54
711817,514114,UPI,Paid,58.54
711818,514115,Card,Paid,71.46
711819,514116,UPI,Paid,150.56
711820,514117,Wallet,Paid,345.62
711821,514119,UPI,Paid,96.89
711822,514120,Card,Paid,65.74
711823,514121,UPI,Paid,47.41
711824,514122,UPI,Paid,35.0
711825,514123,UPI,Paid,49.94
711826,514124,UPI,Paid,71.94
711827,514125,Wallet,Paid,218.78
711828,514126,UPI,Paid,132.95
711829,514127,Card,Paid,101.37
711830,514128,UPI,Paid,449.1
711831,514129,UPI,Paid,144.84
711832,514131,UPI,Paid,225.79
711833,514132,Card,Paid,51.5
711834,514133,UPI,Paid,115.7
711835,514135,Wallet,Paid,102.97
711836,514136,UPI,Paid,56.96
711837,514137,Wallet,Paid,106.38
711838,514138,Card,Paid,187.94
711839,514139,Card,Paid,90.19
711840,514141,UPI,Paid,258.69
711841,514142,UPI,Paid,72.84
711842,514143,UPI,Paid,77.4
711843,514144,Card,Paid,115.2
711844,514145,Card,Paid,69.69
711845,514146,Wallet,Paid,137.98
711846,514148,UPI,Paid,236.45
711847,514150,Cash,Paid,129.08
711848,514151,UPI,Paid,79.13
711849,514152,UPI,Paid,44.38
711850,514153,UPI,Paid,109.18
711851,514154,Cash,Paid,361.66
711852,514155,Cash,Paid,128.53
711853,514156,Cash,Paid,168.18
711854,514157,Card,Paid,185.85
711855,514158,UPI,Paid,137.87
711856,514159,Card,Paid,152.16
711857,514160,UPI,Paid,221.99
711858,514161,Wallet,Paid,168.99
711859,514162,Cash,Paid,35.0
711860,514163,Card,Paid,56.29
711861,514165,UPI,Paid,50.13
711862,514166,Cash,Paid,98.46
711863,514167,UPI,Paid,201.88
711864,514169,Cash,Paid,64.44
711865,514170,UPI,Paid,202.44
711866,514171,Cash,Paid,168.46
711867,514173,Wallet,Paid,96.81
711868,514174,UPI,Paid,144.57
711869,514175,UPI,Paid,150.92
711870,514176,Card,Paid,48.64
711871,514177,UPI,Paid,195.62
711872,514178,UPI,Paid,283.59
711873,514179,UPI,Paid,59.34
711874,514180,UPI,Paid,165.38
711875,514181,UPI,Paid,228.39
711876,514182,UPI,Paid,95.07
711877,514183,UPI,Paid,73.77
711878,514184,UPI,Paid,162.64
711879,514185,UPI,Paid,47.18
711880,514187,Card,Paid,70.42
711881,514188,Card,Paid,35.0
711882,514189,UPI,Paid,64.48
711883,514190,UPI,Paid,76.0
711884,514191,UPI,Paid,116.97
711885,514192,UPI,Paid,97.28
711886,514193,UPI,Paid,171.18
711887,514194,UPI,Paid,63.03
711888,514195,UPI,Failed,108.45
711889,514196,UPI,Paid,78.17
711890,514198,Card,Paid,86.0
711891,514199,Card,Paid,50.32
711892,514200,UPI,Paid,35.0
711893,514201,Cash,Paid,210.46
711894,514202,Cash,Paid,182.34
711895,514203,UPI,Paid,113.84
711896,514205,UPI,Paid,66.47
711897,514206,Card,Paid,68.77
711898,514207,UPI,Paid,128.18
711899,514208,Cash,Paid,70.79
711900,514209,Wallet,Paid,90.38
711901,514210,UPI,Paid,184.65
711902,514211,Card,Paid,114.87
711903,514212,Cash,Paid,359.11
711904,514213,Cash,Paid,76.3
711905,514214,UPI,Paid,213.64
711906,514215,Card,Paid,243.79
711907,514216,UPI,Paid,182.58
711908,514218,Card,Paid,178.28
711909,514219,Wallet,Paid,160.46
711910,514221,Card,Paid,75.38
711911,514224,UPI,Paid,93.45
711912,514225,Card,Paid,35.0
711913,514227,Cash,Paid,88.05
711914,514228,UPI,Failed,99.76
711915,514229,Cash,Paid,122.56
711916,514230,UPI,Paid,126.53
711917,514231,Card,Paid,96.76
711918,514232,Wallet,Paid,109.5
711919,514233,UPI,Paid,326.2
711920,514234,Card,Paid,116.45
711921,514235,UPI,Paid,137.75
711922,514236,UPI,Paid,68.84
711923,514237,Cash,Paid,62.65
711924,514238,Cash,Paid,88.04
711925,514239,UPI,Paid,134.27
711926,514240,Cash,Paid,163.24
711927,514242,UPI,Paid,108.07
711928,514243,Cash,Paid,76.91
711929,514244,UPI,Paid,86.14
711930,514245,Wallet,Paid,108.58
711931,514246,Cash,Paid,276.33
711932,514247,Card,Paid,72.56
711933,514248,UPI,Paid,35.0
711934,514250,Cash,Paid,105.99
711935,514251,Cash,Paid,327.24
711936,514252,Cash,Paid,223.04
711937,514254,UPI,Paid,35.0
711938,514255,UPI,Failed,70.76
711939,514256,UPI,Paid,149.59
711940,514258,UPI,Paid,74.13
711941,514259,Card,Paid,469.59
711942,514260,Card,Paid,86.14
711943,514261,Card,Paid,175.21
711944,514262,UPI,Paid,188.52
711945,514263,Card,Paid,102.82
711946,514264,UPI,Paid,199.65
711947,514265,Cash,Failed,124.29
711948,514266,UPI,Paid,136.59
711949,514267,UPI,Paid,114.26
711950,514268,Card,Paid,142.29
711951,514269,UPI,Paid,87.1
711952,514270,Cash,Paid,70.68
711953,514271,UPI,Paid,99.39
711954,514272,UPI,Paid,123.78
711955,514273,UPI,Paid,130.77
711956,514274,Wallet,Paid,341.12
711957,514275,UPI,Paid,129.24
711958,514276,UPI,Paid,217.7
711959,514278,Cash,Paid,58.28
711960,514279,UPI,Paid,153.42
711961,514280,Cash,Paid,101.21
711962,514281,Cash,Paid,215.28
711963,514282,Cash,Paid,224.97
711964,514283,UPI,Paid,200.94
711965,514284,Cash,Paid,202.57
711966,514285,UPI,Paid,63.87
711967,514286,UPI,Paid,205.38
711968,514287,Card,Paid,268.1
711969,514288,Card,Paid,136.73
711970,514289,UPI,Paid,218.13
711971,514290,Wallet,Paid,35.0
711972,514291,UPI,Paid,89.18
711973,514292,UPI,Paid,157.91
711974,514293,UPI,Paid,95.49
711975,514294,Cash,Failed,67.79
711976,514295,UPI,Paid,278.01
711977,514297,Card,Paid,282.65
711978,514298,UPI,Paid,99.7
711979,514299,Cash,Paid,50.75
711980,514301,UPI,Paid,61.14
711981,514302,UPI,Paid,169.84
711982,514303,Cash,Failed,55.21
711983,514306,UPI,Paid,200.56
711984,514307,Wallet,Paid,88.68
711985,514309,Cash,Paid,361.94
711986,514310,Wallet,Paid,63.11
711987,514311,Wallet,Paid,43.43
711988,514312,Cash,Paid,77.48
711989,514313,UPI,Paid,78.37
711990,514315,UPI,Paid,233.78
711991,514316,UPI,Paid,57.05
711992,514317,Cash,Paid,119.97
711993,514318,Card,Paid,147.58
711994,514319,UPI,Paid,103.83
711995,514320,Cash,Paid,227.79
711996,514321,UPI,Paid,171.18
711997,514323,UPI,Paid,66.32
711998,514324,Card,Paid,168.53
711999,514325,UPI,Paid,76.99
712000,514326,Card,Paid,146.01
712001,514327,Card,Paid,163.12
712002,514328,UPI,Paid,35.0
712003,514329,UPI,Paid,281.25
712004,514330,Cash,Failed,218.48
712005,514332,Card,Paid,40.56
712006,514333,Card,Paid,172.42
712007,514335,Card,Paid,254.81
712008,514336,UPI,Paid,48.28
712009,514337,UPI,Failed,131.47
712010,514339,Card,Paid,471.04
712011,514340,Card,Paid,101.98
712012,514341,Card,Paid,314.59
712013,514342,Card,Paid,160.88
712014,514343,UPI,Paid,85.92
712015,514344,Cash,Paid,71.17
712016,514345,Card,Paid,340.76
712017,514346,Cash,Paid,35.0
712018,514347,Wallet,Paid,51.19
712019,514348,UPI,Paid,46.64
712020,514349,UPI,Paid,122.49
712021,514350,UPI,Paid,148.91
712022,514351,UPI,Paid,148.82
712023,514352,Card,Paid,35.0
712024,514353,UPI,Paid,41.42
712025,514354,UPI,Paid,380.97
712026,514355,UPI,Paid,158.47
712027,514356,Card,Paid,66.22
712028,514357,UPI,Paid,100.03
712029,514359,Card,Paid,51.1
712030,514360,Card,Failed,156.28
712031,514361,Cash,Paid,58.98
712032,514362,Cash,Paid,235.67
712033,514363,Card,Paid,226.27
712034,514364,UPI,Paid,134.77
712035,514365,UPI,Paid,83.8
712036,514366,UPI,Paid,148.57
712037,514367,Card,Paid,93.08
712038,514369,Cash,Paid,225.03
712039,514370,UPI,Paid,165.53
712040,514371,Cash,Paid,83.82
712041,514372,UPI,Paid,114.29
712042,514373,UPI,Paid,72.9
712043,514374,UPI,Paid,244.4
712044,514377,UPI,Paid,115.53
712045,514378,UPI,Paid,66.26
712046,514379,UPI,Paid,86.98
712047,514380,Wallet,Paid,483.02
712048,514381,Card,Paid,108.16
712049,514383,Card,Paid,80.59
712050,514385,UPI,Paid,62.69
712051,514386,UPI,Paid,177.71
712052,514387,Cash,Paid,125.99
712053,514388,UPI,Paid,83.86
712054,514389,UPI,Paid,151.34
712055,514390,UPI,Paid,42.08
712056,514392,Wallet,Paid,254.17
712057,514394,Card,Paid,83.33
712058,514395,Card,Paid,35.0
712059,514396,Cash,Paid,344.46
712060,514397,UPI,Paid,134.71
712061,514398,Card,Paid,215.23
712062,514399,UPI,Paid,130.06
712063,514400,Wallet,Paid,148.73
712064,514401,UPI,Paid,53.01
712065,514402,Card,Paid,128.73
712066,514403,UPI,Paid,154.23
712067,514404,Card,Paid,50.45
712068,514405,Card,Paid,35.0
712069,514406,Wallet,Paid,149.15
712070,514407,UPI,Paid,35.0
712071,514408,UPI,Paid,75.0
712072,514409,UPI,Paid,91.39
712073,514410,Card,Paid,212.67
712074,514411,Cash,Paid,56.69
712075,514412,Cash,Paid,100.88
712076,514413,UPI,Paid,84.47
712077,514417,UPI,Paid,307.01
712078,514418,Card,Paid,67.51
712079,514419,Cash,Paid,60.0
712080,514420,UPI,Paid,190.69
712081,514421,Card,Paid,251.49
712082,514422,UPI,Paid,59.19
712083,514423,UPI,Paid,220.07
712084,514424,Cash,Paid,91.63
712085,514426,Card,Paid,74.31
712086,514427,Card,Paid,59.66
712087,514428,Card,Paid,135.27
712088,514429,UPI,Paid,113.67
712089,514430,UPI,Paid,68.25
712090,514431,Cash,Paid,70.23
712091,514432,Cash,Paid,146.62
712092,514434,Card,Paid,152.16
712093,514435,Card,Paid,122.7
712094,514436,Cash,Paid,145.85
712095,514437,UPI,Paid,235.49
712096,514438,Card,Paid,88.6
712097,514439,UPI,Paid,74.25
712098,514440,UPI,Paid,55.33
712099,514441,Card,Paid,117.51
712100,514443,Cash,Paid,70.42
712101,514444,Wallet,Paid,251.3
712102,514445,Card,Paid,166.07
712103,514446,UPI,Paid,105.76
712104,514447,Card,Paid,343.0
712105,514448,Cash,Paid,81.45
712106,514451,Card,Paid,104.78
712107,514452,UPI,Paid,96.17
712108,514453,Cash,Paid,172.39
712109,514454,UPI,Paid,35.0
712110,514455,Wallet,Paid,60.88
712111,514456,UPI,Paid,258.96
712112,514457,UPI,Paid,48.84
712113,514459,Card,Paid,74.2
712114,514460,UPI,Paid,90.69
712115,514462,Cash,Paid,205.26
712116,514463,Cash,Paid,183.82
712117,514464,UPI,Paid,92.97
712118,514466,UPI,Paid,138.16
712119,514467,UPI,Paid,156.21
712120,514468,Cash,Paid,83.56
712121,514469,Card,Paid,122.02
712122,514470,Wallet,Paid,53.96
712123,514471,Cash,Paid,144.57
712124,514472,Cash,Paid,242.73
712125,514474,Cash,Paid,147.2
712126,514475,UPI,Paid,66.12
712127,514476,Cash,Paid,146.61
712128,514477,Card,Paid,94.28
712129,514478,Wallet,Paid,154.5
712130,514479,UPI,Paid,81.53
712131,514481,Wallet,Paid,35.0
712132,514482,UPI,Paid,216.55
712133,514483,UPI,Paid,100.9
712134,514484,Card,Paid,35.0
712135,514485,UPI,Paid,188.94
712136,514486,Cash,Paid,41.64
712137,514487,Card,Paid,145.5
712138,514488,UPI,Paid,45.12
712139,514489,UPI,Paid,37.14
712140,514490,UPI,Paid,108.04
712141,514492,Card,Paid,104.31
712142,514494,Cash,Paid,247.02
712143,514495,Cash,Paid,118.74
712144,514496,Card,Paid,146.69
712145,514497,Card,Paid,116.58
712146,514498,UPI,Paid,252.91
712147,514499,UPI,Paid,46.44
712148,514500,UPI,Paid,90.86
712149,514501,UPI,Paid,271.17
712150,514502,Card,Paid,90.36
712151,514503,Cash,Paid,74.71
712152,514504,Card,Paid,51.62
712153,514505,Card,Paid,104.2
712154,514506,Card,Paid,103.46
712155,514507,Cash,Paid,267.13
712156,514508,UPI,Paid,82.07
712157,514510,UPI,Paid,189.28
712158,514512,UPI,Paid,70.83
712159,514513,Wallet,Paid,193.64
712160,514514,Cash,Paid,41.28
712161,514515,Wallet,Paid,140.27
712162,514516,UPI,Paid,271.87
712163,514519,Cash,Paid,108.55
712164,514520,UPI,Paid,113.94
712165,514521,Card,Paid,112.0
712166,514522,UPI,Paid,35.0
712167,514524,Card,Paid,78.17
712168,514525,UPI,Paid,76.18
712169,514526,Cash,Paid,68.51
712170,514527,UPI,Paid,68.51
712171,514528,Card,Paid,44.91
712172,514529,UPI,Paid,319.95
712173,514530,Card,Paid,144.31
712174,514532,UPI,Paid,85.86
712175,514533,Card,Paid,68.88
712176,514536,Cash,Paid,162.27
712177,514538,Wallet,Paid,109.58
712178,514539,UPI,Paid,95.53
712179,514540,UPI,Paid,97.31
712180,514541,UPI,Paid,77.25
712181,514542,Card,Paid,94.17
712182,514543,Cash,Paid,69.26
712183,514544,UPI,Paid,35.0
712184,514545,UPI,Paid,80.94
712185,514546,Card,Paid,122.32
712186,514548,Card,Paid,165.49
712187,514549,Wallet,Paid,279.58
712188,514550,UPI,Paid,71.08
712189,514551,Wallet,Paid,176.03
712190,514552,Cash,Paid,35.0
712191,514553,UPI,Paid,119.71
712192,514554,UPI,Paid,54.71
712193,514556,Cash,Paid,129.21
712194,514558,Card,Paid,65.81
712195,514559,UPI,Paid,188.25
712196,514560,UPI,Paid,59.93
712197,514562,Cash,Paid,108.47
712198,514563,Wallet,Paid,72.93
712199,514564,UPI,Paid,145.7
712200,514565,Card,Paid,266.46
712201,514566,Card,Paid,210.75
712202,514567,Card,Paid,326.07
712203,514568,UPI,Paid,120.15
712204,514570,UPI,Paid,61.38
712205,514571,UPI,Paid,219.82
712206,514572,Wallet,Paid,91.47
712207,514573,Wallet,Paid,82.04
712208,514574,Card,Paid,45.88
712209,514575,UPI,Paid,44.95
712210,514576,UPI,Paid,64.81
712211,514577,UPI,Paid,145.04
712212,514578,Card,Paid,114.76
712213,514579,Wallet,Paid,87.23
712214,514580,UPI,Failed,128.37
712215,514581,Cash,Paid,68.82
712216,514582,UPI,Paid,103.27
712217,514583,Card,Paid,108.47
712218,514584,Card,Paid,145.19
712219,514585,Card,Paid,101.69
712220,514586,Card,Paid,90.97
712221,514587,UPI,Paid,146.15
712222,514589,UPI,Paid,95.97
712223,514590,UPI,Paid,108.42
712224,514591,Cash,Paid,79.63
712225,514592,Cash,Paid,49.97
712226,514593,UPI,Paid,142.1
712227,514594,UPI,Paid,94.73
712228,514595,UPI,Paid,103.27
712229,514597,Card,Paid,140.58
712230,514598,UPI,Paid,53.01
712231,514599,Card,Paid,84.88
712232,514600,Card,Paid,74.92
712233,514601,UPI,Paid,137.31
712234,514602,Card,Paid,64.13
712235,514603,Card,Paid,35.0
712236,514604,UPI,Paid,94.33
712237,514605,UPI,Paid,81.26
712238,514606,UPI,Paid,146.58
712239,514607,UPI,Paid,35.0
712240,514608,Card,Paid,109.89
712241,514609,UPI,Paid,215.28
712242,514610,Cash,Paid,145.92
712243,514611,UPI,Paid,323.36
712244,514612,Card,Paid,114.86
712245,514613,UPI,Paid,170.9
712246,514614,UPI,Paid,88.16
712247,514615,Card,Paid,89.65
712248,514616,Card,Paid,126.88
712249,514617,UPI,Paid,128.89
712250,514618,Card,Paid,137.56
712251,514619,UPI,Paid,61.12
712252,514620,UPI,Paid,108.96
712253,514621,UPI,Paid,93.15
712254,514622,UPI,Paid,35.0
712255,514623,UPI,Paid,82.2
712256,514624,UPI,Paid,70.63
712257,514625,Wallet,Paid,133.82
712258,514626,Cash,Paid,116.98
712259,514627,Cash,Paid,95.72
712260,514628,UPI,Paid,164.44
712261,514629,UPI,Paid,101.95
712262,514630,Cash,Paid,371.46
712263,514631,Cash,Paid,145.81
712264,514632,UPI,Paid,214.7
712265,514633,UPI,Paid,46.23
712266,514634,Card,Paid,54.66
712267,514635,Cash,Failed,113.83
712268,514636,UPI,Paid,128.63
712269,514638,Cash,Paid,50.98
712270,514639,UPI,Paid,85.94
712271,514640,Cash,Paid,35.0
712272,514641,Card,Paid,201.38
712273,514642,Card,Paid,151.34
712274,514643,Card,Paid,120.74
712275,514644,Card,Paid,65.37
712276,514645,UPI,Paid,89.63
712277,514646,UPI,Paid,48.69
712278,514647,Wallet,Paid,135.89
712279,514650,UPI,Paid,175.0
712280,514651,Cash,Paid,97.09
712281,514653,UPI,Paid,43.53
712282,514654,Cash,Failed,54.02
712283,514655,UPI,Paid,50.67
712284,514656,UPI,Paid,101.08
712285,514658,Card,Paid,101.63
712286,514659,Card,Paid,104.0
712287,514660,Wallet,Paid,55.58
712288,514661,UPI,Paid,127.05
712289,514662,UPI,Paid,35.0
712290,514663,UPI,Paid,66.43
712291,514664,Card,Paid,149.15
712292,514665,UPI,Paid,138.21
712293,514666,Card,Paid,129.05
712294,514667,UPI,Paid,73.48
712295,514668,UPI,Paid,98.43
712296,514669,Card,Paid,115.44
712297,514671,Cash,Paid,66.39
712298,514672,UPI,Paid,53.5
712299,514673,UPI,Paid,86.65
712300,514674,UPI,Paid,55.54
712301,514675,UPI,Paid,246.64
712302,514676,UPI,Paid,72.76
712303,514677,Card,Paid,206.78
712304,514678,Card,Paid,161.95
712305,514679,UPI,Paid,133.61
712306,514680,UPI,Paid,98.34
712307,514681,Cash,Paid,199.78
712308,514682,Wallet,Paid,82.18
712309,514683,Cash,Paid,103.62
712310,514684,Cash,Paid,67.9
712311,514685,Card,Paid,78.2
712312,514686,Cash,Paid,61.48
712313,514687,UPI,Paid,109.81
712314,514688,UPI,Paid,35.0
712315,514689,Card,Paid,118.54
712316,514690,UPI,Paid,61.21
712317,514691,Cash,Paid,225.63
712318,514692,Card,Paid,239.09
712319,514693,UPI,Paid,138.8
712320,514694,UPI,Paid,49.92
712321,514695,Card,Paid,151.03
712322,514697,Card,Paid,35.77
712323,514698,UPI,Paid,253.5
712324,514699,Card,Paid,171.89
712325,514700,UPI,Failed,189.83
712326,514701,UPI,Paid,35.0
712327,514702,Card,Paid,156.53
712328,514703,Cash,Paid,40.36
712329,514704,Cash,Paid,119.16
712330,514705,Cash,Paid,170.42
712331,514706,UPI,Paid,124.15
712332,514707,Card,Paid,292.32
712333,514708,UPI,Paid,134.08
712334,514709,UPI,Paid,36.41
712335,514711,UPI,Paid,256.35
712336,514712,Cash,Paid,83.44
712337,514713,Wallet,Paid,299.72
712338,514714,UPI,Paid,54.54
712339,514715,UPI,Paid,53.91
712340,514716,Cash,Paid,35.0
712341,514717,Card,Paid,35.0
712342,514718,Cash,Paid,196.49
712343,514719,Cash,Paid,45.35
712344,514721,UPI,Paid,127.3
712345,514722,Card,Paid,35.0
712346,514723,Cash,Paid,70.28
712347,514724,UPI,Paid,35.0
712348,514725,Card,Paid,45.06
712349,514726,Cash,Paid,81.2
712350,514727,Cash,Paid,35.0
712351,514728,UPI,Paid,159.01
712352,514729,Wallet,Paid,40.09
712353,514730,UPI,Paid,123.97
712354,514731,Wallet,Paid,41.42
712355,514733,Card,Paid,140.99
712356,514735,Card,Paid,111.15
712357,514736,Cash,Paid,122.32
712358,514737,Wallet,Paid,355.13
712359,514739,Cash,Paid,180.57
712360,514740,Cash,Paid,213.21
712361,514741,UPI,Paid,91.49
712362,514742,UPI,Paid,50.32
712363,514744,Card,Paid,118.15
712364,514745,UPI,Paid,38.02
712365,514746,Cash,Paid,176.45
712366,514747,Wallet,Paid,194.08
712367,514748,UPI,Paid,102.3
712368,514752,UPI,Paid,98.51
712369,514753,Cash,Paid,160.42
712370,514754,Card,Paid,130.67
712371,514755,Cash,Paid,58.99
712372,514757,UPI,Paid,56.78
712373,514758,Wallet,Paid,71.9
712374,514759,UPI,Paid,86.8
712375,514763,Card,Paid,78.88
712376,514766,Card,Paid,103.79
712377,514768,Card,Paid,103.12
712378,514769,Wallet,Paid,51.86
712379,514770,UPI,Paid,99.08
712380,514771,Card,Paid,35.0
712381,514772,Card,Paid,61.91
712382,514773,Wallet,Paid,133.55
712383,514774,Cash,Paid,136.6
712384,514775,Wallet,Paid,95.22
712385,514776,UPI,Paid,146.51
712386,514777,Card,Failed,185.04
712387,514778,UPI,Paid,78.64
712388,514780,Cash,Paid,65.1
712389,514782,UPI,Paid,207.73
712390,514783,UPI,Paid,138.79
712391,514784,UPI,Paid,77.45
712392,514785,Cash,Paid,455.53
712393,514786,Card,Paid,181.04
712394,514787,Wallet,Paid,43.47
712395,514788,Cash,Paid,216.34
712396,514790,UPI,Paid,109.97
712397,514791,Cash,Paid,271.57
712398,514793,Card,Paid,42.31
712399,514794,Cash,Paid,45.1
712400,514795,UPI,Paid,104.13
712401,514796,UPI,Paid,126.47
712402,514797,UPI,Paid,172.08
712403,514799,Cash,Paid,124.77
712404,514800,UPI,Paid,44.09
712405,514801,UPI,Paid,80.6
712406,514802,Card,Paid,95.6
712407,514803,Card,Paid,98.28
712408,514804,UPI,Paid,175.84
712409,514805,UPI,Paid,97.2
712410,514806,UPI,Paid,98.53
712411,514807,UPI,Paid,109.81
712412,514808,UPI,Paid,95.42
712413,514812,Card,Paid,224.81
712414,514814,UPI,Paid,141.74
712415,514815,Card,Paid,179.83
712416,514816,Card,Paid,102.21
712417,514817,UPI,Paid,35.0
712418,514818,Cash,Paid,98.8
712419,514820,Cash,Paid,61.28
712420,514821,Cash,Paid,116.62
712421,514822,Wallet,Paid,100.86
712422,514823,UPI,Paid,71.7
712423,514824,Card,Paid,125.26
712424,514825,Cash,Paid,110.66
712425,514826,Cash,Paid,44.32
712426,514827,UPI,Paid,366.17
712427,514828,UPI,Paid,118.06
712428,514829,UPI,Paid,35.0
712429,514830,UPI,Paid,82.52
712430,514832,Cash,Paid,185.88
712431,514833,Card,Paid,74.74
712432,514834,Wallet,Paid,108.03
712433,514835,Card,Paid,109.77
712434,514836,Card,Paid,197.92
712435,514838,UPI,Paid,45.66
712436,514839,UPI,Paid,198.3
712437,514841,Card,Paid,60.09
712438,514843,UPI,Paid,93.25
712439,514845,Card,Paid,278.16
712440,514846,Card,Paid,120.82
712441,514847,UPI,Paid,185.27
712442,514848,Card,Paid,184.42
712443,514849,UPI,Paid,104.49
712444,514850,Wallet,Paid,115.26
712445,514851,UPI,Paid,59.94
712446,514852,UPI,Paid,82.67
712447,514853,UPI,Paid,78.89
712448,514854,Cash,Paid,136.3
712449,514857,Card,Paid,182.06
712450,514858,UPI,Paid,238.63
712451,514860,UPI,Paid,80.13
712452,514861,UPI,Paid,126.35
712453,514862,UPI,Paid,178.73
712454,514863,UPI,Paid,188.75
712455,514864,Card,Paid,59.25
712456,514865,UPI,Paid,181.59
712457,514866,Cash,Paid,98.74
712458,514870,Cash,Paid,133.15
712459,514871,Card,Paid,106.43
712460,514872,UPI,Paid,121.62
712461,514874,UPI,Paid,149.89
712462,514875,UPI,Paid,138.57
712463,514876,Cash,Paid,66.5
712464,514877,UPI,Paid,99.1
712465,514878,UPI,Paid,342.2
712466,514881,UPI,Paid,152.12
712467,514882,Card,Paid,160.82
712468,514884,Card,Paid,129.32
712469,514885,Wallet,Paid,117.98
712470,514886,Wallet,Paid,167.06
712471,514887,Cash,Paid,80.86
712472,514888,UPI,Paid,62.54
712473,514890,Cash,Paid,92.33
712474,514891,UPI,Paid,92.74
712475,514892,Wallet,Paid,122.0
712476,514893,Card,Paid,134.04
712477,514894,Cash,Paid,89.45
712478,514895,UPI,Paid,136.25
712479,514896,UPI,Paid,220.07
712480,514897,Cash,Paid,135.91
712481,514898,UPI,Paid,86.73
712482,514900,Cash,Paid,63.86
712483,514901,UPI,Paid,96.11
712484,514902,UPI,Paid,55.08
712485,514903,UPI,Paid,159.82
712486,514904,UPI,Paid,167.3
712487,514905,UPI,Paid,184.9
712488,514906,Cash,Paid,59.03
712489,514907,UPI,Paid,51.88
712490,514909,Cash,Paid,117.78
712491,514910,UPI,Paid,95.98
712492,514911,Card,Paid,179.29
712493,514913,Card,Paid,165.8
712494,514914,Card,Paid,55.52
712495,514915,UPI,Paid,124.42
712496,514916,Card,Paid,86.23
712497,514917,UPI,Paid,103.36
712498,514918,UPI,Paid,210.37
712499,514919,UPI,Paid,40.19
712500,514920,Card,Paid,67.2
712501,514921,Cash,Paid,69.21
712502,514922,Card,Paid,113.23
712503,514923,Card,Paid,43.18
712504,514924,Card,Paid,35.0
712505,514925,Cash,Paid,160.35
712506,514926,Cash,Paid,35.0
712507,514927,Cash,Paid,134.78
712508,514928,UPI,Paid,202.77
712509,514929,UPI,Paid,38.55
712510,514930,Card,Paid,105.33
712511,514931,Card,Paid,81.73
712512,514932,Card,Paid,84.94
712513,514933,Wallet,Paid,323.61
712514,514934,Card,Paid,357.93
712515,514935,Card,Paid,79.94
712516,514936,UPI,Paid,194.16
712517,514937,UPI,Paid,110.12
712518,514938,Cash,Paid,114.79
712519,514939,Card,Paid,84.68
712520,514940,UPI,Paid,197.73
712521,514942,Card,Paid,169.15
712522,514943,Cash,Paid,108.61
712523,514944,Cash,Paid,175.79
712524,514945,Cash,Paid,127.93
712525,514946,UPI,Paid,57.06
712526,514948,UPI,Paid,133.34
712527,514950,Card,Paid,110.51
712528,514951,Cash,Paid,151.25
712529,514952,UPI,Paid,37.04
712530,514953,UPI,Paid,475.44
712531,514954,UPI,Paid,112.2
712532,514955,Cash,Paid,57.68
712533,514956,UPI,Paid,35.0
712534,514957,UPI,Paid,176.17
712535,514958,Wallet,Paid,236.33
712536,514959,UPI,Paid,62.68
712537,514960,UPI,Paid,49.58
712538,514961,Cash,Paid,35.0
712539,514962,Cash,Paid,175.98
712540,514963,UPI,Paid,124.37
712541,514964,UPI,Paid,144.21
712542,514965,UPI,Paid,238.84
712543,514966,UPI,Paid,204.45
712544,514967,Wallet,Paid,63.23
712545,514968,UPI,Paid,241.19
712546,514970,Card,Paid,126.58
712547,514971,UPI,Paid,148.95
712548,514972,UPI,Paid,116.24
712549,514973,UPI,Paid,242.84
712550,514974,UPI,Paid,166.45
712551,514976,UPI,Paid,220.3
712552,514977,UPI,Paid,35.0
712553,514978,Card,Paid,156.57
712554,514979,UPI,Paid,46.57
712555,514980,Cash,Paid,194.34
712556,514982,Cash,Paid,98.52
712557,514983,UPI,Paid,107.53
712558,514985,UPI,Paid,35.0
712559,514986,Card,Paid,108.71
712560,514987,UPI,Paid,165.11
712561,514988,Wallet,Paid,128.98
712562,514989,UPI,Paid,70.66
712563,514991,Cash,Paid,120.22
712564,514992,Cash,Paid,126.64
712565,514994,UPI,Paid,83.8
712566,514995,UPI,Paid,87.31
712567,514996,UPI,Paid,91.3
712568,514998,Cash,Paid,76.15
712569,515001,UPI,Paid,66.08
712570,515002,Card,Paid,222.97
712571,515003,Card,Paid,69.79
712572,515004,Cash,Paid,103.9
712573,515005,UPI,Paid,198.05
712574,515006,Card,Paid,112.06
712575,515007,UPI,Paid,123.89
712576,515008,Cash,Paid,149.55
712577,515009,UPI,Paid,185.71
712578,515010,Card,Paid,55.6
712579,515011,UPI,Paid,53.49
712580,515012,UPI,Paid,118.56
712581,515013,Card,Paid,80.27
712582,515014,Cash,Paid,86.04
712583,515016,UPI,Failed,56.76
712584,515017,Cash,Paid,204.12
712585,515018,Cash,Paid,145.74
712586,515019,UPI,Paid,134.58
712587,515021,Card,Paid,358.08
712588,515022,UPI,Paid,86.57
712589,515023,Cash,Paid,165.32
712590,515024,UPI,Paid,246.47
712591,515025,Card,Paid,416.81
712592,515026,UPI,Paid,111.37
712593,515027,UPI,Paid,119.49
712594,515028,UPI,Paid,325.26
712595,515029,Cash,Paid,35.0
712596,515030,Card,Paid,54.17
712597,515031,Cash,Paid,131.71
712598,515033,UPI,Paid,47.38
712599,515034,UPI,Paid,144.94
712600,515036,UPI,Paid,65.78
712601,515037,UPI,Paid,50.48
712602,515038,Card,Paid,89.36
712603,515039,Card,Paid,263.41
712604,515041,UPI,Paid,62.52
712605,515043,UPI,Paid,165.98
712606,515044,UPI,Paid,149.36
712607,515045,Cash,Paid,228.71
712608,515046,Cash,Paid,113.93
712609,515047,Card,Paid,35.0
712610,515048,UPI,Paid,51.91
712611,515049,UPI,Paid,207.8
712612,515051,UPI,Paid,75.96
712613,515052,UPI,Paid,70.32
712614,515053,Wallet,Paid,138.1
712615,515055,Card,Paid,35.0
712616,515056,Card,Paid,100.61
712617,515057,Cash,Paid,77.56
712618,515058,UPI,Paid,70.26
712619,515059,Cash,Paid,323.86
712620,515060,UPI,Paid,83.2
712621,515061,UPI,Paid,138.76
712622,515062,Card,Paid,113.97
712623,515063,UPI,Paid,56.76
712624,515064,Cash,Paid,209.54
712625,515065,UPI,Paid,96.47
712626,515066,UPI,Paid,61.1
712627,515067,Cash,Paid,35.0
712628,515068,UPI,Paid,160.3
712629,515069,UPI,Paid,57.0
712630,515070,UPI,Paid,299.02
712631,515071,UPI,Paid,48.62
712632,515074,Cash,Paid,128.84
712633,515075,Card,Paid,97.01
712634,515076,UPI,Paid,307.73
712635,515077,Card,Paid,104.7
712636,515078,Wallet,Paid,182.79
712637,515079,Cash,Paid,173.86
712638,515080,Cash,Paid,199.29
712639,515081,UPI,Paid,92.07
712640,515082,UPI,Paid,78.14
712641,515083,Card,Paid,124.8
712642,515084,UPI,Paid,113.83
712643,515085,Cash,Paid,129.22
712644,515086,UPI,Paid,105.19
712645,515087,Card,Paid,175.26
712646,515088,UPI,Paid,347.18
712647,515089,Cash,Paid,71.91
712648,515091,Card,Paid,57.86
712649,515092,UPI,Paid,64.15
712650,515093,UPI,Paid,130.79
712651,515094,UPI,Paid,93.99
712652,515095,Wallet,Paid,47.11
712653,515096,Card,Paid,109.64
712654,515097,Card,Paid,102.97
712655,515098,Card,Paid,82.94
712656,515099,UPI,Paid,138.89
712657,515100,UPI,Paid,110.29
712658,515101,Card,Paid,147.11
712659,515102,Cash,Paid,83.73
712660,515103,Cash,Paid,92.24
712661,515104,UPI,Paid,119.5
712662,515105,UPI,Paid,162.62
712663,515106,UPI,Paid,51.04
712664,515107,Card,Paid,123.14
712665,515108,UPI,Paid,56.51
712666,515109,Card,Paid,132.44
712667,515110,Card,Paid,121.98
712668,515111,UPI,Paid,189.94
712669,515113,UPI,Paid,80.91
712670,515114,UPI,Paid,42.94
712671,515115,UPI,Paid,88.63
712672,515116,UPI,Paid,171.58
712673,515117,Cash,Paid,112.21
712674,515118,UPI,Paid,126.77
712675,515119,UPI,Paid,97.0
712676,515120,UPI,Paid,101.38
712677,515121,UPI,Paid,47.18
712678,515122,UPI,Paid,176.08
712679,515123,UPI,Paid,35.95
712680,515124,UPI,Paid,140.41
712681,515125,UPI,Paid,53.55
712682,515126,UPI,Paid,124.18
712683,515127,Card,Paid,102.82
712684,515128,UPI,Paid,35.0
712685,515129,UPI,Paid,35.0
712686,515130,UPI,Paid,266.6
712687,515131,Card,Paid,85.26
712688,515134,UPI,Paid,96.44
712689,515135,Cash,Paid,35.0
712690,515136,Card,Paid,55.7
712691,515138,UPI,Paid,82.51
712692,515139,Card,Paid,62.69
712693,515141,Wallet,Paid,86.14
712694,515144,UPI,Paid,155.79
712695,515145,Card,Paid,49.07
712696,515146,UPI,Paid,131.9
712697,515147,Card,Paid,65.07
712698,515148,UPI,Paid,116.92
712699,515149,Cash,Paid,68.62
712700,515150,Card,Paid,49.15
712701,515151,UPI,Paid,322.11
712702,515152,Cash,Paid,35.0
712703,515154,Card,Paid,95.9
712704,515155,Card,Paid,123.27
712705,515158,Card,Paid,140.28
712706,515159,Card,Paid,128.24
712707,515160,UPI,Paid,103.34
712708,515161,UPI,Failed,79.16
712709,515162,UPI,Paid,115.8
712710,515163,Cash,Paid,156.92
712711,515164,Cash,Paid,240.85
712712,515165,Card,Paid,116.64
712713,515166,Card,Paid,60.93
712714,515167,UPI,Paid,134.76
712715,515169,Card,Paid,35.0
712716,515172,UPI,Paid,196.69
712717,515173,Cash,Paid,203.3
712718,515174,UPI,Paid,35.0
712719,515176,UPI,Paid,134.43
712720,515177,UPI,Paid,58.92
712721,515178,Wallet,Paid,109.78
712722,515181,Card,Paid,182.34
712723,515182,Card,Paid,71.3
712724,515183,Card,Paid,46.52
712725,515184,UPI,Paid,194.93
712726,515185,UPI,Paid,84.06
712727,515186,UPI,Paid,43.94
712728,515187,Wallet,Paid,139.81
712729,515188,UPI,Paid,92.39
712730,515189,UPI,Paid,70.4
712731,515190,Cash,Paid,38.2
712732,515191,UPI,Paid,40.21
712733,515192,UPI,Paid,77.18
712734,515193,Card,Paid,37.61
712735,515194,UPI,Paid,66.4
712736,515196,UPI,Paid,139.83
712737,515197,UPI,Paid,291.14
712738,515198,UPI,Paid,112.81
712739,515200,UPI,Paid,126.4
712740,515201,UPI,Paid,113.91
712741,515202,Cash,Paid,97.98
712742,515203,Cash,Paid,142.7
712743,515204,UPI,Paid,288.14
712744,515205,Cash,Paid,141.98
712745,515206,Cash,Paid,103.4
712746,515207,UPI,Paid,57.07
712747,515208,Cash,Paid,147.23
712748,515209,Wallet,Paid,197.47
712749,515210,UPI,Paid,197.9
712750,515211,Wallet,Paid,78.89
712751,515212,UPI,Paid,141.1
712752,515213,UPI,Paid,286.0
712753,515214,UPI,Paid,190.59
712754,515215,Cash,Paid,110.56
712755,515216,UPI,Paid,58.64
712756,515217,UPI,Paid,85.68
712757,515218,Cash,Paid,129.74
712758,515219,Cash,Paid,81.91
712759,515220,UPI,Paid,74.87
712760,515221,Cash,Paid,87.23
712761,515222,Cash,Paid,46.23
712762,515223,Cash,Paid,213.54
712763,515225,Card,Paid,143.95
712764,515226,Card,Failed,200.88
712765,515227,UPI,Paid,63.37
712766,515229,UPI,Paid,62.91
712767,515231,Card,Paid,155.12
712768,515232,UPI,Paid,110.08
712769,515233,UPI,Paid,149.67
712770,515235,UPI,Paid,128.91
712771,515236,UPI,Paid,129.27
712772,515237,UPI,Paid,35.0
712773,515238,Card,Paid,101.55
712774,515239,UPI,Paid,78.36
712775,515240,UPI,Paid,203.66
712776,515241,Card,Paid,92.75
712777,515242,UPI,Paid,84.2
712778,515244,Card,Paid,79.66
712779,515245,UPI,Paid,142.98
712780,515246,Cash,Paid,67.53
712781,515249,Card,Paid,82.19
712782,515250,UPI,Paid,35.0
712783,515252,Cash,Paid,153.07
712784,515253,UPI,Paid,117.42
712785,515254,Cash,Paid,123.18
712786,515255,UPI,Paid,35.0
712787,515256,UPI,Paid,187.05
712788,515257,UPI,Paid,123.22
712789,515258,UPI,Paid,99.71
712790,515259,Card,Paid,118.79
712791,515260,Card,Paid,78.62
712792,515261,Wallet,Paid,269.4
712793,515262,Card,Paid,75.17
712794,515263,Card,Paid,179.63
712795,515264,Wallet,Paid,120.26
712796,515266,Card,Paid,70.88
712797,515267,Card,Paid,35.0
712798,515268,UPI,Paid,36.45
712799,515269,Cash,Paid,225.77
712800,515271,UPI,Paid,79.96
712801,515272,UPI,Paid,127.47
712802,515273,Card,Paid,223.07
712803,515274,Cash,Paid,91.01
712804,515275,UPI,Paid,84.78
712805,515276,UPI,Paid,36.23
712806,515278,UPI,Paid,253.65
712807,515280,UPI,Paid,41.95
712808,515281,Card,Paid,190.7
712809,515282,UPI,Paid,76.85
712810,515283,UPI,Paid,80.68
712811,515284,UPI,Paid,81.11
712812,515285,UPI,Paid,90.79
712813,515286,UPI,Paid,144.33
712814,515287,UPI,Paid,153.56
712815,515288,Cash,Paid,143.56
712816,515289,Cash,Paid,35.0
712817,515290,UPI,Paid,91.87
712818,515292,UPI,Paid,71.64
712819,515293,Cash,Paid,89.72
712820,515296,Cash,Paid,140.45
712821,515298,UPI,Paid,101.08
712822,515299,UPI,Paid,92.37
712823,515300,Card,Paid,255.39
712824,515301,UPI,Paid,56.41
712825,515302,Card,Paid,124.49
712826,515303,Card,Paid,138.86
712827,515304,Wallet,Paid,105.97
712828,515305,UPI,Paid,140.1
712829,515306,UPI,Paid,49.52
712830,515307,Wallet,Paid,330.14
712831,515308,UPI,Paid,62.39
712832,515310,UPI,Paid,80.82
712833,515311,UPI,Paid,268.16
712834,515312,Card,Paid,104.66
712835,515313,Cash,Paid,53.52
712836,515314,UPI,Paid,170.47
712837,515316,UPI,Paid,95.75
712838,515317,Card,Paid,63.9
712839,515318,UPI,Paid,172.06
712840,515319,UPI,Paid,185.28
712841,515320,UPI,Paid,35.0
712842,515321,UPI,Paid,99.71
712843,515322,Cash,Paid,173.67
712844,515323,UPI,Paid,90.41
712845,515324,Wallet,Paid,35.0
712846,515325,UPI,Paid,35.9
712847,515327,Card,Paid,112.95
712848,515328,Wallet,Paid,85.51
712849,515329,Card,Paid,35.0
712850,515330,UPI,Paid,190.89
712851,515331,UPI,Paid,103.39
712852,515332,UPI,Paid,131.52
712853,515333,UPI,Paid,101.15
712854,515334,Wallet,Paid,200.04
712855,515335,UPI,Paid,183.81
712856,515336,UPI,Paid,121.39
712857,515337,UPI,Paid,145.86
712858,515338,Card,Paid,35.0
712859,515340,UPI,Paid,127.71
712860,515341,Card,Paid,150.25
712861,515342,UPI,Paid,75.61
712862,515343,UPI,Paid,35.0
712863,515344,Cash,Paid,130.43
712864,515345,Cash,Paid,275.68
712865,515346,UPI,Paid,49.73
712866,515347,Cash,Paid,190.21
712867,515348,Card,Paid,115.72
712868,515349,UPI,Paid,172.13
712869,515350,Card,Paid,250.44
712870,515351,Cash,Paid,80.85
712871,515352,Wallet,Paid,165.14
712872,515353,Cash,Paid,70.21
712873,515354,UPI,Paid,77.22
712874,515355,Wallet,Paid,158.22
712875,515356,Cash,Paid,119.18
712876,515358,UPI,Paid,62.62
712877,515359,Cash,Paid,173.24
712878,515360,UPI,Paid,35.0
712879,515362,UPI,Paid,399.35
712880,515363,UPI,Paid,61.5
712881,515364,Card,Paid,206.02
712882,515366,UPI,Paid,192.03
712883,515367,UPI,Paid,58.92
712884,515368,UPI,Paid,89.78
712885,515369,UPI,Paid,61.78
712886,515370,UPI,Paid,167.23
712887,515371,Cash,Paid,251.22
712888,515372,UPI,Failed,81.35
712889,515373,UPI,Paid,93.54
712890,515375,Card,Paid,206.63
712891,515376,Card,Paid,72.03
712892,515377,Card,Paid,36.11
712893,515378,Card,Paid,399.83
712894,515379,Card,Paid,115.22
712895,515380,UPI,Paid,208.33
712896,515381,UPI,Paid,35.0
712897,515382,Cash,Paid,111.05
712898,515383,Card,Paid,107.19
712899,515384,UPI,Paid,136.17
712900,515385,Cash,Paid,124.9
712901,515386,UPI,Paid,46.3
712902,515387,UPI,Paid,125.98
712903,515389,UPI,Paid,67.36
712904,515390,Card,Paid,157.96
712905,515391,Card,Paid,186.99
712906,515392,UPI,Paid,70.08
712907,515393,UPI,Paid,98.46
712908,515394,Card,Paid,356.02
712909,515395,Cash,Paid,61.77
712910,515396,UPI,Paid,146.32
712911,515398,UPI,Paid,63.43
712912,515399,UPI,Paid,54.63
712913,515400,Card,Paid,134.27
712914,515401,Cash,Paid,134.25
712915,515402,UPI,Paid,219.26
712916,515403,Card,Paid,146.09
712917,515404,UPI,Paid,46.8
712918,515405,UPI,Paid,68.87
712919,515410,UPI,Paid,35.0
712920,515411,UPI,Paid,109.56
712921,515412,UPI,Paid,59.13
712922,515413,Wallet,Paid,70.39
712923,515415,UPI,Paid,107.73
712924,515416,UPI,Paid,48.38
712925,515418,UPI,Paid,220.14
712926,515419,UPI,Paid,111.25
712927,515420,UPI,Paid,44.01
712928,515421,Cash,Paid,145.2
712929,515422,UPI,Paid,35.0
712930,515423,Cash,Paid,198.27
712931,515424,Cash,Paid,63.96
712932,515425,UPI,Paid,183.85
712933,515426,Cash,Paid,175.99
712934,515427,Cash,Paid,116.48
712935,515428,UPI,Paid,72.38
712936,515429,UPI,Paid,210.24
712937,515430,Card,Paid,231.27
712938,515431,UPI,Paid,97.72
712939,515432,UPI,Paid,237.63
712940,515433,UPI,Paid,221.03
712941,515434,Card,Paid,82.51
712942,515435,UPI,Paid,49.86
712943,515436,Cash,Paid,103.85
712944,515438,UPI,Paid,135.0
712945,515440,Cash,Paid,53.78
712946,515441,Cash,Paid,335.48
712947,515442,Card,Paid,131.53
712948,515443,UPI,Paid,88.24
712949,515444,Card,Paid,124.6
712950,515445,UPI,Paid,99.14
712951,515446,UPI,Paid,246.87
712952,515447,UPI,Paid,134.47
712953,515448,Cash,Paid,293.17
712954,515449,Card,Paid,56.72
712955,515450,Cash,Paid,75.71
712956,515453,Wallet,Paid,115.19
712957,515454,UPI,Paid,101.2
712958,515455,UPI,Paid,82.78
712959,515456,UPI,Paid,72.59
712960,515457,Card,Paid,49.97
712961,515458,Cash,Paid,35.0
712962,515459,Cash,Paid,259.07
712963,515460,Card,Paid,105.52
712964,515461,UPI,Paid,93.58
712965,515462,Cash,Paid,94.5
712966,515463,UPI,Paid,210.19
712967,515464,Cash,Paid,126.07
712968,515465,UPI,Paid,116.16
712969,515467,Card,Paid,44.85
712970,515469,Cash,Paid,82.0
712971,515470,UPI,Paid,476.58
712972,515471,Card,Paid,119.32
712973,515473,UPI,Paid,125.88
712974,515474,Cash,Paid,48.93
712975,515475,UPI,Paid,141.03
712976,515476,Wallet,Paid,95.69
712977,515477,Cash,Paid,52.86
712978,515478,Card,Paid,141.79
712979,515479,UPI,Paid,79.12
712980,515481,Cash,Paid,113.73
712981,515482,Card,Paid,174.1
712982,515483,Cash,Paid,150.83
712983,515484,Card,Paid,80.75
712984,515486,Wallet,Paid,88.54
712985,515487,Card,Paid,51.77
712986,515488,Cash,Paid,85.32
712987,515489,UPI,Paid,130.93
712988,515491,UPI,Paid,126.34
712989,515492,UPI,Paid,130.85
712990,515493,UPI,Paid,147.05
712991,515494,Cash,Paid,86.67
712992,515495,UPI,Paid,53.25
712993,515496,Wallet,Paid,112.71
712994,515498,UPI,Paid,378.42
712995,515500,UPI,Paid,228.79
712996,515501,Wallet,Paid,64.57
712997,515502,Cash,Paid,107.01
712998,515503,Card,Paid,118.04
712999,515504,Card,Paid,44.25
713000,515505,UPI,Paid,64.61
713001,515506,UPI,Paid,111.72
713002,515507,Cash,Paid,260.26
713003,515509,Cash,Paid,63.45
713004,515510,UPI,Paid,38.94
713005,515511,Card,Paid,81.97
713006,515512,Card,Paid,113.6
713007,515513,Card,Paid,146.19
713008,515514,Card,Paid,154.24
713009,515515,UPI,Paid,76.96
713010,515516,Card,Paid,47.03
713011,515518,UPI,Paid,222.83
713012,515519,UPI,Paid,50.38
713013,515520,Card,Paid,129.2
713014,515521,Card,Paid,35.0
713015,515522,UPI,Paid,50.18
713016,515523,UPI,Paid,77.7
713017,515524,UPI,Paid,193.08
713018,515525,UPI,Paid,35.0
713019,515526,Card,Paid,678.91
713020,515527,UPI,Paid,82.06
713021,515529,UPI,Paid,131.84
713022,515530,UPI,Paid,59.14
713023,515531,UPI,Paid,75.17
713024,515532,UPI,Paid,87.69
713025,515533,UPI,Paid,77.85
713026,515534,Cash,Paid,111.19
713027,515535,Wallet,Paid,122.65
713028,515536,Card,Paid,73.35
713029,515537,Card,Paid,412.98
713030,515538,Cash,Paid,170.66
713031,515539,Cash,Paid,62.43
713032,515540,Card,Paid,61.76
713033,515541,UPI,Paid,162.82
713034,515542,Cash,Paid,57.78
713035,515544,UPI,Paid,53.86
713036,515545,Cash,Paid,135.53
713037,515546,UPI,Paid,187.71
713038,515547,UPI,Paid,81.75
713039,515548,UPI,Paid,50.04
713040,515550,UPI,Paid,167.7
713041,515551,UPI,Paid,60.99
713042,515552,Card,Paid,112.7
713043,515553,Cash,Paid,229.83
713044,515554,Card,Paid,91.44
713045,515555,UPI,Paid,59.74
713046,515556,UPI,Paid,70.73
713047,515557,Card,Paid,204.76
713048,515558,UPI,Paid,206.91
713049,515559,Cash,Paid,177.71
713050,515561,Cash,Paid,402.83
713051,515562,UPI,Paid,156.48
713052,515563,Cash,Paid,137.46
713053,515564,Card,Paid,122.01
713054,515565,Cash,Paid,197.25
713055,515566,UPI,Paid,50.06
713056,515567,Card,Paid,72.5
713057,515568,Cash,Paid,301.36
713058,515569,UPI,Paid,284.96
713059,515570,UPI,Paid,134.08
713060,515571,UPI,Paid,54.67
713061,515572,UPI,Paid,86.56
713062,515573,UPI,Paid,261.71
713063,515574,UPI,Paid,78.36
713064,515575,Card,Paid,540.36
713065,515576,UPI,Paid,62.71
713066,515577,Card,Paid,150.98
713067,515578,UPI,Paid,66.46
713068,515579,Wallet,Paid,124.5
713069,515580,Cash,Paid,117.79
713070,515582,UPI,Paid,218.76
713071,515583,UPI,Paid,42.82
713072,515584,Cash,Paid,212.25
713073,515585,Card,Paid,224.11
713074,515586,UPI,Paid,65.55
713075,515587,Card,Paid,46.37
713076,515588,UPI,Paid,74.64
713077,515589,Card,Paid,64.25
713078,515590,UPI,Paid,35.0
713079,515591,Cash,Paid,257.99
713080,515592,UPI,Failed,35.0
713081,515593,Card,Paid,140.31
713082,515594,UPI,Paid,67.68
713083,515595,UPI,Paid,211.75
713084,515596,Wallet,Paid,101.64
713085,515597,Cash,Paid,131.95
713086,515598,UPI,Paid,186.98
713087,515600,Card,Paid,35.0
713088,515603,Card,Paid,148.72
713089,515604,UPI,Paid,454.16
713090,515605,UPI,Paid,128.86
713091,515606,UPI,Paid,35.0
713092,515607,UPI,Paid,39.97
713093,515609,UPI,Paid,109.32
713094,515610,UPI,Paid,85.96
713095,515612,UPI,Paid,35.0
713096,515613,UPI,Paid,79.37
713097,515614,Card,Paid,93.48
713098,515616,Cash,Paid,61.17
713099,515617,UPI,Paid,212.63
713100,515618,UPI,Paid,73.24
713101,515619,UPI,Paid,140.75
713102,515620,UPI,Paid,153.08
713103,515621,UPI,Paid,73.59
713104,515622,UPI,Paid,71.79
713105,515623,Cash,Paid,68.61
713106,515625,Wallet,Paid,97.0
713107,515626,Card,Paid,69.89
713108,515627,Wallet,Paid,158.47
713109,515628,UPI,Paid,105.2
713110,515629,UPI,Paid,106.79
713111,515630,Card,Paid,122.52
713112,515631,UPI,Paid,182.89
713113,515632,UPI,Paid,160.58
713114,515633,Cash,Paid,86.08
713115,515636,Wallet,Paid,97.82
713116,515638,Card,Paid,124.89
713117,515640,UPI,Paid,144.34
713118,515641,UPI,Paid,163.5
713119,515642,UPI,Paid,234.34
713120,515643,Card,Paid,109.13
713121,515644,UPI,Paid,258.31
713122,515645,Cash,Paid,94.22
713123,515646,Card,Paid,75.35
713124,515647,Cash,Paid,160.97
713125,515649,Cash,Paid,97.57
713126,515650,UPI,Paid,37.27
713127,515651,UPI,Paid,162.93
713128,515654,Cash,Paid,133.05
713129,515656,Wallet,Paid,68.54
713130,515657,UPI,Paid,35.0
713131,515659,UPI,Paid,46.79
713132,515660,UPI,Paid,123.37
713133,515661,UPI,Paid,56.87
713134,515663,UPI,Paid,117.67
713135,515664,Cash,Paid,74.32
713136,515665,UPI,Paid,80.31
713137,515666,Cash,Paid,69.6
713138,515667,UPI,Paid,94.69
713139,515668,UPI,Paid,129.77
713140,515670,Cash,Paid,56.54
713141,515671,UPI,Paid,87.79
713142,515672,UPI,Paid,139.86
713143,515673,Cash,Paid,106.39
713144,515674,UPI,Paid,86.26
713145,515675,Cash,Paid,79.66
713146,515676,Card,Paid,79.25
713147,515677,UPI,Paid,70.25
713148,515679,Cash,Paid,45.97
713149,515681,UPI,Paid,62.12
713150,515682,UPI,Paid,305.82
713151,515683,UPI,Paid,106.86
713152,515684,Card,Paid,86.76
713153,515685,UPI,Paid,63.36
713154,515686,UPI,Paid,64.77
713155,515687,Cash,Paid,103.4
713156,515688,Card,Paid,68.54
713157,515689,Card,Paid,149.35
713158,515690,Card,Paid,68.39
713159,515691,UPI,Paid,97.73
713160,515692,Card,Paid,82.02
713161,515693,Card,Failed,35.0
713162,515694,Card,Paid,49.9
713163,515695,UPI,Paid,100.4
713164,515696,Card,Paid,222.36
713165,515697,Card,Paid,223.59
713166,515698,Card,Paid,238.62
713167,515700,UPI,Paid,88.05
713168,515701,UPI,Paid,67.76
713169,515702,Cash,Paid,67.16
713170,515703,UPI,Paid,71.28
713171,515704,Card,Paid,177.86
713172,515705,UPI,Paid,54.98
713173,515706,UPI,Paid,95.06
713174,515707,Cash,Paid,42.43
713175,515708,Card,Paid,163.07
713176,515709,Wallet,Paid,76.0
713177,515710,UPI,Paid,35.0
713178,515711,UPI,Paid,165.36
713179,515712,UPI,Failed,81.7
713180,515713,Cash,Paid,151.6
713181,515714,Card,Paid,66.78
713182,515715,Card,Paid,136.34
713183,515717,UPI,Paid,68.17
713184,515718,UPI,Paid,74.59
713185,515719,Cash,Paid,122.22
713186,515720,UPI,Paid,35.0
713187,515721,Card,Paid,140.32
713188,515722,Card,Paid,86.06
713189,515723,Cash,Paid,47.04
713190,515724,UPI,Paid,89.05
713191,515725,Cash,Paid,129.79
713192,515726,Card,Paid,123.95
713193,515727,UPI,Paid,84.38
713194,515728,UPI,Paid,246.0
713195,515729,Card,Paid,44.63
713196,515730,UPI,Paid,216.98
713197,515731,Card,Paid,234.01
713198,515732,UPI,Paid,138.63
713199,515733,Card,Paid,54.58
713200,515735,Wallet,Paid,192.42
713201,515737,Cash,Paid,143.64
713202,515738,UPI,Paid,103.5
713203,515740,UPI,Paid,200.71
713204,515741,Card,Paid,87.61
713205,515742,UPI,Paid,68.54
713206,515743,UPI,Paid,145.99
713207,515744,Card,Paid,340.69
713208,515745,UPI,Paid,105.31
713209,515746,UPI,Failed,470.55
713210,515747,UPI,Failed,103.79
713211,515748,Cash,Paid,145.74
713212,515749,UPI,Paid,100.74
713213,515750,Card,Paid,40.39
713214,515751,Cash,Paid,96.14
713215,515752,UPI,Paid,118.43
713216,515753,Card,Paid,87.59
713217,515755,Card,Paid,90.79
713218,515756,Card,Paid,162.38
713219,515757,Cash,Paid,49.43
713220,515758,Wallet,Paid,92.83
713221,515759,UPI,Paid,48.32
713222,515760,UPI,Paid,70.12
713223,515761,Cash,Paid,135.14
713224,515762,UPI,Paid,232.54
713225,515763,UPI,Paid,188.92
713226,515765,Cash,Paid,81.53
713227,515766,Wallet,Paid,69.19
713228,515768,Wallet,Paid,119.48
713229,515770,UPI,Paid,64.3
713230,515772,UPI,Paid,319.91
713231,515773,Card,Paid,262.39
713232,515774,Card,Paid,82.3
713233,515775,UPI,Paid,251.65
713234,515776,Cash,Paid,71.68
713235,515777,UPI,Paid,35.0
713236,515778,UPI,Paid,75.75
713237,515779,UPI,Paid,152.75
713238,515780,UPI,Paid,140.52
713239,515781,UPI,Paid,157.91
713240,515782,Cash,Paid,204.02
713241,515783,Cash,Paid,638.67
713242,515784,Card,Paid,87.73
713243,515785,Cash,Paid,80.06
713244,515786,Cash,Paid,92.09
713245,515787,UPI,Paid,108.1
713246,515788,UPI,Paid,261.47
713247,515789,UPI,Paid,287.25
713248,515790,UPI,Paid,35.0
713249,515791,Card,Paid,59.85
713250,515792,UPI,Paid,59.77
713251,515793,UPI,Paid,79.79
713252,515795,UPI,Paid,81.08
713253,515796,UPI,Paid,107.0
713254,515797,Cash,Paid,103.08
713255,515798,UPI,Paid,118.75
713256,515799,Card,Paid,73.18
713257,515800,UPI,Paid,223.56
713258,515801,UPI,Paid,243.55
713259,515802,UPI,Paid,97.15
713260,515803,UPI,Paid,512.44
713261,515804,Card,Paid,202.61
713262,515805,Wallet,Paid,177.53
713263,515806,UPI,Paid,60.38
713264,515807,Wallet,Paid,111.99
713265,515808,Card,Paid,186.94
713266,515810,UPI,Paid,155.03
713267,515811,UPI,Paid,137.99
713268,515812,UPI,Paid,87.17
713269,515813,Card,Paid,105.37
713270,515815,Wallet,Paid,86.71
713271,515817,Cash,Paid,96.66
713272,515818,Cash,Paid,69.69
713273,515820,UPI,Paid,303.07
713274,515821,Card,Paid,103.44
713275,515822,Card,Paid,56.93
713276,515823,UPI,Paid,108.25
713277,515824,Card,Paid,137.38
713278,515825,UPI,Paid,108.64
713279,515826,Card,Paid,110.19
713280,515827,Wallet,Paid,35.0
713281,515828,UPI,Paid,116.01
713282,515829,Card,Paid,74.94
713283,515830,Cash,Paid,35.0
713284,515831,Cash,Paid,54.35
713285,515832,Wallet,Paid,89.84
713286,515833,Card,Paid,294.86
713287,515834,Cash,Paid,167.42
713288,515835,Card,Paid,53.38
713289,515836,Cash,Paid,164.03
713290,515838,UPI,Paid,107.42
713291,515839,UPI,Paid,102.13
713292,515840,UPI,Paid,153.41
713293,515843,Card,Paid,111.92
713294,515844,Cash,Paid,81.72
713295,515845,UPI,Paid,84.03
713296,515847,UPI,Paid,90.93
713297,515848,UPI,Paid,191.84
713298,515849,Cash,Paid,252.91
713299,515850,Card,Paid,239.54
713300,515851,Card,Paid,48.18
713301,515852,UPI,Paid,41.28
713302,515854,UPI,Paid,74.27
713303,515856,UPI,Paid,75.0
713304,515857,UPI,Paid,103.17
713305,515858,Wallet,Paid,195.37
713306,515859,Card,Paid,148.69
713307,515860,Card,Paid,62.6
713308,515861,UPI,Paid,52.96
713309,515862,Card,Paid,128.49
713310,515863,UPI,Paid,251.15
713311,515864,Cash,Paid,218.82
713312,515866,UPI,Paid,148.64
713313,515867,UPI,Paid,56.48
713314,515868,UPI,Paid,174.87
713315,515869,UPI,Paid,63.18
713316,515870,UPI,Paid,157.07
713317,515871,UPI,Paid,87.09
713318,515872,UPI,Paid,78.57
713319,515873,UPI,Paid,35.0
713320,515875,Card,Paid,66.43
713321,515876,Card,Paid,43.26
713322,515878,Card,Paid,89.76
713323,515879,Cash,Paid,80.33
713324,515880,UPI,Paid,117.56
713325,515881,Card,Paid,102.52
713326,515882,UPI,Paid,45.58
713327,515883,UPI,Paid,109.42
713328,515885,UPI,Paid,253.52
713329,515886,UPI,Paid,66.34
713330,515887,UPI,Paid,79.28
713331,515888,Cash,Paid,115.97
713332,515889,Card,Paid,154.29
713333,515890,UPI,Paid,130.88
713334,515891,UPI,Paid,36.48
713335,515892,UPI,Paid,35.0
713336,515894,UPI,Paid,43.4
713337,515895,UPI,Paid,352.07
713338,515896,Wallet,Paid,69.84
713339,515897,UPI,Paid,156.21
713340,515898,Cash,Paid,109.7
713341,515899,Cash,Paid,47.27
713342,515900,UPI,Paid,57.06
713343,515901,Cash,Paid,51.6
713344,515902,Cash,Paid,78.16
713345,515903,UPI,Paid,42.86
713346,515904,UPI,Paid,49.95
713347,515905,Cash,Paid,168.41
713348,515906,UPI,Paid,105.14
713349,515907,Cash,Paid,35.0
713350,515908,Card,Paid,214.61
713351,515909,Card,Paid,238.61
713352,515910,UPI,Paid,58.22
713353,515911,Card,Paid,73.29
713354,515912,UPI,Paid,181.95
713355,515913,UPI,Paid,115.7
713356,515914,Cash,Paid,40.27
713357,515915,Card,Paid,87.38
713358,515916,Cash,Paid,187.35
713359,515917,Cash,Paid,80.17
713360,515918,Card,Paid,77.23
713361,515919,UPI,Paid,298.97
713362,515921,Wallet,Paid,146.26
713363,515922,Cash,Paid,148.0
713364,515924,UPI,Paid,72.34
713365,515926,UPI,Paid,133.81
713366,515927,Card,Paid,242.68
713367,515928,UPI,Paid,113.96
713368,515930,Wallet,Paid,35.0
713369,515931,Card,Paid,132.59
713370,515932,Wallet,Paid,98.3
713371,515933,UPI,Paid,93.71
713372,515934,Cash,Paid,195.79
713373,515935,UPI,Paid,98.34
713374,515936,UPI,Paid,37.74
713375,515937,Card,Paid,68.26
713376,515938,Card,Paid,170.39
713377,515939,Cash,Paid,45.57
713378,515941,UPI,Paid,60.55
713379,515942,UPI,Paid,302.75
713380,515943,UPI,Paid,96.11
713381,515944,UPI,Paid,77.98
713382,515945,UPI,Paid,95.55
713383,515946,Cash,Paid,231.77
713384,515947,Card,Paid,140.21
713385,515949,UPI,Paid,122.47
713386,515951,Cash,Paid,176.91
713387,515952,UPI,Paid,134.44
713388,515953,UPI,Paid,35.0
713389,515954,Cash,Paid,345.43
713390,515955,UPI,Paid,35.0
713391,515957,UPI,Paid,93.06
713392,515958,Card,Paid,163.48
713393,515959,UPI,Paid,161.3
713394,515960,UPI,Paid,105.45
713395,515961,UPI,Paid,111.04
713396,515962,Cash,Paid,134.16
713397,515963,UPI,Paid,95.86
713398,515964,UPI,Paid,229.38
713399,515965,UPI,Paid,149.8
713400,515966,UPI,Paid,68.68
713401,515967,UPI,Paid,137.44
713402,515968,Wallet,Paid,35.5
713403,515969,Cash,Paid,65.44
713404,515970,Cash,Paid,97.71
713405,515971,Card,Paid,87.19
713406,515972,Card,Paid,114.68
713407,515973,Cash,Paid,118.57
713408,515974,UPI,Paid,35.0
713409,515975,UPI,Failed,94.73
713410,515976,Cash,Paid,38.41
713411,515977,Card,Paid,155.72
713412,515978,Card,Paid,128.59
713413,515979,UPI,Paid,95.7
713414,515981,UPI,Paid,52.81
713415,515982,UPI,Paid,52.98
713416,515983,UPI,Paid,79.19
713417,515984,Cash,Paid,139.03
713418,515986,UPI,Paid,35.61
713419,515987,UPI,Paid,183.93
713420,515988,Card,Paid,35.0
713421,515989,UPI,Paid,92.7
713422,515991,UPI,Paid,220.27
713423,515992,Card,Paid,123.92
713424,515993,Card,Paid,107.32
713425,515994,Cash,Paid,48.31
713426,515995,UPI,Paid,106.92
713427,515997,Card,Paid,165.09
713428,515998,Wallet,Paid,62.42
713429,515999,UPI,Paid,87.43
713430,516000,UPI,Paid,66.08
713431,516001,UPI,Paid,78.17
713432,516002,Card,Failed,36.75
713433,516003,Card,Paid,75.57
713434,516004,UPI,Paid,127.34
713435,516005,UPI,Failed,35.0
713436,516006,UPI,Paid,128.79
713437,516007,Card,Paid,103.8
713438,516008,UPI,Paid,101.99
713439,516009,UPI,Paid,91.37
713440,516010,Card,Paid,59.67
713441,516011,Cash,Paid,157.45
713442,516012,UPI,Paid,45.78
713443,516013,Card,Paid,112.8
713444,516014,UPI,Paid,112.28
713445,516018,UPI,Paid,90.14
713446,516019,UPI,Paid,54.34
713447,516020,UPI,Paid,144.45
713448,516021,Card,Paid,155.81
713449,516022,UPI,Paid,340.43
713450,516024,UPI,Paid,220.03
713451,516025,Cash,Paid,36.09
713452,516026,UPI,Paid,54.05
713453,516027,Card,Paid,404.44
713454,516028,Cash,Paid,116.07
713455,516029,UPI,Paid,71.61
713456,516032,UPI,Paid,79.58
713457,516033,UPI,Paid,40.77
713458,516036,UPI,Paid,165.57
713459,516037,UPI,Paid,54.78
713460,516039,UPI,Paid,47.06
713461,516040,Wallet,Paid,77.53
713462,516041,UPI,Paid,100.93
713463,516042,Cash,Paid,108.89
713464,516043,Cash,Paid,114.22
713465,516044,Card,Paid,78.98
713466,516045,UPI,Paid,142.66
713467,516047,UPI,Paid,111.34
713468,516048,Cash,Paid,167.69
713469,516049,UPI,Paid,187.34
713470,516050,Card,Paid,236.82
713471,516051,UPI,Paid,194.12
713472,516052,Wallet,Paid,121.05
713473,516053,Cash,Paid,103.8
713474,516054,Card,Paid,109.42
713475,516055,UPI,Paid,35.0
713476,516057,UPI,Paid,137.63
713477,516058,Cash,Paid,90.7
713478,516059,UPI,Paid,121.71
713479,516060,UPI,Paid,212.86
713480,516061,Card,Paid,131.34
713481,516062,UPI,Paid,58.17
713482,516063,Cash,Paid,196.33
713483,516064,Cash,Paid,245.76
713484,516066,Cash,Paid,219.24
713485,516069,Card,Paid,108.0
713486,516070,Card,Paid,72.34
713487,516071,Wallet,Paid,217.98
713488,516072,Wallet,Paid,75.09
713489,516073,Card,Paid,42.69
713490,516074,Card,Paid,69.27
713491,516075,Card,Paid,38.34
713492,516076,UPI,Paid,35.0
713493,516077,Cash,Paid,122.61
713494,516078,UPI,Paid,102.55
713495,516079,Card,Paid,94.44
713496,516081,Wallet,Paid,89.98
713497,516082,Card,Paid,72.73
713498,516083,Card,Paid,70.89
713499,516085,Card,Paid,151.2
713500,516086,Cash,Paid,128.17
713501,516087,Card,Paid,168.72
713502,516088,Wallet,Paid,103.55
713503,516090,UPI,Paid,73.37
713504,516091,UPI,Paid,61.51
713505,516092,Card,Paid,42.77
713506,516093,Cash,Paid,263.06
713507,516094,Cash,Paid,167.46
713508,516095,UPI,Paid,115.61
713509,516096,UPI,Failed,115.4
713510,516097,UPI,Paid,167.73
713511,516098,UPI,Paid,56.98
713512,516099,Cash,Paid,130.52
713513,516100,Card,Paid,173.07
713514,516102,UPI,Paid,81.08
713515,516103,UPI,Paid,68.89
713516,516104,UPI,Paid,132.35
713517,516105,UPI,Paid,514.27
713518,516106,Card,Paid,71.87
713519,516107,UPI,Paid,93.57
713520,516108,Card,Paid,54.98
713521,516109,Cash,Paid,267.82
713522,516110,Wallet,Paid,160.13
713523,516111,UPI,Paid,171.04
713524,516112,Cash,Paid,40.37
713525,516113,UPI,Paid,136.41
713526,516114,Cash,Paid,109.31
713527,516115,Cash,Paid,104.36
713528,516116,Card,Paid,131.06
713529,516117,UPI,Paid,151.03
713530,516119,UPI,Paid,221.76
713531,516121,Cash,Paid,68.83
713532,516122,Cash,Paid,182.86
713533,516123,Card,Paid,48.18
713534,516124,UPI,Paid,127.74
713535,516126,UPI,Paid,110.26
713536,516127,Cash,Paid,180.23
713537,516128,Wallet,Paid,98.46
713538,516129,UPI,Paid,46.76
713539,516131,UPI,Paid,91.68
713540,516132,Card,Paid,98.92
713541,516133,UPI,Paid,84.96
713542,516134,UPI,Paid,69.99
713543,516135,UPI,Paid,174.34
713544,516137,Cash,Paid,58.01
713545,516138,Cash,Paid,99.1
713546,516141,Card,Paid,154.02
713547,516142,Card,Paid,297.45
713548,516143,UPI,Paid,48.78
713549,516144,UPI,Paid,58.88
713550,516145,UPI,Paid,100.42
713551,516146,Cash,Paid,95.95
713552,516147,Cash,Paid,123.62
713553,516148,Cash,Paid,92.84
713554,516149,Cash,Paid,183.41
713555,516150,Cash,Paid,253.76
713556,516151,UPI,Paid,136.02
713557,516152,UPI,Paid,61.11
713558,516153,UPI,Paid,150.71
713559,516155,Wallet,Paid,52.22
713560,516157,Card,Paid,100.75
713561,516158,Cash,Paid,73.16
713562,516159,UPI,Paid,51.12
713563,516160,Card,Paid,40.27
713564,516161,UPI,Paid,56.83
713565,516163,UPI,Paid,35.0
713566,516165,Card,Paid,155.56
713567,516166,UPI,Paid,51.47
713568,516167,Wallet,Paid,101.97
713569,516168,UPI,Paid,114.63
713570,516169,Wallet,Paid,122.92
713571,516170,Cash,Paid,58.73
713572,516172,UPI,Paid,188.79
713573,516173,Wallet,Paid,172.78
713574,516175,UPI,Paid,72.67
713575,516176,Card,Paid,258.22
713576,516178,UPI,Paid,79.76
713577,516179,UPI,Paid,88.84
713578,516180,UPI,Paid,126.04
713579,516181,UPI,Failed,102.65
713580,516182,Cash,Paid,146.58
713581,516183,UPI,Paid,294.88
713582,516184,UPI,Paid,148.13
713583,516185,Cash,Paid,153.61
713584,516186,UPI,Paid,35.0
713585,516187,Cash,Paid,95.66
713586,516188,UPI,Paid,180.13
713587,516189,Card,Paid,150.79
713588,516190,Cash,Paid,276.53
713589,516191,Cash,Paid,128.25
713590,516192,Cash,Paid,243.56
713591,516193,Card,Paid,68.84
713592,516194,Wallet,Paid,94.37
713593,516195,Card,Paid,126.83
713594,516196,UPI,Paid,35.0
713595,516198,UPI,Paid,198.83
713596,516199,UPI,Paid,164.99
713597,516200,Card,Paid,81.03
713598,516201,UPI,Paid,127.12
713599,516202,Card,Paid,106.83
713600,516203,UPI,Paid,299.54
713601,516204,Card,Paid,68.11
713602,516205,UPI,Paid,117.81
713603,516206,Wallet,Paid,88.35
713604,516207,Card,Paid,75.96
713605,516208,UPI,Paid,115.56
713606,516210,UPI,Paid,98.47
713607,516211,Card,Paid,67.38
713608,516212,UPI,Paid,60.57
713609,516213,Cash,Paid,278.61
713610,516214,UPI,Paid,148.73
713611,516215,Card,Paid,78.94
713612,516216,UPI,Paid,217.14
713613,516217,Card,Paid,108.88
713614,516218,Cash,Paid,79.69
713615,516219,Card,Paid,103.25
713616,516221,UPI,Paid,77.71
713617,516224,UPI,Paid,123.41
713618,516226,UPI,Failed,81.19
713619,516227,UPI,Paid,60.34
713620,516228,Cash,Paid,68.99
713621,516229,UPI,Paid,88.88
713622,516230,UPI,Paid,69.64
713623,516231,Card,Paid,35.0
713624,516232,Card,Paid,174.05
713625,516233,Card,Paid,89.7
713626,516235,Cash,Paid,83.16
713627,516236,UPI,Paid,39.22
713628,516237,Card,Paid,225.05
713629,516239,UPI,Paid,140.24
713630,516240,UPI,Failed,143.25
713631,516241,UPI,Paid,81.04
713632,516243,Cash,Paid,81.36
713633,516244,UPI,Paid,127.41
713634,516245,UPI,Paid,57.27
713635,516246,Card,Paid,325.45
713636,516247,Card,Paid,69.53
713637,516248,Cash,Paid,125.31
713638,516249,UPI,Paid,105.47
713639,516250,UPI,Paid,81.78
713640,516252,Card,Paid,131.44
713641,516253,Wallet,Paid,93.42
713642,516254,Card,Paid,204.95
713643,516255,Card,Paid,136.4
713644,516257,UPI,Paid,41.25
713645,516258,Card,Paid,80.35
713646,516260,UPI,Paid,122.49
713647,516261,Cash,Paid,115.0
713648,516262,UPI,Paid,132.11
713649,516263,UPI,Paid,77.71
713650,516264,Card,Paid,111.51
713651,516265,UPI,Paid,130.95
713652,516266,UPI,Paid,48.61
713653,516267,UPI,Paid,89.84
713654,516268,UPI,Paid,72.79
713655,516269,Cash,Paid,49.42
713656,516270,Card,Paid,167.48
713657,516271,UPI,Paid,82.29
713658,516272,Card,Paid,54.34
713659,516273,Cash,Paid,152.28
713660,516274,UPI,Paid,81.94
713661,516275,Cash,Paid,64.43
713662,516276,Card,Paid,35.0
713663,516277,UPI,Paid,35.0
713664,516279,UPI,Paid,67.52
713665,516280,Card,Paid,102.78
713666,516281,Card,Paid,158.29
713667,516282,Card,Paid,218.01
713668,516283,Card,Paid,388.39
713669,516284,Wallet,Paid,103.82
713670,516285,Card,Paid,165.89
713671,516286,Cash,Paid,193.81
713672,516287,Cash,Paid,104.26
713673,516288,UPI,Paid,160.51
713674,516289,UPI,Paid,36.7
713675,516290,UPI,Paid,132.46
713676,516291,Wallet,Paid,213.15
713677,516292,Cash,Paid,60.85
713678,516293,Cash,Paid,173.27
713679,516294,UPI,Paid,101.78
713680,516295,Card,Paid,77.06
713681,516296,UPI,Paid,190.13
713682,516298,UPI,Paid,231.51
713683,516299,Cash,Paid,35.0
713684,516300,UPI,Paid,81.3
713685,516301,Cash,Paid,97.41
713686,516302,Cash,Paid,51.73
713687,516304,Cash,Paid,77.13
713688,516305,Card,Paid,140.64
713689,516306,UPI,Paid,61.63
713690,516307,Card,Paid,138.23
713691,516308,Cash,Paid,158.0
713692,516309,UPI,Paid,100.11
713693,516310,UPI,Paid,105.96
713694,516311,Card,Paid,49.47
713695,516312,Cash,Paid,157.42
713696,516313,UPI,Paid,123.26
713697,516314,UPI,Paid,129.19
713698,516315,UPI,Paid,46.69
713699,516316,UPI,Paid,68.78
713700,516317,Card,Paid,68.71
713701,516318,Card,Paid,242.85
713702,516319,UPI,Paid,139.92
713703,516320,Card,Paid,69.78
713704,516321,Card,Paid,96.2
713705,516322,Card,Paid,111.28
713706,516323,Wallet,Paid,179.79
713707,516324,Cash,Paid,56.43
713708,516325,Card,Paid,90.61
713709,516326,Card,Paid,112.3
713710,516327,UPI,Paid,35.0
713711,516328,Card,Paid,79.82
713712,516329,UPI,Paid,53.41
713713,516330,UPI,Paid,97.82
713714,516331,Card,Paid,344.68
713715,516332,UPI,Paid,361.5
713716,516333,UPI,Paid,62.39
713717,516334,Card,Paid,162.07
713718,516336,Cash,Paid,174.6
713719,516337,UPI,Paid,145.74
713720,516338,Cash,Paid,273.54
713721,516339,Card,Paid,77.2
713722,516340,Cash,Paid,43.75
713723,516341,UPI,Paid,246.65
713724,516343,UPI,Paid,46.46
713725,516344,UPI,Paid,97.48
713726,516346,UPI,Paid,119.59
713727,516347,Card,Paid,166.3
713728,516348,UPI,Paid,116.38
713729,516349,UPI,Paid,73.06
713730,516351,Cash,Paid,75.09
713731,516352,Card,Paid,163.19
713732,516354,Card,Paid,123.89
713733,516355,Card,Paid,87.13
713734,516356,UPI,Paid,97.94
713735,516357,Cash,Paid,94.31
713736,516358,UPI,Paid,35.0
713737,516360,Card,Paid,126.51
713738,516361,Cash,Paid,221.5
713739,516362,Card,Paid,182.05
713740,516363,UPI,Paid,35.0
713741,516364,Card,Paid,349.64
713742,516365,UPI,Paid,77.62
713743,516366,Card,Paid,129.33
713744,516367,Card,Paid,84.79
713745,516368,Card,Paid,59.45
713746,516369,UPI,Paid,122.28
713747,516370,UPI,Paid,154.84
713748,516371,UPI,Paid,83.75
713749,516372,UPI,Paid,342.08
713750,516373,UPI,Paid,115.64
713751,516374,Card,Paid,300.63
713752,516375,UPI,Paid,35.0
713753,516377,Wallet,Paid,106.72
713754,516378,Card,Paid,167.08
713755,516379,UPI,Paid,84.0
713756,516380,UPI,Paid,86.55
713757,516381,Cash,Paid,141.66
713758,516383,UPI,Paid,106.84
713759,516384,Cash,Paid,210.0
713760,516385,Card,Paid,92.81
713761,516386,Cash,Paid,46.1
713762,516387,UPI,Paid,120.29
713763,516388,Cash,Paid,37.0
713764,516389,UPI,Paid,161.54
713765,516390,UPI,Paid,193.53
713766,516391,Wallet,Paid,243.68
713767,516392,UPI,Paid,45.91
713768,516393,Card,Paid,336.52
713769,516394,Cash,Paid,115.37
713770,516395,UPI,Paid,44.89
713771,516396,Card,Paid,99.7
713772,516397,Cash,Paid,113.67
713773,516398,Cash,Paid,142.61
713774,516400,Cash,Paid,65.71
713775,516401,Cash,Paid,67.36
713776,516403,Card,Paid,140.94
713777,516404,Card,Paid,84.07
713778,516405,UPI,Paid,82.94
713779,516406,UPI,Paid,55.88
713780,516407,UPI,Paid,99.23
713781,516408,Wallet,Paid,180.5
713782,516409,Wallet,Paid,62.92
713783,516410,Card,Paid,42.82
713784,516411,UPI,Paid,64.71
713785,516412,Cash,Paid,332.09
713786,516413,Cash,Paid,77.7
713787,516414,UPI,Paid,195.32
713788,516415,Card,Paid,89.27
713789,516416,UPI,Paid,35.0
713790,516417,Card,Paid,122.73
713791,516418,UPI,Paid,43.14
713792,516419,Card,Paid,117.44
713793,516420,Card,Paid,76.72
713794,516423,UPI,Paid,37.26
713795,516425,Card,Paid,280.7
713796,516426,UPI,Paid,101.89
713797,516427,UPI,Paid,236.95
713798,516428,Wallet,Paid,417.05
713799,516429,Cash,Paid,69.59
713800,516431,UPI,Paid,284.28
713801,516432,Wallet,Paid,111.73
713802,516433,UPI,Paid,136.75
713803,516434,Card,Paid,159.73
713804,516435,Cash,Paid,159.33
713805,516437,Wallet,Paid,40.79
713806,516439,UPI,Paid,35.0
713807,516440,UPI,Paid,389.37
713808,516441,UPI,Paid,70.71
713809,516442,UPI,Paid,254.02
713810,516443,UPI,Paid,63.72
713811,516444,UPI,Paid,108.27
713812,516445,Cash,Paid,90.71
713813,516446,Card,Paid,65.48
713814,516447,UPI,Paid,157.5
713815,516448,Card,Paid,57.42
713816,516449,UPI,Paid,90.2
713817,516450,UPI,Paid,134.7
713818,516451,Card,Paid,107.83
713819,516452,Card,Paid,52.0
713820,516453,Card,Paid,87.72
713821,516454,Cash,Paid,155.36
713822,516455,UPI,Paid,187.66
713823,516456,UPI,Paid,172.92
713824,516457,UPI,Paid,35.0
713825,516458,UPI,Paid,103.34
713826,516459,UPI,Paid,111.28
713827,516460,Card,Paid,128.55
713828,516461,Card,Paid,173.99
713829,516462,UPI,Paid,54.38
713830,516463,UPI,Paid,75.48
713831,516464,UPI,Paid,69.83
713832,516465,Cash,Paid,148.84
713833,516466,Cash,Paid,112.58
713834,516467,UPI,Paid,102.64
713835,516468,Card,Paid,252.33
713836,516469,UPI,Paid,54.67
713837,516471,Card,Paid,122.41
713838,516472,Cash,Paid,645.78
713839,516473,UPI,Paid,58.34
713840,516474,Wallet,Paid,68.57
713841,516475,Cash,Paid,67.01
713842,516476,Card,Paid,117.81
713843,516477,Wallet,Paid,35.0
713844,516478,UPI,Paid,345.74
713845,516479,Card,Paid,109.34
713846,516480,UPI,Paid,205.43
713847,516481,UPI,Paid,202.06
713848,516482,Cash,Paid,269.7
713849,516483,Wallet,Paid,98.13
713850,516484,Cash,Paid,201.14
713851,516485,UPI,Paid,35.0
713852,516487,Card,Paid,63.36
713853,516488,UPI,Paid,107.34
713854,516489,UPI,Paid,75.01
713855,516490,Card,Paid,210.69
713856,516492,Wallet,Paid,35.0
713857,516493,UPI,Paid,189.05
713858,516494,Card,Paid,65.24
713859,516495,Cash,Paid,110.42
713860,516496,Card,Paid,372.31
713861,516497,Wallet,Paid,117.09
713862,516499,Card,Paid,161.05
713863,516501,Cash,Paid,113.33
713864,516502,UPI,Paid,150.26
713865,516503,UPI,Paid,156.26
713866,516505,Cash,Paid,224.39
713867,516506,Cash,Paid,212.27
713868,516507,Cash,Paid,62.69
713869,516508,Card,Paid,103.95
713870,516509,UPI,Paid,246.27
713871,516510,UPI,Paid,102.58
713872,516511,UPI,Paid,159.84
713873,516512,UPI,Paid,70.29
713874,516513,Card,Paid,85.19
713875,516514,UPI,Paid,87.01
713876,516515,UPI,Paid,146.65
713877,516516,Card,Paid,259.73
713878,516518,UPI,Paid,103.24
713879,516519,Card,Paid,168.1
713880,516520,Cash,Paid,164.36
713881,516521,UPI,Paid,96.85
713882,516522,UPI,Paid,225.44
713883,516523,UPI,Failed,142.17
713884,516525,UPI,Paid,103.96
713885,516527,UPI,Paid,68.23
713886,516528,Cash,Paid,95.88
713887,516529,Cash,Paid,80.18
713888,516531,Card,Paid,82.04
713889,516532,Cash,Paid,213.69
713890,516533,UPI,Paid,64.04
713891,516536,Card,Paid,108.14
713892,516537,Cash,Paid,190.42
713893,516538,UPI,Paid,66.88
713894,516539,Card,Paid,148.2
713895,516540,UPI,Paid,66.92
713896,516541,UPI,Paid,140.79
713897,516542,UPI,Paid,92.5
713898,516543,UPI,Paid,135.92
713899,516546,UPI,Paid,212.68
713900,516547,UPI,Paid,39.51
713901,516548,UPI,Paid,97.67
713902,516549,Cash,Paid,69.89
713903,516550,UPI,Paid,111.13
713904,516551,UPI,Paid,63.57
713905,516552,Wallet,Paid,81.58
713906,516553,UPI,Paid,96.06
713907,516554,Cash,Paid,140.34
713908,516556,UPI,Paid,111.17
713909,516557,UPI,Paid,212.71
713910,516558,Card,Paid,66.37
713911,516560,UPI,Paid,160.03
713912,516561,UPI,Paid,239.53
713913,516562,UPI,Paid,85.67
713914,516563,Cash,Paid,95.38
713915,516565,Wallet,Paid,98.85
713916,516566,Cash,Paid,216.48
713917,516567,UPI,Paid,145.16
713918,516568,Card,Paid,115.19
713919,516569,UPI,Paid,238.68
713920,516572,Card,Paid,166.47
713921,516573,UPI,Paid,257.27
713922,516574,Card,Paid,83.32
713923,516575,Card,Paid,37.0
713924,516576,Cash,Paid,125.43
713925,516577,Cash,Paid,96.06
713926,516579,UPI,Paid,77.91
713927,516583,Cash,Paid,155.74
713928,516584,Cash,Paid,187.91
713929,516585,UPI,Paid,86.08
713930,516586,Card,Paid,77.84
713931,516587,Cash,Paid,224.49
713932,516588,UPI,Paid,245.83
713933,516590,Card,Paid,62.41
713934,516591,Cash,Paid,152.41
713935,516592,Cash,Paid,73.21
713936,516593,Card,Paid,75.83
713937,516594,UPI,Paid,176.68
713938,516595,Card,Paid,136.87
713939,516596,UPI,Paid,51.01
713940,516597,Wallet,Paid,50.62
713941,516598,Wallet,Paid,38.36
713942,516599,Card,Paid,85.4
713943,516600,Card,Paid,52.85
713944,516601,Cash,Paid,145.58
713945,516602,UPI,Paid,150.47
713946,516603,UPI,Paid,50.06
713947,516604,UPI,Paid,45.2
713948,516605,Card,Paid,36.54
713949,516606,Card,Paid,63.39
713950,516607,UPI,Paid,83.26
713951,516608,Wallet,Paid,133.79
713952,516609,Cash,Paid,123.99
713953,516610,Wallet,Paid,131.34
713954,516611,UPI,Failed,50.9
713955,516613,Card,Paid,35.0
713956,516614,Card,Paid,151.27
713957,516615,Card,Paid,105.54
713958,516616,UPI,Paid,117.79
713959,516617,UPI,Paid,273.87
713960,516618,Cash,Paid,119.63
713961,516619,Cash,Paid,74.59
713962,516620,Card,Paid,108.14
713963,516621,Cash,Paid,76.48
713964,516622,Cash,Paid,97.49
713965,516623,UPI,Paid,157.47
713966,516624,UPI,Paid,86.54
713967,516625,UPI,Paid,50.45
713968,516626,UPI,Paid,68.1
713969,516630,Card,Paid,97.47
713970,516631,Card,Paid,35.0
713971,516632,Card,Paid,86.44
713972,516633,UPI,Paid,167.2
713973,516634,Cash,Paid,40.68
713974,516635,Cash,Paid,202.44
713975,516636,UPI,Paid,97.21
713976,516637,UPI,Paid,35.0
713977,516638,Card,Paid,45.51
713978,516639,UPI,Paid,215.04
713979,516640,UPI,Paid,83.08
713980,516642,Cash,Paid,122.44
713981,516643,UPI,Paid,190.83
713982,516644,Card,Paid,118.13
713983,516645,Card,Paid,152.32
713984,516646,UPI,Paid,123.03
713985,516647,UPI,Paid,59.65
713986,516648,Cash,Paid,236.75
713987,516649,UPI,Paid,154.4
713988,516651,UPI,Paid,39.23
713989,516652,UPI,Paid,236.43
713990,516653,Wallet,Paid,44.13
713991,516654,Card,Paid,194.54
713992,516655,Wallet,Paid,55.69
713993,516657,UPI,Paid,62.99
713994,516658,Card,Paid,78.42
713995,516659,Card,Paid,79.1
713996,516660,UPI,Paid,53.55
713997,516661,UPI,Paid,71.19
713998,516662,Wallet,Paid,109.98
713999,516663,UPI,Paid,155.13
714000,516664,Card,Paid,95.32
714001,516666,Card,Paid,120.98
714002,516667,Wallet,Paid,35.0
714003,516668,UPI,Paid,264.84
714004,516669,UPI,Paid,104.41
714005,516670,Cash,Paid,231.57
714006,516671,UPI,Paid,75.45
714007,516673,Wallet,Paid,120.49
714008,516674,Cash,Paid,77.17
714009,516677,Cash,Paid,96.1
714010,516678,Cash,Paid,81.0
714011,516679,UPI,Paid,424.54
714012,516680,UPI,Paid,59.93
714013,516682,Cash,Paid,226.69
714014,516683,Wallet,Paid,88.4
714015,516684,Card,Paid,92.39
714016,516685,Card,Paid,87.11
714017,516686,UPI,Paid,250.34
714018,516687,Cash,Paid,68.38
714019,516688,UPI,Paid,35.88
714020,516689,UPI,Paid,323.04
714021,516690,Card,Paid,91.93
714022,516691,Cash,Paid,50.15
714023,516692,Cash,Paid,84.54
714024,516693,Cash,Paid,119.59
714025,516694,Card,Paid,79.91
714026,516695,UPI,Paid,73.64
714027,516696,Wallet,Paid,170.04
714028,516697,UPI,Paid,64.72
714029,516698,Card,Paid,98.61
714030,516699,UPI,Paid,89.51
714031,516700,UPI,Paid,90.79
714032,516701,UPI,Paid,87.2
714033,516702,UPI,Paid,96.34
714034,516703,UPI,Paid,126.96
714035,516704,Card,Paid,198.66
714036,516705,Cash,Paid,91.07
714037,516706,Cash,Paid,172.41
714038,516707,Card,Paid,212.85
714039,516708,UPI,Paid,54.69
714040,516709,Wallet,Paid,42.95
714041,516711,Cash,Paid,166.37
714042,516712,UPI,Paid,94.94
714043,516713,Cash,Paid,103.98
714044,516714,UPI,Paid,104.93
714045,516715,Cash,Paid,102.61
714046,516717,Wallet,Paid,68.21
714047,516718,Card,Paid,73.6
714048,516719,UPI,Paid,35.0
714049,516720,Card,Paid,128.02
714050,516721,Wallet,Paid,102.88
714051,516722,Cash,Paid,93.48
714052,516723,Wallet,Paid,72.77
714053,516724,Card,Paid,166.1
714054,516725,Wallet,Paid,203.23
714055,516726,UPI,Paid,234.94
714056,516729,Cash,Paid,75.17
714057,516731,UPI,Paid,99.18
714058,516732,UPI,Paid,442.68
714059,516733,Card,Paid,342.67
714060,516734,Card,Paid,48.33
714061,516735,UPI,Paid,129.53
714062,516736,UPI,Paid,168.1
714063,516738,Cash,Paid,154.88
714064,516739,UPI,Paid,116.6
714065,516740,Card,Paid,138.63
714066,516741,Cash,Paid,174.75
714067,516742,Card,Paid,35.0
714068,516743,Card,Paid,61.42
714069,516744,Cash,Paid,41.32
714070,516745,UPI,Paid,81.63
714071,516746,Card,Paid,92.29
714072,516747,Cash,Paid,169.62
714073,516748,Cash,Paid,222.67
714074,516749,Cash,Paid,93.04
714075,516750,Cash,Paid,110.29
714076,516751,UPI,Paid,185.26
714077,516752,Cash,Paid,87.58
714078,516755,Card,Failed,71.01
714079,516756,UPI,Paid,106.69
714080,516757,Cash,Paid,243.03
714081,516758,Card,Paid,412.31
714082,516759,Wallet,Paid,139.72
714083,516760,Card,Paid,95.61
714084,516762,UPI,Paid,111.01
714085,516765,UPI,Paid,113.17
714086,516767,Cash,Paid,170.32
714087,516768,Card,Paid,62.48
714088,516769,Cash,Paid,117.04
714089,516770,UPI,Paid,233.56
714090,516771,UPI,Paid,56.64
714091,516772,UPI,Paid,35.0
714092,516773,Cash,Paid,35.0
714093,516774,UPI,Paid,75.29
714094,516775,UPI,Paid,135.59
714095,516776,UPI,Paid,35.0
714096,516777,Cash,Paid,174.11
714097,516778,UPI,Paid,76.71
714098,516780,UPI,Paid,174.26
714099,516781,Card,Paid,166.82
714100,516782,Card,Paid,90.6
714101,516783,UPI,Paid,88.09
714102,516784,UPI,Paid,57.47
714103,516786,Card,Paid,35.0
714104,516790,UPI,Paid,213.19
714105,516792,Card,Paid,76.92
714106,516793,UPI,Paid,82.92
714107,516794,UPI,Paid,53.65
714108,516796,UPI,Paid,172.52
714109,516797,UPI,Paid,187.28
714110,516798,Cash,Paid,47.28
714111,516799,UPI,Paid,132.78
714112,516800,Wallet,Paid,101.55
714113,516802,Cash,Paid,245.72
714114,516803,UPI,Paid,133.03
714115,516804,UPI,Paid,79.32
714116,516805,UPI,Paid,103.21
714117,516806,Cash,Paid,83.11
714118,516807,Wallet,Paid,269.93
714119,516808,Cash,Paid,218.51
714120,516809,Card,Paid,113.95
714121,516811,Card,Paid,73.6
714122,516812,Card,Paid,252.32
714123,516813,UPI,Paid,130.25
714124,516814,Cash,Paid,220.8
714125,516815,UPI,Paid,106.21
714126,516816,UPI,Paid,97.6
714127,516818,UPI,Paid,87.81
714128,516819,UPI,Paid,86.88
714129,516820,UPI,Paid,95.94
714130,516821,UPI,Paid,38.5
714131,516822,UPI,Paid,88.69
714132,516823,Wallet,Paid,147.92
714133,516824,UPI,Paid,37.22
714134,516825,UPI,Paid,35.0
714135,516826,UPI,Paid,160.88
714136,516828,UPI,Paid,197.7
714137,516829,Card,Paid,68.69
714138,516830,UPI,Paid,74.84
714139,516831,UPI,Paid,105.54
714140,516833,Card,Paid,99.64
714141,516834,UPI,Paid,160.04
714142,516835,Card,Paid,47.81
714143,516836,UPI,Paid,128.61
714144,516837,Card,Paid,151.32
714145,516838,UPI,Paid,103.65
714146,516839,Wallet,Paid,119.39
714147,516840,Wallet,Paid,92.73
714148,516841,Cash,Paid,77.66
714149,516842,UPI,Paid,65.27
714150,516843,UPI,Paid,292.09
714151,516844,Card,Paid,124.58
714152,516845,Cash,Paid,125.08
714153,516846,Card,Paid,81.7
714154,516847,UPI,Paid,64.82
714155,516849,Cash,Paid,78.42
714156,516850,UPI,Paid,35.0
714157,516851,Cash,Paid,132.64
714158,516852,UPI,Paid,87.09
714159,516853,Card,Paid,63.85
714160,516854,UPI,Paid,114.43
714161,516855,Card,Paid,249.7
714162,516856,Card,Paid,67.61
714163,516857,UPI,Paid,41.58
714164,516858,Card,Paid,187.59
714165,516860,UPI,Paid,38.36
714166,516861,Card,Paid,77.06
714167,516862,UPI,Paid,60.61
714168,516863,UPI,Paid,106.71
714169,516864,Card,Paid,150.2
714170,516865,UPI,Paid,236.68
714171,516866,Cash,Paid,464.49
714172,516868,UPI,Paid,62.0
714173,516869,UPI,Paid,509.73
714174,516870,Card,Paid,35.81
714175,516871,UPI,Paid,80.17
714176,516872,UPI,Paid,35.0
714177,516873,UPI,Paid,124.9
714178,516874,Card,Paid,161.22
714179,516875,Cash,Paid,108.95
714180,516876,UPI,Paid,133.66
714181,516877,Card,Paid,102.83
714182,516878,Cash,Paid,199.13
714183,516881,Wallet,Paid,56.73
714184,516882,UPI,Paid,117.86
714185,516883,Wallet,Paid,86.36
714186,516885,Cash,Paid,85.67
714187,516886,UPI,Paid,408.16
714188,516887,UPI,Paid,35.5
714189,516888,Cash,Paid,103.6
714190,516889,Cash,Paid,174.18
714191,516890,Cash,Paid,96.69
714192,516891,UPI,Paid,134.4
714193,516892,UPI,Paid,322.86
714194,516893,Card,Paid,70.45
714195,516894,UPI,Paid,399.38
714196,516895,Card,Paid,209.77
714197,516896,UPI,Paid,294.69
714198,516897,UPI,Paid,214.34
714199,516898,UPI,Paid,63.59
714200,516899,Cash,Paid,137.89
714201,516901,UPI,Paid,279.99
714202,516902,Card,Paid,123.44
714203,516903,Cash,Paid,84.42
714204,516904,UPI,Paid,111.56
714205,516905,Card,Paid,58.64
714206,516906,Wallet,Paid,48.52
714207,516908,UPI,Paid,48.77
714208,516909,UPI,Paid,63.18
714209,516911,Cash,Paid,101.67
714210,516912,UPI,Paid,146.75
714211,516913,Card,Paid,273.45
714212,516914,UPI,Paid,90.97
714213,516915,Card,Paid,99.75
714214,516916,Wallet,Paid,124.92
714215,516917,Card,Paid,222.48
714216,516918,Cash,Paid,76.17
714217,516920,UPI,Paid,101.29
714218,516921,Cash,Paid,143.27
714219,516922,Card,Paid,76.16
714220,516923,Cash,Paid,141.71
714221,516924,Card,Paid,121.79
714222,516927,Card,Paid,70.89
714223,516929,UPI,Paid,50.39
714224,516930,UPI,Paid,35.0
714225,516932,UPI,Paid,60.79
714226,516933,Card,Paid,527.1
714227,516934,Card,Paid,35.0
714228,516935,UPI,Paid,72.54
714229,516936,UPI,Paid,102.58
714230,516937,Card,Paid,173.44
714231,516939,Cash,Paid,98.46
714232,516941,Cash,Paid,124.74
714233,516943,UPI,Paid,120.15
714234,516944,UPI,Paid,68.68
714235,516946,Cash,Paid,212.23
714236,516947,UPI,Paid,69.67
714237,516948,Cash,Paid,75.09
714238,516949,Cash,Paid,147.97
714239,516950,UPI,Paid,85.83
714240,516951,Wallet,Paid,35.0
714241,516952,UPI,Paid,117.47
714242,516953,Card,Paid,55.54
714243,516954,Cash,Paid,97.44
714244,516955,Card,Paid,142.48
714245,516957,UPI,Paid,135.69
714246,516958,Card,Paid,179.73
714247,516959,Card,Paid,158.02
714248,516960,UPI,Paid,165.22
714249,516961,UPI,Failed,225.12
714250,516963,UPI,Paid,130.19
714251,516964,UPI,Paid,118.09
714252,516965,UPI,Paid,68.46
714253,516966,UPI,Paid,81.96
714254,516967,UPI,Paid,136.66
714255,516968,UPI,Paid,301.75
714256,516969,Wallet,Paid,143.15
714257,516970,Cash,Failed,91.84
714258,516971,UPI,Paid,101.5
714259,516972,UPI,Paid,51.71
714260,516974,Cash,Paid,69.41
714261,516975,Cash,Paid,66.62
714262,516976,Card,Paid,59.03
714263,516977,UPI,Paid,63.66
714264,516978,UPI,Paid,95.86
714265,516979,UPI,Paid,35.0
714266,516980,Wallet,Paid,111.82
714267,516981,Cash,Paid,266.69
714268,516983,UPI,Paid,45.37
714269,516984,Card,Paid,178.27
714270,516985,Card,Paid,117.15
714271,516986,Card,Paid,54.78
714272,516987,Cash,Paid,147.58
714273,516988,UPI,Paid,329.77
714274,516989,Cash,Paid,73.65
714275,516990,Card,Paid,118.12
714276,516992,UPI,Paid,112.02
714277,516993,Card,Paid,235.11
714278,516994,UPI,Paid,138.01
714279,516995,UPI,Paid,102.21
714280,516996,Wallet,Paid,67.07
714281,516997,UPI,Paid,91.8
714282,516998,Card,Paid,208.18
714283,516999,Card,Paid,109.28
714284,517000,UPI,Paid,245.01
714285,517001,UPI,Paid,65.17
714286,517002,UPI,Paid,137.91
714287,517003,Card,Paid,205.78
714288,517004,UPI,Paid,35.0
714289,517005,Card,Paid,96.8
714290,517006,UPI,Paid,100.64
714291,517007,UPI,Paid,164.59
714292,517008,Cash,Paid,181.01
714293,517009,UPI,Paid,35.0
714294,517010,UPI,Paid,84.36
714295,517011,Card,Paid,55.68
714296,517012,Card,Paid,82.29
714297,517013,UPI,Paid,40.48
714298,517014,UPI,Paid,128.73
714299,517015,UPI,Paid,86.68
714300,517016,Card,Paid,281.63
714301,517017,Cash,Paid,170.74
714302,517018,Card,Paid,176.69
714303,517019,Card,Paid,111.64
714304,517020,Card,Paid,69.7
714305,517021,UPI,Paid,108.15
714306,517023,UPI,Paid,59.58
714307,517025,UPI,Paid,145.02
714308,517026,UPI,Paid,67.52
714309,517027,Card,Paid,105.1
714310,517028,Card,Paid,119.98
714311,517029,Cash,Paid,52.58
714312,517030,UPI,Paid,111.49
714313,517031,Cash,Paid,271.65
714314,517032,Cash,Paid,324.0
714315,517033,Card,Paid,44.73
714316,517035,Card,Paid,49.98
714317,517036,Card,Paid,114.71
714318,517037,Cash,Paid,361.28
714319,517038,UPI,Paid,58.88
714320,517039,UPI,Paid,153.42
714321,517040,Card,Paid,116.5
714322,517041,Cash,Paid,190.39
714323,517043,UPI,Paid,35.42
714324,517044,UPI,Paid,150.47
714325,517045,UPI,Paid,185.34
714326,517046,Card,Paid,269.7
714327,517047,Cash,Paid,154.55
714328,517048,UPI,Paid,179.46
714329,517049,UPI,Paid,55.18
714330,517050,UPI,Paid,42.31
714331,517051,UPI,Paid,77.25
714332,517053,Card,Paid,66.15
714333,517054,UPI,Paid,53.49
714334,517056,Card,Paid,202.09
714335,517058,UPI,Paid,35.0
714336,517059,Card,Paid,141.94
714337,517060,Wallet,Paid,257.95
714338,517061,Cash,Paid,87.16
714339,517062,UPI,Paid,133.29
714340,517063,Card,Paid,54.56
714341,517065,Wallet,Paid,141.51
714342,517066,UPI,Paid,105.89
714343,517067,Cash,Paid,126.5
714344,517069,Card,Paid,126.35
714345,517070,UPI,Paid,193.71
714346,517071,UPI,Paid,121.38
714347,517072,Card,Paid,128.86
714348,517074,UPI,Paid,92.0
714349,517075,Cash,Paid,150.49
714350,517076,Card,Paid,111.54
714351,517077,Cash,Paid,35.0
714352,517079,Cash,Paid,195.51
714353,517081,Cash,Paid,35.0
714354,517083,UPI,Paid,122.04
714355,517084,Cash,Paid,83.63
714356,517085,Cash,Paid,45.38
714357,517086,Card,Paid,35.0
714358,517089,Wallet,Paid,117.99
714359,517090,Cash,Paid,128.31
714360,517091,Card,Paid,173.24
714361,517092,Card,Paid,98.65
714362,517093,Wallet,Paid,189.16
714363,517095,UPI,Paid,195.77
714364,517096,UPI,Paid,65.97
714365,517097,UPI,Paid,143.2
714366,517098,Card,Paid,133.6
714367,517099,UPI,Paid,167.08
714368,517100,UPI,Paid,212.31
714369,517103,UPI,Paid,215.16
714370,517104,Card,Paid,86.91
714371,517107,Card,Paid,108.0
714372,517108,UPI,Paid,115.51
714373,517109,UPI,Paid,89.52
714374,517111,UPI,Paid,214.11
714375,517113,Card,Paid,93.91
714376,517114,Card,Paid,45.14
714377,517115,Wallet,Paid,98.95
714378,517116,Cash,Paid,104.2
714379,517118,Card,Paid,96.22
714380,517119,UPI,Paid,66.44
714381,517121,UPI,Paid,58.71
714382,517122,UPI,Paid,246.24
714383,517123,Cash,Paid,124.04
714384,517124,UPI,Paid,169.01
714385,517125,UPI,Paid,161.72
714386,517126,UPI,Paid,113.2
714387,517127,UPI,Paid,213.92
714388,517128,Cash,Paid,64.09
714389,517129,Card,Paid,208.5
714390,517130,UPI,Paid,125.23
714391,517132,Card,Paid,216.3
714392,517133,Card,Paid,67.3
714393,517134,Card,Paid,42.9
714394,517135,Wallet,Paid,213.93
714395,517138,UPI,Paid,70.78
714396,517139,Card,Paid,35.0
714397,517140,Card,Paid,51.11
714398,517141,UPI,Paid,168.06
714399,517142,UPI,Paid,38.16
714400,517143,UPI,Paid,114.9
714401,517144,Cash,Paid,99.95
714402,517145,Cash,Paid,130.86
714403,517146,UPI,Paid,39.14
714404,517149,Cash,Paid,63.05
714405,517150,UPI,Paid,59.83
714406,517151,Cash,Paid,47.69
714407,517153,Card,Paid,228.36
714408,517154,Card,Paid,91.59
714409,517155,Wallet,Paid,175.09
714410,517156,UPI,Paid,92.74
714411,517157,UPI,Paid,173.05
714412,517158,UPI,Paid,91.82
714413,517159,Card,Paid,79.91
714414,517160,UPI,Paid,231.42
714415,517161,UPI,Paid,38.62
714416,517163,Card,Paid,35.0
714417,517165,Cash,Paid,53.75
714418,517166,UPI,Paid,125.15
714419,517167,Card,Paid,107.14
714420,517168,UPI,Paid,35.0
714421,517169,UPI,Paid,105.17
714422,517170,UPI,Paid,191.37
714423,517171,UPI,Paid,42.67
714424,517172,Card,Paid,120.4
714425,517173,Wallet,Paid,102.05
714426,517174,UPI,Paid,97.02
714427,517175,UPI,Paid,132.39
714428,517176,Card,Paid,156.04
714429,517177,Card,Paid,99.29
714430,517179,UPI,Paid,73.5
714431,517180,Cash,Paid,35.0
714432,517181,Cash,Paid,83.54
714433,517182,UPI,Paid,107.78
714434,517183,UPI,Paid,96.22
714435,517186,UPI,Paid,250.21
714436,517187,UPI,Paid,179.09
714437,517188,Wallet,Paid,67.15
714438,517189,UPI,Paid,73.2
714439,517190,UPI,Paid,37.27
714440,517192,UPI,Paid,146.19
714441,517193,UPI,Paid,58.51
714442,517194,UPI,Paid,87.16
714443,517195,UPI,Paid,70.21
714444,517196,Cash,Paid,114.34
714445,517198,Card,Paid,76.84
714446,517201,Card,Paid,64.79
714447,517202,Cash,Paid,179.69
714448,517203,UPI,Paid,91.22
714449,517204,UPI,Paid,85.47
714450,517206,Card,Paid,154.06
714451,517208,Card,Paid,130.28
714452,517209,Card,Paid,103.57
714453,517210,Card,Paid,106.44
714454,517211,Wallet,Paid,65.49
714455,517212,UPI,Paid,81.51
714456,517213,UPI,Paid,35.0
714457,517214,Cash,Paid,138.42
714458,517215,UPI,Paid,54.6
714459,517217,Card,Paid,335.82
714460,517218,UPI,Paid,65.61
714461,517220,Cash,Paid,39.7
714462,517221,Card,Paid,125.6
714463,517222,Cash,Paid,182.72
714464,517223,Wallet,Paid,195.71
714465,517224,Card,Paid,200.42
714466,517225,Card,Paid,229.21
714467,517226,UPI,Paid,97.32
714468,517227,UPI,Paid,72.57
714469,517228,Card,Paid,59.64
714470,517229,Card,Paid,241.38
714471,517230,UPI,Paid,36.76
714472,517231,Card,Paid,199.3
714473,517232,UPI,Paid,219.58
714474,517235,Card,Paid,225.75
714475,517236,UPI,Paid,61.57
714476,517238,UPI,Paid,68.86
714477,517241,UPI,Paid,101.93
714478,517242,Cash,Paid,51.93
714479,517243,UPI,Paid,227.16
714480,517244,UPI,Failed,148.43
714481,517245,Cash,Paid,44.98
714482,517246,UPI,Paid,103.25
714483,517247,Cash,Paid,100.72
714484,517248,UPI,Paid,91.41
714485,517249,UPI,Paid,70.84
714486,517250,Card,Paid,194.15
714487,517251,UPI,Paid,69.71
714488,517252,Cash,Paid,91.82
714489,517254,Card,Paid,78.66
714490,517255,Cash,Paid,72.91
714491,517256,Card,Paid,161.9
714492,517257,UPI,Paid,101.27
714493,517258,Card,Paid,299.73
714494,517259,UPI,Paid,52.74
714495,517260,Card,Paid,200.82
714496,517261,UPI,Paid,72.3
714497,517262,UPI,Paid,131.92
714498,517265,Cash,Paid,216.94
714499,517266,Wallet,Paid,227.65
714500,517267,UPI,Paid,56.68
714501,517269,Card,Paid,60.94
714502,517270,Wallet,Paid,68.31
714503,517271,UPI,Paid,211.9
714504,517272,UPI,Paid,160.87
714505,517273,UPI,Paid,71.7
714506,517274,UPI,Paid,152.6
714507,517275,UPI,Paid,165.93
714508,517276,Card,Paid,76.48
714509,517277,UPI,Paid,175.77
714510,517279,UPI,Paid,160.66
714511,517280,Cash,Paid,329.68
714512,517281,Wallet,Paid,189.32
714513,517282,UPI,Paid,62.72
714514,517283,UPI,Paid,114.6
714515,517284,Cash,Paid,119.71
714516,517285,Card,Paid,81.17
714517,517286,Card,Paid,47.17
714518,517287,UPI,Paid,80.29
714519,517288,UPI,Paid,94.48
714520,517289,UPI,Paid,110.52
714521,517290,UPI,Paid,136.37
714522,517292,Card,Paid,304.09
714523,517293,Card,Paid,152.22
714524,517294,Card,Paid,84.52
714525,517295,Card,Paid,157.49
714526,517296,Cash,Paid,78.46
714527,517297,UPI,Paid,48.39
714528,517298,UPI,Paid,141.0
714529,517299,UPI,Paid,144.74
714530,517300,UPI,Paid,35.0
714531,517301,Cash,Paid,275.35
714532,517302,UPI,Paid,228.59
714533,517304,UPI,Paid,79.82
714534,517308,Cash,Paid,127.04
714535,517309,Cash,Paid,94.55
714536,517311,Cash,Paid,95.75
714537,517312,Card,Paid,81.72
714538,517313,UPI,Paid,35.0
714539,517314,Cash,Paid,170.15
714540,517315,UPI,Paid,155.99
714541,517316,UPI,Paid,42.57
714542,517317,Card,Paid,76.62
714543,517318,UPI,Paid,120.84
714544,517321,Card,Paid,107.08
714545,517322,Card,Paid,186.97
714546,517323,Cash,Paid,126.69
714547,517324,UPI,Paid,35.0
714548,517326,UPI,Paid,377.85
714549,517328,Cash,Paid,163.04
714550,517329,Card,Paid,126.07
714551,517330,Card,Paid,280.83
714552,517331,UPI,Paid,184.29
714553,517332,Cash,Paid,116.63
714554,517333,UPI,Paid,160.34
714555,517334,UPI,Paid,199.92
714556,517335,UPI,Paid,189.87
714557,517336,Card,Paid,73.68
714558,517337,Wallet,Paid,80.74
714559,517339,UPI,Paid,136.91
714560,517340,UPI,Paid,91.2
714561,517341,Card,Paid,78.92
714562,517342,UPI,Paid,247.07
714563,517343,UPI,Paid,89.62
714564,517344,UPI,Paid,96.94
714565,517345,Cash,Paid,90.62
714566,517346,Cash,Paid,55.31
714567,517349,Card,Paid,121.29
714568,517350,UPI,Paid,157.38
714569,517351,UPI,Paid,135.84
714570,517352,UPI,Paid,351.04
714571,517353,UPI,Paid,59.28
714572,517354,UPI,Paid,156.55
714573,517355,Cash,Paid,151.31
714574,517356,UPI,Paid,167.14
714575,517357,Card,Paid,71.48
714576,517358,UPI,Paid,106.75
714577,517359,UPI,Paid,127.42
714578,517360,UPI,Paid,195.41
714579,517361,UPI,Paid,136.24
714580,517362,UPI,Paid,153.28
714581,517363,Wallet,Paid,231.68
714582,517364,UPI,Paid,101.6
714583,517366,UPI,Paid,77.51
714584,517367,UPI,Paid,59.92
714585,517368,UPI,Failed,36.74
714586,517369,Card,Failed,169.93
714587,517372,Cash,Paid,64.92
714588,517374,Wallet,Paid,107.61
714589,517375,Cash,Paid,238.88
714590,517376,Wallet,Paid,136.17
714591,517377,UPI,Paid,257.3
714592,517378,Card,Paid,126.35
714593,517379,Card,Paid,199.56
714594,517380,Wallet,Paid,42.6
714595,517381,Card,Paid,142.48
714596,517382,UPI,Paid,64.07
714597,517383,UPI,Paid,94.84
714598,517384,UPI,Paid,97.82
714599,517385,UPI,Paid,115.87
714600,517386,Wallet,Paid,140.44
714601,517388,Wallet,Paid,111.42
714602,517389,UPI,Paid,61.06
714603,517390,UPI,Paid,121.41
714604,517392,Card,Paid,426.46
714605,517393,Card,Paid,40.66
714606,517395,UPI,Paid,255.09
714607,517396,Cash,Paid,205.99
714608,517397,Card,Paid,180.57
714609,517398,Card,Paid,47.22
714610,517399,Cash,Paid,73.34
714611,517400,Cash,Paid,137.06
714612,517401,UPI,Paid,83.08
714613,517402,UPI,Paid,92.05
714614,517403,UPI,Failed,35.0
714615,517404,UPI,Paid,80.07
714616,517405,UPI,Paid,118.12
714617,517407,Cash,Paid,151.41
714618,517408,Wallet,Paid,135.53
714619,517409,UPI,Paid,90.25
714620,517410,Wallet,Paid,142.39
714621,517411,Cash,Paid,211.26
714622,517412,UPI,Paid,142.76
714623,517413,Cash,Paid,59.61
714624,517414,Cash,Paid,41.5
714625,517415,Wallet,Paid,50.43
714626,517419,UPI,Paid,246.04
714627,517420,UPI,Paid,63.48
714628,517421,Card,Paid,209.43
714629,517422,Card,Paid,110.47
714630,517423,Card,Paid,141.16
714631,517424,Cash,Paid,214.86
714632,517425,UPI,Paid,81.94
714633,517426,Cash,Paid,112.45
714634,517427,Cash,Paid,227.77
714635,517429,Cash,Paid,35.0
714636,517431,UPI,Paid,85.93
714637,517432,Card,Paid,41.07
714638,517433,Card,Paid,80.19
714639,517434,UPI,Paid,43.81
714640,517435,Card,Paid,192.28
714641,517437,Card,Paid,64.93
714642,517438,Wallet,Failed,104.73
714643,517439,UPI,Paid,148.55
714644,517440,Cash,Paid,59.68
714645,517441,Cash,Paid,80.12
714646,517443,Card,Paid,153.22
714647,517444,UPI,Paid,67.52
714648,517445,Cash,Paid,58.09
714649,517447,UPI,Paid,133.91
714650,517448,Cash,Paid,78.06
714651,517449,UPI,Paid,87.79
714652,517450,UPI,Paid,85.59
714653,517451,Wallet,Paid,95.78
714654,517452,Card,Paid,100.64
714655,517453,UPI,Paid,120.21
714656,517455,Wallet,Paid,164.34
714657,517456,UPI,Paid,201.04
714658,517457,Cash,Paid,81.03
714659,517458,Cash,Paid,130.37
714660,517459,Cash,Failed,114.79
714661,517462,Card,Paid,99.38
714662,517463,UPI,Paid,106.05
714663,517464,Cash,Paid,149.53
714664,517465,Cash,Paid,71.22
714665,517466,Wallet,Paid,99.15
714666,517467,UPI,Paid,173.01
714667,517468,Cash,Paid,39.6
714668,517469,UPI,Paid,97.25
714669,517470,Card,Paid,141.98
714670,517471,UPI,Paid,90.87
714671,517472,Cash,Paid,135.67
714672,517473,UPI,Paid,52.6
714673,517474,Card,Paid,35.0
714674,517475,Cash,Paid,128.65
714675,517476,UPI,Paid,57.08
714676,517478,Wallet,Paid,49.9
714677,517479,Card,Paid,198.23
714678,517480,Wallet,Paid,44.47
714679,517481,Cash,Paid,101.92
714680,517482,Wallet,Paid,120.4
714681,517483,UPI,Paid,79.78
714682,517484,UPI,Paid,53.55
714683,517485,Card,Paid,51.5
714684,517486,Cash,Paid,44.39
714685,517487,UPI,Paid,61.74
714686,517488,UPI,Paid,35.0
714687,517489,UPI,Paid,143.35
714688,517490,UPI,Paid,81.3
714689,517492,Card,Paid,91.37
714690,517493,UPI,Paid,39.4
714691,517494,Card,Paid,82.74
714692,517495,UPI,Paid,81.83
714693,517496,Wallet,Paid,278.95
714694,517497,Wallet,Paid,69.45
714695,517498,UPI,Paid,41.2
714696,517499,Card,Paid,35.0
714697,517500,Card,Paid,105.48
714698,517501,Card,Paid,117.66
714699,517502,Cash,Paid,138.6
714700,517503,UPI,Paid,180.45
714701,517504,UPI,Paid,70.86
714702,517505,UPI,Paid,112.93
714703,517508,UPI,Paid,269.01
714704,517509,Card,Paid,237.56
714705,517510,UPI,Paid,160.36
714706,517511,Cash,Paid,174.0
714707,517512,Card,Paid,105.5
714708,517513,Card,Paid,193.44
714709,517514,Card,Paid,147.69
714710,517515,Card,Paid,146.82
714711,517517,Card,Paid,134.65
714712,517518,Card,Paid,192.08
714713,517519,UPI,Paid,206.67
714714,517520,Card,Failed,98.78
714715,517521,Cash,Paid,57.19
714716,517522,UPI,Paid,125.15
714717,517523,UPI,Paid,162.72
714718,517525,UPI,Paid,414.0
714719,517526,Card,Paid,173.46
714720,517527,Card,Failed,160.49
714721,517528,UPI,Paid,83.47
714722,517529,Card,Paid,86.1
714723,517531,Card,Paid,74.71
714724,517532,Wallet,Paid,35.0
714725,517533,Card,Paid,77.66
714726,517534,Cash,Paid,162.97
714727,517537,Card,Paid,127.89
714728,517538,UPI,Paid,51.15
714729,517539,Cash,Paid,74.39
714730,517541,Cash,Paid,176.23
714731,517542,Wallet,Paid,74.61
714732,517543,Card,Paid,141.63
714733,517544,Wallet,Paid,275.54
714734,517546,Card,Paid,690.45
714735,517547,UPI,Failed,287.27
714736,517548,Card,Paid,85.46
714737,517549,Card,Paid,78.63
714738,517550,Card,Paid,235.3
714739,517551,Card,Paid,58.94
714740,517552,Card,Paid,138.6
714741,517553,Card,Paid,361.24
714742,517554,Card,Paid,187.36
714743,517555,Card,Paid,213.31
714744,517556,Cash,Paid,105.93
714745,517557,Cash,Paid,111.51
714746,517559,Card,Paid,173.07
714747,517560,UPI,Paid,200.7
714748,517561,UPI,Paid,115.69
714749,517562,Card,Paid,170.54
714750,517563,UPI,Paid,270.98
714751,517564,Card,Paid,143.7
714752,517565,UPI,Paid,62.73
714753,517566,Card,Paid,104.64
714754,517567,Card,Paid,117.49
714755,517569,UPI,Failed,61.82
714756,517570,UPI,Paid,166.87
714757,517571,UPI,Paid,58.29
714758,517572,Card,Paid,176.09
714759,517573,UPI,Paid,255.48
714760,517574,UPI,Paid,157.03
714761,517576,Cash,Paid,43.8
714762,517577,UPI,Paid,102.79
714763,517579,Cash,Paid,77.29
714764,517580,Cash,Paid,108.91
714765,517581,Card,Paid,91.31
714766,517582,UPI,Paid,377.95
714767,517583,Card,Paid,121.2
714768,517584,UPI,Paid,134.67
714769,517585,UPI,Paid,195.7
714770,517586,Card,Paid,66.72
714771,517587,Cash,Failed,267.74
714772,517588,Card,Paid,35.0
714773,517589,UPI,Paid,48.72
714774,517590,UPI,Paid,52.45
714775,517591,UPI,Paid,97.83
714776,517592,UPI,Paid,138.1
714777,517593,Card,Paid,35.0
714778,517594,UPI,Paid,41.98
714779,517595,Card,Paid,59.04
714780,517596,UPI,Paid,296.2
714781,517597,Cash,Paid,35.0
714782,517599,UPI,Paid,120.42
714783,517600,Wallet,Paid,99.22
714784,517601,Card,Paid,67.94
714785,517603,Wallet,Paid,96.42
714786,517604,UPI,Paid,61.56
714787,517605,Card,Paid,179.45
714788,517608,Cash,Paid,151.14
714789,517609,Card,Paid,69.09
714790,517610,Card,Paid,145.47
714791,517612,Cash,Paid,223.57
714792,517614,UPI,Paid,124.95
714793,517615,UPI,Paid,118.96
714794,517617,UPI,Paid,151.84
714795,517618,Card,Paid,35.0
714796,517619,UPI,Paid,79.51
714797,517620,Card,Paid,80.51
714798,517621,UPI,Paid,66.61
714799,517623,Card,Paid,69.15
714800,517624,Wallet,Paid,240.66
714801,517627,Wallet,Paid,69.74
714802,517629,UPI,Paid,133.36
714803,517630,UPI,Paid,75.44
714804,517631,Card,Paid,68.47
714805,517632,UPI,Paid,172.18
714806,517633,Cash,Paid,129.95
714807,517634,Wallet,Paid,89.31
714808,517635,UPI,Paid,192.72
714809,517636,UPI,Paid,137.69
714810,517637,UPI,Paid,99.8
714811,517638,Cash,Paid,58.54
714812,517639,UPI,Paid,118.53
714813,517640,Cash,Paid,64.15
714814,517641,UPI,Paid,109.48
714815,517642,Cash,Paid,46.35
714816,517643,UPI,Paid,75.48
714817,517644,Wallet,Paid,82.18
714818,517646,Wallet,Paid,163.32
714819,517647,Card,Paid,77.92
714820,517648,UPI,Paid,206.68
714821,517649,Card,Paid,183.14
714822,517650,Cash,Paid,35.0
714823,517651,UPI,Paid,101.42
714824,517653,Cash,Paid,167.78
714825,517654,Card,Paid,48.04
714826,517655,Wallet,Paid,47.26
714827,517656,UPI,Paid,178.92
714828,517659,UPI,Paid,430.13
714829,517661,Card,Paid,163.53
714830,517662,UPI,Paid,58.75
714831,517663,UPI,Paid,97.83
714832,517664,Card,Paid,205.79
714833,517665,UPI,Paid,127.38
714834,517666,UPI,Paid,35.0
714835,517667,UPI,Paid,63.53
714836,517669,Card,Paid,241.5
714837,517670,UPI,Paid,96.09
714838,517671,Card,Paid,41.07
714839,517673,UPI,Paid,70.08
714840,517674,Cash,Paid,106.65
714841,517676,UPI,Paid,65.16
714842,517677,Card,Paid,223.93
714843,517678,UPI,Paid,74.5
714844,517679,Card,Paid,95.0
714845,517680,Cash,Paid,157.6
714846,517681,UPI,Paid,129.07
714847,517682,UPI,Paid,316.78
714848,517683,UPI,Paid,234.36
714849,517684,Card,Paid,310.28
714850,517685,UPI,Paid,98.3
714851,517686,UPI,Paid,194.91
714852,517687,Card,Paid,84.39
714853,517688,Card,Paid,164.42
714854,517689,Card,Paid,201.35
714855,517691,UPI,Paid,145.26
714856,517692,UPI,Paid,103.37
714857,517694,UPI,Paid,167.09
714858,517695,UPI,Paid,54.43
714859,517696,Wallet,Paid,136.87
714860,517697,UPI,Paid,69.62
714861,517698,UPI,Paid,100.2
714862,517699,Card,Paid,120.86
714863,517700,UPI,Paid,263.92
714864,517701,Cash,Paid,192.41
714865,517703,Card,Paid,131.96
714866,517705,Wallet,Paid,201.19
714867,517706,Cash,Paid,108.97
714868,517708,Wallet,Paid,37.48
714869,517709,Card,Paid,41.61
714870,517710,UPI,Paid,76.63
714871,517712,Card,Paid,58.2
714872,517713,UPI,Paid,173.92
714873,517714,UPI,Paid,70.3
714874,517715,UPI,Paid,100.43
714875,517716,Cash,Paid,131.46
714876,517717,UPI,Paid,221.53
714877,517719,UPI,Paid,138.59
714878,517720,UPI,Paid,130.71
714879,517722,Cash,Paid,50.06
714880,517723,Cash,Paid,253.86
714881,517724,UPI,Paid,106.27
714882,517726,Card,Paid,436.48
714883,517727,Card,Paid,137.71
714884,517728,Cash,Paid,164.36
714885,517729,UPI,Paid,159.14
714886,517730,UPI,Paid,82.58
714887,517731,Wallet,Paid,170.85
714888,517732,Card,Paid,126.55
714889,517733,Card,Paid,57.21
714890,517735,UPI,Paid,35.0
714891,517736,Card,Paid,67.41
714892,517737,Card,Paid,97.86
714893,517738,Cash,Paid,73.82
714894,517739,Cash,Paid,66.12
714895,517740,Wallet,Paid,119.51
714896,517742,Card,Paid,94.73
714897,517743,Cash,Paid,88.56
714898,517745,Card,Paid,118.44
714899,517746,UPI,Paid,66.39
714900,517747,Cash,Paid,111.81
714901,517748,UPI,Paid,94.0
714902,517749,UPI,Paid,36.92
714903,517751,UPI,Paid,50.99
714904,517752,Card,Paid,123.89
714905,517753,Cash,Paid,60.81
714906,517754,Card,Paid,132.39
714907,517755,UPI,Paid,107.25
714908,517756,Wallet,Paid,197.69
714909,517757,UPI,Paid,68.01
714910,517758,UPI,Paid,134.69
714911,517759,UPI,Paid,303.69
714912,517760,Cash,Paid,134.73
714913,517761,UPI,Paid,109.31
714914,517762,UPI,Paid,105.4
714915,517764,Card,Paid,81.62
714916,517765,Cash,Paid,99.24
714917,517766,Cash,Paid,84.15
714918,517767,UPI,Paid,452.89
714919,517768,Cash,Paid,166.32
714920,517769,Cash,Paid,79.98
714921,517770,Cash,Paid,235.99
714922,517771,UPI,Paid,221.31
714923,517772,UPI,Paid,99.14
714924,517774,Card,Paid,89.89
714925,517775,UPI,Paid,55.18
714926,517776,UPI,Paid,113.48
714927,517777,UPI,Paid,54.63
714928,517778,Card,Paid,35.0
714929,517779,UPI,Paid,73.61
714930,517780,Card,Paid,70.98
714931,517781,Cash,Paid,75.98
714932,517782,Wallet,Paid,65.49
714933,517783,Cash,Paid,176.76
714934,517784,Card,Paid,35.0
714935,517785,Card,Paid,97.66
714936,517786,Cash,Paid,398.43
714937,517787,UPI,Paid,152.38
714938,517788,UPI,Paid,65.66
714939,517789,Cash,Failed,79.63
714940,517790,Cash,Paid,153.63
714941,517792,Cash,Paid,67.66
714942,517793,UPI,Paid,50.64
714943,517795,Wallet,Paid,50.18
714944,517796,UPI,Paid,96.5
714945,517797,Cash,Paid,123.75
714946,517798,UPI,Paid,51.16
714947,517799,Cash,Paid,47.78
714948,517800,UPI,Paid,133.08
714949,517802,UPI,Paid,87.19
714950,517803,UPI,Paid,149.49
714951,517804,Card,Paid,90.71
714952,517805,UPI,Paid,109.27
714953,517806,UPI,Paid,58.6
714954,517808,UPI,Paid,52.75
714955,517809,UPI,Paid,73.55
714956,517810,Cash,Paid,320.23
714957,517811,Card,Paid,132.11
714958,517812,UPI,Paid,85.94
714959,517813,UPI,Paid,68.61
714960,517814,UPI,Paid,127.93
714961,517816,Card,Paid,35.0
714962,517817,UPI,Paid,264.75
714963,517818,UPI,Paid,41.44
714964,517819,UPI,Paid,203.39
714965,517820,Card,Paid,72.54
714966,517821,UPI,Paid,35.0
714967,517822,UPI,Paid,173.1
714968,517823,Card,Paid,174.2
714969,517826,Cash,Paid,101.7
714970,517827,Wallet,Paid,57.84
714971,517828,UPI,Paid,96.35
714972,517829,UPI,Paid,178.1
714973,517830,UPI,Paid,35.0
714974,517831,Cash,Paid,116.64
714975,517832,UPI,Paid,263.53
714976,517833,Cash,Paid,123.1
714977,517834,Card,Paid,332.29
714978,517835,Cash,Paid,90.8
714979,517836,Cash,Paid,100.29
714980,517837,Card,Paid,100.27
714981,517838,UPI,Paid,89.47
714982,517839,UPI,Paid,81.45
714983,517840,UPI,Paid,88.18
714984,517841,Card,Paid,212.13
714985,517842,UPI,Paid,71.38
714986,517843,Cash,Paid,237.13
714987,517844,UPI,Paid,175.91
714988,517845,UPI,Paid,159.46
714989,517846,Cash,Paid,85.36
714990,517847,Card,Paid,54.03
714991,517848,UPI,Paid,94.82
714992,517849,Cash,Paid,192.33
714993,517850,Cash,Paid,59.97
714994,517851,Cash,Paid,83.86
714995,517852,UPI,Paid,35.0
714996,517853,Cash,Paid,135.28
714997,517854,UPI,Paid,120.4
714998,517855,UPI,Paid,46.62
714999,517856,Cash,Paid,35.0
715000,517857,Card,Paid,75.02
715001,517858,UPI,Paid,88.47
715002,517860,UPI,Paid,122.6
715003,517861,Cash,Failed,63.84
715004,517862,UPI,Paid,59.96
715005,517863,UPI,Paid,91.96
715006,517864,UPI,Paid,52.22
715007,517866,UPI,Paid,85.64
715008,517867,UPI,Paid,159.94
715009,517868,Card,Paid,41.93
715010,517870,UPI,Paid,73.0
715011,517871,UPI,Paid,122.0
715012,517872,UPI,Paid,102.63
715013,517873,UPI,Paid,138.81
715014,517874,UPI,Paid,300.0
715015,517875,Card,Paid,149.43
715016,517876,Card,Paid,61.02
715017,517877,Card,Paid,265.96
715018,517878,UPI,Paid,214.74
715019,517879,UPI,Paid,86.77
715020,517880,UPI,Paid,77.61
715021,517881,UPI,Paid,83.33
715022,517882,UPI,Paid,113.92
715023,517883,Cash,Paid,37.33
715024,517884,Cash,Paid,69.82
715025,517885,Card,Paid,105.02
715026,517886,Wallet,Paid,126.04
715027,517887,Cash,Paid,103.01
715028,517888,UPI,Paid,110.39
715029,517889,UPI,Paid,107.0
715030,517890,Cash,Paid,75.83
715031,517891,UPI,Paid,68.53
715032,517892,UPI,Paid,86.35
715033,517893,Cash,Paid,216.72
715034,517894,UPI,Paid,35.0
715035,517895,Cash,Paid,145.19
715036,517896,UPI,Paid,347.0
715037,517897,Cash,Paid,294.78
715038,517898,Card,Paid,354.1
715039,517900,Cash,Paid,212.75
715040,517901,UPI,Paid,89.68
715041,517902,UPI,Paid,187.15
715042,517903,UPI,Paid,122.13
715043,517904,Card,Paid,267.01
715044,517905,UPI,Paid,66.05
715045,517906,Cash,Paid,210.22
715046,517907,Cash,Paid,110.47
715047,517908,Cash,Paid,127.23
715048,517909,UPI,Paid,65.12
715049,517911,Wallet,Paid,96.09
715050,517912,UPI,Paid,68.14
715051,517913,UPI,Paid,153.3
715052,517914,UPI,Paid,184.05
715053,517915,Cash,Paid,189.72
715054,517916,Cash,Paid,67.45
715055,517917,Cash,Paid,291.79
715056,517918,UPI,Paid,103.77
715057,517919,Card,Paid,191.0
715058,517920,Card,Paid,47.97
715059,517921,UPI,Paid,48.07
715060,517922,Card,Paid,99.29
715061,517923,Card,Paid,50.0
715062,517924,UPI,Paid,251.29
715063,517925,Card,Paid,74.85
715064,517927,UPI,Paid,40.55
715065,517928,Cash,Paid,57.91
715066,517929,UPI,Paid,84.78
715067,517930,Cash,Paid,84.37
715068,517931,UPI,Paid,35.0
715069,517932,Wallet,Paid,133.25
715070,517934,UPI,Paid,48.24
715071,517935,Cash,Paid,45.84
715072,517938,UPI,Paid,78.5
715073,517940,Cash,Paid,89.43
715074,517941,Cash,Paid,43.46
715075,517942,UPI,Paid,141.14
715076,517943,UPI,Paid,61.53
715077,517944,UPI,Paid,157.56
715078,517945,Card,Paid,35.0
715079,517946,Wallet,Paid,95.61
715080,517947,UPI,Paid,49.16
715081,517949,Card,Paid,339.8
715082,517952,Wallet,Paid,218.71
715083,517953,UPI,Paid,36.4
715084,517954,UPI,Paid,167.69
715085,517956,UPI,Paid,66.65
715086,517957,UPI,Paid,115.27
715087,517959,UPI,Paid,35.0
715088,517961,UPI,Paid,94.99
715089,517964,Cash,Paid,59.98
715090,517965,UPI,Paid,87.11
715091,517967,UPI,Paid,37.2
715092,517968,Card,Paid,76.04
715093,517969,UPI,Paid,45.02
715094,517970,UPI,Paid,98.93
715095,517972,UPI,Paid,101.54
715096,517973,Card,Paid,143.21
715097,517974,Cash,Paid,324.48
715098,517975,Wallet,Paid,117.44
715099,517977,Wallet,Paid,196.73
715100,517978,UPI,Paid,99.24
715101,517979,UPI,Paid,382.47
715102,517980,Cash,Paid,75.61
715103,517982,UPI,Paid,78.87
715104,517984,Card,Paid,273.53
715105,517985,UPI,Paid,104.07
715106,517987,Cash,Paid,207.27
715107,517988,UPI,Paid,233.85
715108,517989,UPI,Paid,105.49
715109,517990,Card,Paid,289.33
715110,517992,Cash,Paid,39.73
715111,517994,Card,Paid,76.11
715112,517995,UPI,Paid,276.38
715113,517996,UPI,Paid,86.81
715114,517997,Card,Paid,80.9
715115,517998,Card,Paid,136.24
715116,517999,UPI,Paid,164.93
715117,518000,Card,Paid,248.33
715118,518001,Card,Paid,141.27
715119,518002,Card,Paid,95.2
715120,518003,Card,Paid,237.8
715121,518004,UPI,Paid,35.0
715122,518005,UPI,Paid,99.68
715123,518006,UPI,Paid,91.0
715124,518007,Cash,Paid,85.3
715125,518008,UPI,Paid,45.87
715126,518009,Card,Paid,101.06
715127,518010,UPI,Paid,198.65
715128,518011,Wallet,Paid,116.7
715129,518012,Cash,Paid,57.66
715130,518013,Cash,Paid,190.28
715131,518015,UPI,Paid,217.57
715132,518017,Cash,Paid,148.83
715133,518019,Card,Paid,157.53
715134,518020,UPI,Paid,83.31
715135,518023,UPI,Paid,105.57
715136,518024,UPI,Paid,91.09
715137,518025,UPI,Paid,42.86
715138,518026,UPI,Paid,115.81
715139,518027,UPI,Paid,117.15
715140,518028,UPI,Paid,70.9
715141,518029,Cash,Paid,70.62
715142,518030,UPI,Paid,89.41
715143,518031,UPI,Paid,124.21
715144,518032,Card,Paid,120.67
715145,518033,UPI,Paid,48.73
715146,518034,Card,Paid,208.45
715147,518036,Cash,Paid,99.55
715148,518039,Wallet,Paid,99.42
715149,518040,Cash,Paid,112.64
715150,518041,Card,Paid,73.63
715151,518043,UPI,Paid,155.34
715152,518044,Card,Paid,238.7
715153,518045,Card,Paid,36.72
715154,518046,Wallet,Paid,101.37
715155,518049,UPI,Paid,86.49
715156,518050,UPI,Paid,179.11
715157,518051,Card,Paid,104.13
715158,518052,UPI,Paid,221.67
715159,518053,UPI,Paid,148.2
715160,518055,UPI,Paid,142.64
715161,518056,Wallet,Paid,100.16
715162,518057,UPI,Paid,182.01
715163,518058,Card,Paid,265.2
715164,518059,Wallet,Paid,81.65
715165,518061,Cash,Paid,78.36
715166,518062,Cash,Paid,139.6
715167,518063,UPI,Paid,56.94
715168,518064,Cash,Paid,92.13
715169,518065,UPI,Paid,61.74
715170,518066,UPI,Paid,64.28
715171,518067,Wallet,Paid,146.3
715172,518068,Wallet,Paid,92.84
715173,518071,Card,Paid,39.79
715174,518072,Card,Paid,114.94
715175,518073,UPI,Paid,102.7
715176,518074,Cash,Paid,87.66
715177,518075,Cash,Paid,182.23
715178,518076,Card,Paid,159.23
715179,518077,Card,Paid,155.73
715180,518078,Cash,Paid,35.0
715181,518079,UPI,Paid,150.72
715182,518081,Card,Paid,113.06
715183,518082,UPI,Paid,202.89
715184,518083,Cash,Paid,212.66
715185,518084,Card,Paid,140.03
715186,518085,UPI,Paid,102.32
715187,518086,UPI,Paid,210.12
715188,518089,Cash,Paid,135.54
715189,518090,Card,Paid,112.86
715190,518091,UPI,Paid,50.29
715191,518092,Cash,Paid,116.65
715192,518093,Card,Paid,245.17
715193,518095,Wallet,Paid,132.15
715194,518096,UPI,Paid,331.15
715195,518097,UPI,Paid,120.95
715196,518098,UPI,Paid,320.17
715197,518099,Card,Paid,181.9
715198,518100,Card,Paid,88.56
715199,518101,Card,Paid,109.75
715200,518103,UPI,Paid,51.35
715201,518104,UPI,Failed,91.08
715202,518105,UPI,Paid,240.59
715203,518106,UPI,Paid,108.12
715204,518107,Cash,Paid,123.06
715205,518108,UPI,Paid,151.88
715206,518109,UPI,Paid,124.63
715207,518110,UPI,Paid,86.5
715208,518111,Wallet,Paid,141.01
715209,518113,Cash,Paid,60.75
715210,518114,UPI,Paid,70.79
715211,518115,Card,Paid,57.97
715212,518118,Card,Paid,106.82
715213,518119,Cash,Paid,134.29
715214,518120,UPI,Paid,35.0
715215,518122,Cash,Paid,39.47
715216,518124,Card,Paid,204.61
715217,518125,Cash,Paid,279.89
715218,518126,UPI,Paid,78.73
715219,518127,UPI,Paid,183.4
715220,518128,Card,Paid,49.64
715221,518129,Card,Paid,49.42
715222,518130,Cash,Paid,186.93
715223,518131,UPI,Paid,43.81
715224,518132,UPI,Paid,81.66
715225,518133,Cash,Paid,98.94
715226,518134,UPI,Paid,177.33
715227,518135,UPI,Paid,224.46
715228,518136,Cash,Paid,181.41
715229,518137,UPI,Paid,86.77
715230,518138,UPI,Paid,284.79
715231,518139,UPI,Paid,43.73
715232,518140,UPI,Paid,128.21
715233,518141,UPI,Paid,77.48
715234,518143,Cash,Paid,202.06
715235,518144,UPI,Paid,90.56
715236,518145,UPI,Paid,126.01
715237,518146,Cash,Paid,126.61
715238,518147,UPI,Paid,245.82
715239,518148,Wallet,Paid,134.51
715240,518150,Card,Paid,63.07
715241,518151,Card,Paid,43.35
715242,518152,UPI,Paid,131.21
715243,518153,Wallet,Paid,135.22
715244,518154,Card,Paid,110.18
715245,518155,Card,Paid,47.34
715246,518156,Cash,Paid,298.89
715247,518157,UPI,Paid,116.39
715248,518158,UPI,Paid,59.62
715249,518159,Cash,Paid,71.97
715250,518160,UPI,Paid,104.67
715251,518161,UPI,Paid,156.5
715252,518162,UPI,Paid,51.16
715253,518163,Wallet,Paid,76.69
715254,518164,Card,Paid,73.16
715255,518165,UPI,Paid,101.19
715256,518166,Card,Paid,138.64
715257,518167,UPI,Paid,189.86
715258,518168,Wallet,Paid,171.98
715259,518169,UPI,Paid,198.96
715260,518171,Cash,Paid,179.7
715261,518172,UPI,Paid,70.8
715262,518174,UPI,Paid,174.87
715263,518175,UPI,Paid,37.18
715264,518176,Card,Paid,82.14
715265,518177,Card,Paid,35.0
715266,518179,UPI,Paid,175.16
715267,518180,Cash,Paid,154.37
715268,518181,UPI,Paid,343.12
715269,518182,UPI,Paid,167.45
715270,518183,UPI,Paid,93.92
715271,518184,Cash,Paid,175.32
715272,518185,Cash,Paid,41.27
715273,518186,UPI,Paid,101.77
715274,518187,UPI,Paid,259.72
715275,518188,Cash,Paid,154.15
715276,518189,UPI,Paid,148.6
715277,518190,Card,Paid,137.5
715278,518191,Wallet,Paid,90.15
715279,518192,UPI,Paid,59.02
715280,518193,Cash,Paid,148.71
715281,518194,UPI,Paid,35.0
715282,518196,UPI,Paid,136.93
715283,518197,UPI,Paid,110.95
715284,518200,Card,Paid,53.26
715285,518201,Card,Paid,121.77
715286,518202,UPI,Paid,91.81
715287,518204,Wallet,Failed,41.71
715288,518205,UPI,Paid,121.26
715289,518206,UPI,Paid,35.0
715290,518207,UPI,Paid,53.05
715291,518208,Card,Paid,375.14
715292,518209,UPI,Paid,71.37
715293,518210,Card,Paid,276.52
715294,518211,UPI,Paid,35.0
715295,518212,UPI,Paid,209.47
715296,518213,UPI,Paid,40.49
715297,518214,UPI,Paid,147.47
715298,518215,Cash,Paid,63.42
715299,518216,UPI,Paid,171.85
715300,518218,Cash,Failed,87.5
715301,518219,UPI,Paid,103.86
715302,518220,UPI,Paid,128.37
715303,518221,Card,Paid,52.85
715304,518222,Card,Paid,167.67
715305,518223,Cash,Paid,83.74
715306,518224,Card,Paid,138.26
715307,518225,Card,Paid,290.01
715308,518226,Card,Paid,46.67
715309,518227,Wallet,Paid,104.86
715310,518228,Wallet,Paid,153.57
715311,518229,UPI,Paid,35.0
715312,518231,UPI,Paid,72.33
715313,518232,UPI,Paid,96.51
715314,518233,UPI,Paid,70.05
715315,518234,Card,Paid,202.77
715316,518235,UPI,Paid,35.0
715317,518236,Wallet,Paid,53.75
715318,518237,Card,Paid,75.35
715319,518238,Card,Paid,82.53
715320,518239,Cash,Paid,108.65
715321,518240,Card,Paid,71.06
715322,518243,Card,Paid,98.42
715323,518244,UPI,Paid,84.59
715324,518245,UPI,Paid,67.37
715325,518247,Card,Paid,41.53
715326,518248,UPI,Paid,145.3
715327,518249,Wallet,Paid,157.82
715328,518251,UPI,Paid,464.54
715329,518252,UPI,Paid,39.74
715330,518254,Card,Paid,101.75
715331,518257,UPI,Paid,64.71
715332,518258,UPI,Paid,107.38
715333,518259,Cash,Paid,93.01
715334,518260,Cash,Paid,121.27
715335,518261,UPI,Paid,111.54
715336,518262,Card,Failed,286.4
715337,518263,Wallet,Paid,146.52
715338,518264,UPI,Paid,137.29
715339,518265,UPI,Paid,39.44
715340,518266,Card,Paid,92.86
715341,518267,UPI,Paid,69.73
715342,518268,UPI,Paid,85.81
715343,518269,Card,Paid,99.46
715344,518270,Cash,Paid,80.99
715345,518271,Card,Paid,101.59
715346,518272,UPI,Paid,151.67
715347,518273,Card,Paid,209.73
715348,518274,UPI,Paid,116.41
715349,518275,UPI,Paid,216.8
715350,518276,UPI,Paid,116.13
715351,518277,UPI,Paid,156.48
715352,518279,UPI,Paid,82.35
715353,518280,Cash,Paid,259.67
715354,518281,UPI,Paid,90.1
715355,518282,Cash,Paid,42.85
715356,518283,Card,Paid,86.94
715357,518284,UPI,Paid,47.94
715358,518285,Card,Paid,71.27
715359,518286,UPI,Paid,270.16
715360,518288,Wallet,Paid,63.61
715361,518289,Cash,Paid,129.77
715362,518290,UPI,Paid,105.47
715363,518291,UPI,Paid,138.14
715364,518292,UPI,Paid,91.43
715365,518293,UPI,Paid,78.38
715366,518294,UPI,Paid,259.25
715367,518295,Card,Paid,45.8
715368,518296,Cash,Paid,91.7
715369,518297,Cash,Paid,158.28
715370,518298,UPI,Paid,51.02
715371,518299,Card,Paid,122.93
715372,518301,UPI,Paid,256.3
715373,518303,Cash,Paid,99.75
715374,518304,Card,Paid,66.17
715375,518305,UPI,Paid,55.17
715376,518306,Cash,Paid,82.7
715377,518307,Card,Paid,162.64
715378,518308,Card,Paid,72.43
715379,518310,UPI,Paid,70.86
715380,518311,UPI,Paid,81.47
715381,518312,UPI,Paid,96.0
715382,518315,Card,Paid,168.28
715383,518317,UPI,Paid,116.83
715384,518318,Card,Paid,59.98
715385,518319,Cash,Paid,78.08
715386,518321,UPI,Paid,85.1
715387,518322,UPI,Paid,45.58
715388,518323,UPI,Failed,305.02
715389,518324,Card,Paid,77.54
715390,518325,UPI,Paid,57.55
715391,518327,UPI,Paid,147.92
715392,518328,Cash,Paid,141.39
715393,518329,Card,Paid,93.33
715394,518330,Cash,Paid,61.78
715395,518331,UPI,Paid,71.08
715396,518332,Wallet,Paid,198.23
715397,518333,Cash,Paid,188.54
715398,518334,UPI,Paid,156.41
715399,518335,Cash,Paid,98.65
715400,518336,UPI,Paid,389.5
715401,518337,UPI,Paid,133.79
715402,518338,UPI,Paid,60.59
715403,518339,Cash,Paid,151.96
715404,518342,UPI,Paid,113.86
715405,518343,Cash,Paid,105.16
715406,518344,Wallet,Paid,126.81
715407,518345,Card,Paid,93.17
715408,518346,Card,Paid,54.69
715409,518347,UPI,Paid,76.28
715410,518348,Cash,Paid,46.46
715411,518349,UPI,Paid,147.92
715412,518350,Cash,Paid,76.88
715413,518352,Card,Paid,97.31
715414,518353,UPI,Paid,66.95
715415,518354,Card,Paid,148.58
715416,518355,UPI,Paid,56.74
715417,518356,Card,Paid,138.9
715418,518357,UPI,Paid,149.37
715419,518358,UPI,Failed,123.73
715420,518359,Wallet,Paid,100.32
715421,518360,Wallet,Paid,79.41
715422,518361,UPI,Paid,164.57
715423,518362,Card,Paid,70.45
715424,518363,UPI,Paid,168.84
715425,518364,UPI,Paid,142.7
715426,518365,UPI,Paid,162.76
715427,518366,UPI,Paid,99.95
715428,518367,Wallet,Paid,46.49
715429,518369,Wallet,Paid,64.12
715430,518371,UPI,Paid,47.85
715431,518372,UPI,Paid,90.85
715432,518373,Cash,Paid,42.33
715433,518374,UPI,Paid,193.31
715434,518375,Card,Paid,152.0
715435,518377,UPI,Paid,331.05
715436,518378,UPI,Paid,35.0
715437,518380,Cash,Paid,186.49
715438,518381,Card,Paid,120.75
715439,518382,UPI,Paid,100.66
715440,518383,Card,Paid,154.68
715441,518384,Card,Paid,42.14
715442,518385,Card,Paid,163.32
715443,518387,UPI,Paid,72.87
715444,518388,Card,Paid,119.9
715445,518389,UPI,Paid,147.5
715446,518390,Cash,Paid,52.87
715447,518391,Card,Paid,101.52
715448,518392,UPI,Paid,207.4
715449,518393,Cash,Paid,46.46
715450,518394,Cash,Paid,59.39
715451,518395,UPI,Paid,242.77
715452,518396,Cash,Paid,96.62
715453,518397,UPI,Paid,41.74
715454,518398,Cash,Paid,91.85
715455,518399,UPI,Paid,60.36
715456,518400,UPI,Paid,101.1
715457,518402,Card,Paid,150.5
715458,518403,Wallet,Paid,95.59
715459,518404,Wallet,Paid,62.24
715460,518405,Wallet,Paid,97.74
715461,518406,Card,Paid,336.74
715462,518408,UPI,Paid,89.4
715463,518409,Card,Paid,48.97
715464,518410,UPI,Paid,40.75
715465,518411,Card,Paid,214.82
715466,518412,UPI,Paid,83.19
715467,518413,Card,Paid,193.89
715468,518414,UPI,Paid,153.45
715469,518415,Card,Paid,57.45
715470,518416,UPI,Paid,78.54
715471,518417,UPI,Paid,94.84
715472,518419,UPI,Paid,111.45
715473,518420,Wallet,Paid,177.61
715474,518421,UPI,Paid,172.88
715475,518422,Cash,Paid,239.01
715476,518423,UPI,Paid,52.65
715477,518424,Cash,Paid,77.13
715478,518425,Cash,Paid,35.0
715479,518426,UPI,Paid,255.17
715480,518427,UPI,Paid,169.89
715481,518428,UPI,Paid,62.59
715482,518429,Cash,Paid,108.45
715483,518430,Wallet,Paid,62.81
715484,518432,Cash,Paid,169.52
715485,518434,Card,Paid,74.08
715486,518436,UPI,Paid,170.59
715487,518439,Card,Paid,183.07
715488,518440,Card,Paid,176.51
715489,518441,UPI,Paid,483.88
715490,518442,UPI,Paid,250.75
715491,518443,UPI,Paid,79.18
715492,518445,Card,Paid,60.6
715493,518446,UPI,Paid,199.19
715494,518448,UPI,Paid,142.63
715495,518449,UPI,Paid,273.72
715496,518450,UPI,Paid,200.47
715497,518451,Wallet,Paid,135.71
715498,518452,Cash,Paid,77.26
715499,518453,UPI,Paid,103.7
715500,518454,UPI,Paid,35.0
715501,518455,Cash,Paid,218.34
715502,518456,Wallet,Paid,90.85
715503,518458,UPI,Paid,105.24
715504,518459,Cash,Paid,145.71
715505,518460,Cash,Paid,82.8
715506,518461,UPI,Paid,51.91
715507,518462,Card,Paid,90.08
715508,518463,Card,Paid,39.07
715509,518464,UPI,Paid,118.69
715510,518465,Cash,Paid,102.57
715511,518466,UPI,Paid,56.23
715512,518467,UPI,Paid,51.54
715513,518468,Cash,Paid,107.17
715514,518472,UPI,Paid,35.0
715515,518473,Card,Paid,48.5
715516,518474,Wallet,Paid,75.64
715517,518476,UPI,Paid,115.59
715518,518477,Card,Paid,118.25
715519,518478,UPI,Paid,78.91
715520,518479,Cash,Paid,174.51
715521,518480,Wallet,Paid,421.77
715522,518481,Card,Paid,76.11
715523,518482,Wallet,Paid,162.08
715524,518483,Card,Paid,67.62
715525,518484,UPI,Failed,87.9
715526,518485,Cash,Paid,71.67
715527,518486,Card,Paid,163.9
715528,518487,Wallet,Paid,212.1
715529,518488,UPI,Paid,64.84
715530,518489,UPI,Paid,104.81
715531,518490,Card,Paid,89.39
715532,518491,UPI,Paid,72.18
715533,518492,UPI,Paid,114.95
715534,518493,Wallet,Paid,125.2
715535,518494,Card,Paid,44.73
715536,518495,UPI,Paid,122.73
715537,518496,Card,Paid,69.06
715538,518497,UPI,Paid,216.43
715539,518499,Card,Paid,170.71
715540,518500,UPI,Paid,44.1
715541,518501,UPI,Paid,152.01
715542,518502,Cash,Paid,165.29
715543,518503,UPI,Paid,40.59
715544,518504,Cash,Paid,112.57
715545,518505,Card,Paid,153.77
715546,518506,UPI,Paid,51.97
715547,518507,Cash,Paid,283.57
715548,518508,UPI,Paid,127.88
715549,518509,Wallet,Paid,68.64
715550,518510,Card,Paid,148.14
715551,518511,UPI,Paid,163.17
715552,518512,Cash,Paid,133.59
715553,518513,Card,Paid,113.55
715554,518514,Card,Paid,268.84
715555,518515,Card,Paid,203.74
715556,518516,Card,Paid,81.81
715557,518517,UPI,Paid,278.29
715558,518519,UPI,Paid,265.51
715559,518521,Card,Paid,140.1
715560,518523,UPI,Paid,56.15
715561,518524,UPI,Paid,140.97
715562,518525,UPI,Paid,147.69
715563,518526,UPI,Paid,164.24
715564,518527,Wallet,Paid,246.81
715565,518529,Cash,Paid,180.7
715566,518530,UPI,Paid,339.83
715567,518531,UPI,Paid,101.56
715568,518532,UPI,Paid,144.24
715569,518533,Card,Paid,61.12
715570,518534,UPI,Paid,314.31
715571,518535,UPI,Paid,62.54
715572,518537,Cash,Paid,77.09
715573,518538,Cash,Paid,50.39
715574,518539,Cash,Paid,175.73
715575,518540,Wallet,Paid,35.0
715576,518541,Card,Paid,132.16
715577,518542,Wallet,Paid,46.52
715578,518544,Cash,Paid,35.0
715579,518546,Wallet,Paid,75.94
715580,518547,Card,Paid,164.31
715581,518548,UPI,Paid,69.01
715582,518549,UPI,Paid,79.97
715583,518550,Cash,Paid,153.05
715584,518551,Card,Paid,268.09
715585,518552,UPI,Paid,80.86
715586,518553,UPI,Paid,114.62
715587,518554,Cash,Paid,75.67
715588,518555,Cash,Paid,62.04
715589,518556,UPI,Paid,138.59
715590,518557,Cash,Paid,93.29
715591,518559,Card,Paid,175.69
715592,518560,Cash,Paid,99.71
715593,518561,UPI,Paid,125.27
715594,518562,Wallet,Paid,298.24
715595,518563,Card,Paid,46.75
715596,518564,Card,Paid,91.81
715597,518565,Wallet,Paid,58.86
715598,518566,UPI,Paid,147.04
715599,518568,Cash,Paid,156.71
715600,518569,Card,Paid,127.23
715601,518570,UPI,Paid,141.24
715602,518571,Card,Paid,124.38
715603,518572,UPI,Paid,256.08
715604,518573,Cash,Paid,65.68
715605,518574,Cash,Paid,149.71
715606,518575,Card,Paid,66.0
715607,518576,UPI,Paid,80.51
715608,518578,Cash,Paid,48.08
715609,518579,UPI,Paid,198.39
715610,518580,UPI,Failed,54.72
715611,518581,UPI,Paid,97.01
715612,518582,Cash,Paid,49.87
715613,518583,UPI,Paid,202.3
715614,518584,UPI,Paid,35.11
715615,518586,Cash,Paid,194.33
715616,518587,Card,Paid,184.47
715617,518588,UPI,Paid,94.0
715618,518589,UPI,Paid,207.26
715619,518590,Card,Paid,175.93
715620,518592,Wallet,Paid,62.04
715621,518593,UPI,Paid,146.28
715622,518595,Card,Paid,54.86
715623,518596,UPI,Paid,243.39
715624,518598,Cash,Paid,35.0
715625,518599,UPI,Paid,122.26
715626,518600,Card,Paid,193.46
715627,518601,Card,Paid,42.08
715628,518602,UPI,Paid,75.75
715629,518603,UPI,Failed,98.02
715630,518605,UPI,Paid,72.45
715631,518607,Card,Paid,147.34
715632,518608,Card,Paid,88.09
715633,518609,UPI,Paid,44.88
715634,518610,UPI,Paid,124.16
715635,518611,UPI,Paid,209.24
715636,518612,Card,Paid,85.04
715637,518613,Card,Paid,137.07
715638,518614,Card,Paid,83.98
715639,518615,UPI,Paid,233.59
715640,518617,UPI,Paid,236.09
715641,518618,Card,Paid,47.9
715642,518619,Card,Paid,198.99
715643,518620,UPI,Paid,138.96
715644,518621,UPI,Paid,119.26
715645,518622,Cash,Paid,98.55
715646,518623,Card,Paid,76.67
715647,518625,Cash,Paid,97.14
715648,518627,UPI,Paid,275.26
715649,518629,UPI,Paid,104.54
715650,518630,UPI,Paid,107.79
715651,518631,UPI,Paid,140.96
715652,518632,UPI,Paid,123.86
715653,518633,UPI,Paid,109.49
715654,518634,UPI,Paid,74.07
715655,518636,UPI,Paid,81.91
715656,518637,Card,Paid,46.61
715657,518641,UPI,Paid,41.78
715658,518642,Card,Paid,101.61
715659,518643,Cash,Paid,112.09
715660,518644,UPI,Failed,162.38
715661,518645,UPI,Paid,111.17
715662,518646,Cash,Paid,192.39
715663,518648,UPI,Paid,91.58
715664,518649,Cash,Paid,103.67
715665,518650,UPI,Paid,139.24
715666,518651,UPI,Paid,35.0
715667,518652,UPI,Paid,317.73
715668,518653,Card,Paid,135.88
715669,518655,UPI,Paid,114.04
715670,518656,UPI,Paid,35.0
715671,518657,UPI,Paid,73.14
715672,518658,UPI,Paid,160.87
715673,518659,Cash,Paid,187.34
715674,518660,Cash,Paid,57.13
715675,518661,UPI,Paid,164.58
715676,518662,Card,Paid,93.62
715677,518663,Card,Paid,116.64
715678,518664,Card,Paid,48.65
715679,518666,Card,Paid,147.51
715680,518668,Card,Paid,271.7
715681,518669,UPI,Paid,35.0
715682,518670,Card,Paid,148.81
715683,518671,UPI,Paid,75.45
715684,518672,UPI,Paid,87.58
715685,518673,UPI,Paid,149.76
715686,518674,UPI,Paid,145.06
715687,518675,Card,Paid,66.35
715688,518676,UPI,Paid,130.46
715689,518677,Card,Paid,66.47
715690,518678,Card,Paid,159.51
715691,518679,UPI,Paid,135.59
715692,518680,Card,Paid,75.33
715693,518681,UPI,Paid,90.01
715694,518682,UPI,Paid,83.09
715695,518683,Cash,Paid,112.69
715696,518684,Wallet,Paid,97.97
715697,518685,Card,Paid,101.34
715698,518686,Card,Paid,94.51
715699,518687,Card,Paid,153.8
715700,518688,Card,Paid,71.38
715701,518690,Card,Paid,46.06
715702,518691,Cash,Paid,51.72
715703,518693,UPI,Paid,192.82
715704,518694,Card,Paid,212.58
715705,518696,Card,Paid,71.87
715706,518697,Cash,Paid,50.1
715707,518698,UPI,Paid,80.22
715708,518699,Cash,Paid,200.48
715709,518700,Card,Paid,77.75
715710,518701,Cash,Paid,462.44
715711,518702,UPI,Paid,53.75
715712,518703,UPI,Paid,127.21
715713,518704,UPI,Paid,118.2
715714,518705,Card,Paid,124.91
715715,518706,Card,Paid,212.19
715716,518707,UPI,Paid,41.87
715717,518708,Card,Paid,48.56
715718,518709,Card,Paid,208.15
715719,518710,Card,Paid,35.0
715720,518711,UPI,Paid,206.41
715721,518712,Cash,Paid,49.89
715722,518713,Cash,Paid,150.2
715723,518714,UPI,Paid,120.41
715724,518716,UPI,Paid,178.46
715725,518717,Cash,Paid,146.61
715726,518718,Cash,Paid,138.34
715727,518719,Card,Paid,103.94
715728,518720,Wallet,Paid,74.28
715729,518721,UPI,Paid,248.13
715730,518722,UPI,Paid,56.54
715731,518723,Wallet,Paid,49.21
715732,518724,UPI,Paid,97.46
715733,518725,Cash,Paid,65.57
715734,518728,UPI,Paid,106.23
715735,518729,UPI,Paid,144.57
715736,518730,UPI,Paid,78.57
715737,518731,UPI,Paid,185.98
715738,518732,UPI,Paid,92.63
715739,518733,Wallet,Paid,211.75
715740,518734,Wallet,Paid,70.13
715741,518735,UPI,Paid,105.06
715742,518736,Cash,Paid,303.07
715743,518737,UPI,Paid,99.35
715744,518738,UPI,Paid,87.72
715745,518739,Card,Paid,48.17
715746,518740,Card,Paid,83.45
715747,518741,Wallet,Paid,157.33
715748,518742,Card,Paid,553.43
715749,518743,Wallet,Paid,63.96
715750,518744,UPI,Paid,131.72
715751,518745,UPI,Paid,190.1
715752,518746,Card,Paid,84.12
715753,518748,UPI,Paid,71.7
715754,518749,UPI,Paid,112.56
715755,518750,Card,Paid,117.8
715756,518752,Cash,Paid,474.03
715757,518753,UPI,Paid,94.81
715758,518754,Card,Paid,199.95
715759,518756,Card,Paid,102.28
715760,518758,UPI,Paid,209.88
715761,518759,Wallet,Paid,101.93
715762,518760,UPI,Paid,221.5
715763,518761,UPI,Paid,120.54
715764,518762,UPI,Paid,130.34
715765,518763,Card,Paid,83.76
715766,518764,Cash,Paid,193.14
715767,518765,UPI,Paid,127.34
715768,518767,Card,Paid,74.96
715769,518769,UPI,Paid,229.24
715770,518770,UPI,Paid,41.4
715771,518771,Card,Paid,55.9
715772,518772,Cash,Paid,73.88
715773,518773,UPI,Paid,75.85
715774,518774,Wallet,Paid,149.76
715775,518775,UPI,Paid,35.0
715776,518777,Cash,Failed,35.0
715777,518778,UPI,Paid,417.5
715778,518781,UPI,Paid,234.15
715779,518782,Card,Paid,460.52
715780,518783,Cash,Paid,86.3
715781,518784,UPI,Paid,35.0
715782,518785,UPI,Paid,68.92
715783,518787,Wallet,Paid,200.44
715784,518788,Card,Paid,79.19
715785,518791,Card,Paid,35.0
715786,518792,UPI,Paid,168.4
715787,518796,Card,Paid,134.22
715788,518797,UPI,Paid,256.0
715789,518798,UPI,Paid,77.09
715790,518799,Card,Paid,62.1
715791,518800,UPI,Paid,83.81
715792,518802,UPI,Paid,90.02
715793,518803,UPI,Paid,105.56
715794,518804,UPI,Paid,41.48
715795,518805,Cash,Paid,242.91
715796,518806,Cash,Paid,105.43
715797,518807,Cash,Paid,45.6
715798,518808,UPI,Paid,388.54
715799,518809,Card,Paid,35.0
715800,518810,Card,Paid,224.35
715801,518812,UPI,Paid,158.36
715802,518813,Card,Paid,111.37
715803,518814,UPI,Paid,85.97
715804,518815,Card,Paid,172.3
715805,518816,Card,Paid,367.03
715806,518817,UPI,Paid,53.64
715807,518818,Wallet,Paid,219.4
715808,518819,Cash,Paid,314.28
715809,518820,UPI,Paid,170.26
715810,518822,Card,Failed,137.41
715811,518823,UPI,Paid,57.05
715812,518825,UPI,Paid,139.16
715813,518826,Wallet,Paid,52.46
715814,518827,Card,Paid,259.51
715815,518828,UPI,Paid,216.72
715816,518829,Wallet,Paid,161.14
715817,518830,Card,Paid,108.77
715818,518831,Cash,Paid,242.68
715819,518832,UPI,Paid,209.76
715820,518833,Card,Paid,182.0
715821,518834,UPI,Paid,48.14
715822,518835,Cash,Paid,35.73
715823,518836,UPI,Paid,35.0
715824,518837,UPI,Paid,148.59
715825,518838,UPI,Paid,149.84
715826,518839,UPI,Paid,97.94
715827,518840,UPI,Paid,411.78
715828,518841,UPI,Failed,176.88
715829,518842,UPI,Paid,40.62
715830,518843,UPI,Paid,182.23
715831,518845,Card,Paid,100.96
715832,518846,UPI,Paid,120.03
715833,518847,UPI,Paid,98.63
715834,518848,Cash,Paid,94.65
715835,518849,Cash,Paid,117.03
715836,518850,Card,Paid,382.5
715837,518851,UPI,Paid,96.77
715838,518852,UPI,Paid,184.18
715839,518854,UPI,Paid,35.17
715840,518855,UPI,Paid,552.92
715841,518856,UPI,Paid,131.27
715842,518857,Card,Paid,72.55
715843,518858,UPI,Paid,155.71
715844,518859,UPI,Paid,148.02
715845,518860,Cash,Paid,57.44
715846,518862,Cash,Paid,80.53
715847,518863,Wallet,Paid,36.15
715848,518864,Cash,Paid,140.46
715849,518865,UPI,Paid,113.41
715850,518868,UPI,Paid,188.51
715851,518869,Cash,Paid,117.6
715852,518870,UPI,Paid,66.04
715853,518871,UPI,Paid,226.63
715854,518872,UPI,Paid,146.42
715855,518873,Card,Paid,46.85
715856,518874,UPI,Paid,85.07
715857,518875,UPI,Paid,170.06
715858,518876,Cash,Paid,70.13
715859,518878,Card,Paid,129.47
715860,518879,Cash,Paid,270.37
715861,518880,Card,Paid,99.16
715862,518881,Wallet,Paid,92.49
715863,518882,UPI,Paid,105.36
715864,518883,Card,Paid,77.26
715865,518884,Card,Paid,90.24
715866,518885,UPI,Paid,76.47
715867,518886,Wallet,Paid,136.92
715868,518887,Cash,Paid,190.88
715869,518890,UPI,Paid,35.0
715870,518891,Cash,Paid,108.41
715871,518892,Cash,Paid,252.56
715872,518893,Wallet,Paid,181.23
715873,518894,UPI,Paid,141.95
715874,518896,Cash,Paid,162.59
715875,518897,UPI,Paid,170.32
715876,518898,UPI,Paid,133.54
715877,518899,UPI,Paid,210.18
715878,518900,Cash,Paid,74.19
715879,518901,Card,Paid,169.48
715880,518902,Card,Paid,49.6
715881,518903,UPI,Paid,53.38
715882,518904,Card,Paid,136.8
715883,518905,UPI,Paid,165.62
715884,518906,UPI,Paid,37.67
715885,518907,Card,Paid,199.02
715886,518908,Cash,Paid,131.22
715887,518909,UPI,Paid,162.88
715888,518911,Card,Paid,102.37
715889,518912,Cash,Paid,35.0
715890,518913,UPI,Paid,69.77
715891,518914,Card,Paid,93.62
715892,518917,Cash,Paid,348.55
715893,518919,Cash,Paid,54.18
715894,518920,UPI,Paid,176.07
715895,518921,Cash,Paid,65.39
715896,518922,UPI,Paid,149.95
715897,518923,UPI,Paid,78.48
715898,518924,Card,Paid,121.49
715899,518926,Card,Paid,75.22
715900,518927,Cash,Paid,236.37
715901,518929,Card,Paid,129.66
715902,518931,Wallet,Paid,87.38
715903,518932,UPI,Paid,81.65
715904,518933,Cash,Paid,65.22
715905,518934,UPI,Paid,286.81
715906,518935,UPI,Paid,46.43
715907,518937,Wallet,Paid,256.91
715908,518938,Card,Paid,76.61
715909,518939,UPI,Paid,181.63
715910,518941,UPI,Paid,337.55
715911,518942,UPI,Paid,165.39
715912,518943,UPI,Paid,58.47
715913,518944,UPI,Paid,63.38
715914,518946,UPI,Paid,140.63
715915,518947,UPI,Paid,195.25
715916,518948,UPI,Paid,125.91
715917,518949,Card,Paid,93.33
715918,518950,Cash,Paid,103.08
715919,518951,UPI,Paid,99.84
715920,518953,Cash,Paid,81.22
715921,518955,Cash,Paid,128.71
715922,518956,UPI,Paid,173.78
715923,518958,UPI,Paid,104.55
715924,518959,UPI,Paid,120.28
715925,518960,Cash,Paid,79.36
715926,518961,Cash,Paid,106.34
715927,518962,Card,Paid,57.2
715928,518963,Cash,Paid,211.05
715929,518964,Card,Paid,63.25
715930,518965,UPI,Paid,215.0
715931,518966,UPI,Paid,174.09
715932,518968,Card,Paid,44.54
715933,518970,Card,Paid,98.86
715934,518971,UPI,Paid,61.17
715935,518975,Card,Paid,48.66
715936,518976,UPI,Failed,125.11
715937,518977,Wallet,Paid,150.29
715938,518978,Cash,Paid,82.74
715939,518979,UPI,Paid,118.13
715940,518980,UPI,Paid,367.15
715941,518981,Card,Paid,87.05
715942,518982,UPI,Paid,158.4
715943,518983,UPI,Paid,137.31
715944,518984,UPI,Paid,100.06
715945,518986,Card,Paid,56.55
715946,518987,UPI,Paid,38.17
715947,518988,UPI,Paid,138.49
715948,518989,UPI,Paid,179.98
715949,518990,UPI,Paid,217.93
715950,518991,Wallet,Paid,81.17
715951,518992,Card,Paid,179.83
715952,518994,Card,Paid,120.78
715953,518995,UPI,Paid,144.14
715954,518997,UPI,Paid,168.27
715955,518998,UPI,Paid,79.21
715956,518999,Cash,Paid,35.0
715957,519000,Card,Paid,46.71
715958,519001,Cash,Paid,156.16
715959,519003,Card,Paid,77.43
715960,519005,UPI,Paid,237.04
715961,519006,UPI,Paid,87.37
715962,519008,Card,Paid,53.57
715963,519010,UPI,Paid,36.87
715964,519011,UPI,Paid,72.07
715965,519012,UPI,Paid,164.06
715966,519014,UPI,Paid,107.71
715967,519015,UPI,Paid,121.63
715968,519016,UPI,Paid,112.39
715969,519017,UPI,Paid,103.17
715970,519018,Card,Paid,100.49
715971,519019,UPI,Paid,35.0
715972,519020,Wallet,Paid,56.39
715973,519021,UPI,Paid,520.37
715974,519022,UPI,Paid,43.51
715975,519023,Card,Paid,131.25
715976,519025,Card,Paid,301.03
715977,519026,UPI,Paid,210.6
715978,519027,UPI,Paid,105.1
715979,519028,UPI,Paid,88.03
715980,519029,Card,Paid,192.57
715981,519031,UPI,Paid,64.72
715982,519032,UPI,Paid,356.92
715983,519033,UPI,Paid,129.48
715984,519034,Card,Paid,36.24
715985,519035,UPI,Paid,58.06
715986,519036,UPI,Paid,63.98
715987,519037,Cash,Paid,106.55
715988,519038,Card,Paid,64.83
715989,519039,Card,Paid,169.64
715990,519040,Card,Paid,123.47
715991,519041,Card,Paid,35.29
715992,519042,Cash,Paid,114.34
715993,519043,Cash,Paid,194.5
715994,519044,Card,Paid,77.95
715995,519045,UPI,Paid,58.46
715996,519046,Card,Paid,153.65
715997,519048,Cash,Paid,232.93
715998,519049,Card,Paid,400.31
715999,519050,UPI,Paid,116.96
716000,519051,Card,Paid,101.15
716001,519054,Wallet,Paid,191.5
716002,519055,Cash,Paid,71.74
716003,519057,UPI,Paid,108.68
716004,519062,UPI,Paid,159.42
716005,519063,Card,Paid,193.4
716006,519064,Cash,Paid,163.96
716007,519065,Wallet,Paid,284.27
716008,519066,Cash,Paid,73.83
716009,519068,Cash,Paid,167.4
716010,519069,Card,Paid,64.37
716011,519070,UPI,Paid,45.11
716012,519071,Card,Paid,345.14
716013,519072,UPI,Paid,192.97
716014,519073,Wallet,Paid,203.71
716015,519074,UPI,Paid,67.89
716016,519075,UPI,Paid,318.7
716017,519076,UPI,Failed,170.11
716018,519077,UPI,Paid,189.89
716019,519078,Card,Paid,110.46
716020,519079,Card,Paid,84.58
716021,519080,Card,Paid,97.85
716022,519081,UPI,Paid,70.8
716023,519082,Cash,Paid,92.13
716024,519083,Card,Paid,63.01
716025,519084,UPI,Paid,477.18
716026,519085,UPI,Paid,35.0
716027,519087,UPI,Failed,142.41
716028,519088,Card,Paid,254.22
716029,519089,UPI,Paid,80.46
716030,519091,Card,Paid,35.0
716031,519092,UPI,Paid,138.78
716032,519093,Card,Paid,155.93
716033,519094,Card,Paid,100.19
716034,519095,UPI,Paid,219.33
716035,519096,UPI,Paid,226.58
716036,519098,UPI,Paid,188.34
716037,519099,UPI,Failed,66.42
716038,519100,UPI,Paid,286.69
716039,519102,Cash,Paid,35.0
716040,519103,UPI,Paid,68.05
716041,519104,Card,Paid,164.78
716042,519105,Cash,Paid,78.49
716043,519107,Card,Paid,228.44
716044,519108,UPI,Paid,57.65
716045,519109,UPI,Paid,57.54
716046,519110,Card,Paid,273.59
716047,519111,Card,Paid,107.28
716048,519113,Card,Paid,82.72
716049,519114,UPI,Paid,98.01
716050,519115,Cash,Paid,213.42
716051,519116,Card,Paid,74.33
716052,519117,UPI,Paid,86.1
716053,519118,Cash,Paid,167.48
716054,519119,Card,Paid,123.64
716055,519120,Card,Paid,142.35
716056,519121,Cash,Paid,104.06
716057,519122,Card,Paid,134.72
716058,519123,Card,Paid,212.97
716059,519124,UPI,Paid,99.76
716060,519125,Cash,Paid,48.51
716061,519126,Card,Paid,73.91
716062,519127,Card,Paid,64.83
716063,519128,UPI,Paid,89.84
716064,519129,Wallet,Paid,183.54
716065,519130,Card,Paid,55.36
716066,519131,Wallet,Paid,101.5
716067,519132,Cash,Paid,287.09
716068,519134,Wallet,Paid,89.33
716069,519135,Card,Paid,77.97
716070,519136,UPI,Paid,253.92
716071,519137,UPI,Paid,125.16
716072,519138,Card,Paid,64.45
716073,519139,Cash,Paid,65.36
716074,519140,UPI,Paid,170.2
716075,519141,UPI,Paid,154.77
716076,519142,Cash,Paid,452.19
716077,519143,Card,Paid,50.16
716078,519144,Card,Paid,90.52
716079,519145,UPI,Paid,194.34
716080,519147,UPI,Paid,89.44
716081,519148,Card,Paid,58.93
716082,519149,Card,Paid,218.53
716083,519151,UPI,Paid,102.08
716084,519152,Card,Paid,74.67
716085,519153,Card,Paid,91.75
716086,519154,Cash,Paid,215.52
716087,519155,UPI,Paid,65.24
716088,519156,Cash,Paid,35.0
716089,519157,Card,Paid,169.3
716090,519158,Card,Paid,113.62
716091,519159,UPI,Paid,63.86
716092,519160,UPI,Paid,193.4
716093,519161,UPI,Paid,118.98
716094,519163,UPI,Paid,87.43
716095,519164,UPI,Paid,96.75
716096,519165,UPI,Paid,35.0
716097,519167,Wallet,Paid,66.42
716098,519168,UPI,Paid,149.87
716099,519169,Cash,Paid,105.07
716100,519170,Cash,Paid,270.16
716101,519171,Card,Paid,142.32
716102,519172,Card,Paid,103.43
716103,519173,UPI,Failed,158.03
716104,519174,Cash,Paid,142.11
716105,519175,UPI,Paid,59.29
716106,519176,UPI,Paid,106.59
716107,519177,UPI,Paid,79.83
716108,519179,UPI,Paid,63.35
716109,519180,UPI,Paid,111.82
716110,519181,Cash,Paid,204.2
716111,519182,UPI,Paid,170.38
716112,519183,UPI,Paid,43.44
716113,519184,Card,Paid,68.94
716114,519185,UPI,Paid,161.0
716115,519186,UPI,Paid,105.64
716116,519187,UPI,Paid,115.43
716117,519188,Cash,Failed,106.86
716118,519189,Card,Paid,73.01
716119,519190,Card,Paid,89.33
716120,519191,UPI,Paid,142.53
716121,519192,UPI,Paid,82.72
716122,519193,Card,Paid,52.33
716123,519194,UPI,Paid,138.48
716124,519195,UPI,Paid,90.61
716125,519196,Cash,Paid,179.36
716126,519197,UPI,Paid,157.23
716127,519198,UPI,Paid,155.26
716128,519199,Cash,Paid,107.96
716129,519200,UPI,Paid,101.33
716130,519201,Card,Paid,59.89
716131,519202,UPI,Paid,157.87
716132,519203,Card,Paid,66.5
716133,519204,UPI,Paid,148.24
716134,519205,Cash,Paid,71.67
716135,519206,Card,Paid,124.86
716136,519207,Wallet,Paid,85.52
716137,519208,Cash,Paid,143.85
716138,519209,Wallet,Paid,151.3
716139,519210,UPI,Paid,130.86
716140,519212,UPI,Paid,73.27
716141,519214,UPI,Paid,76.29
716142,519215,Wallet,Paid,84.06
716143,519216,Card,Paid,99.38
716144,519217,Card,Paid,102.26
716145,519218,UPI,Paid,214.01
716146,519219,UPI,Paid,53.15
716147,519220,Cash,Paid,248.73
716148,519221,Card,Paid,162.41
716149,519222,Cash,Paid,155.81
716150,519225,UPI,Paid,109.02
716151,519226,UPI,Paid,40.47
716152,519227,Cash,Paid,294.57
716153,519228,Wallet,Paid,275.51
716154,519229,UPI,Paid,157.04
716155,519230,UPI,Paid,123.55
716156,519231,Cash,Paid,35.0
716157,519232,Card,Paid,155.27
716158,519233,UPI,Paid,56.26
716159,519234,Card,Paid,68.51
716160,519235,Card,Paid,95.9
716161,519237,Cash,Paid,87.51
716162,519238,UPI,Paid,130.8
716163,519239,Cash,Paid,168.53
716164,519240,UPI,Paid,129.88
716165,519241,UPI,Paid,246.95
716166,519242,Card,Paid,143.45
716167,519243,UPI,Paid,86.24
716168,519244,UPI,Paid,122.47
716169,519245,Card,Paid,79.6
716170,519246,UPI,Paid,78.69
716171,519248,UPI,Paid,168.07
716172,519249,Card,Paid,103.66
716173,519250,Cash,Paid,182.38
716174,519251,Card,Paid,157.44
716175,519252,Cash,Paid,123.52
716176,519253,UPI,Paid,97.99
716177,519254,Card,Paid,288.49
716178,519255,Card,Paid,115.59
716179,519257,Cash,Paid,93.47
716180,519258,Cash,Paid,98.13
716181,519259,Card,Paid,108.72
716182,519260,Card,Paid,74.99
716183,519261,UPI,Paid,154.51
716184,519262,Card,Paid,182.31
716185,519265,UPI,Paid,58.25
716186,519266,UPI,Paid,219.3
716187,519267,Card,Paid,313.22
716188,519268,Card,Paid,122.41
716189,519269,UPI,Paid,88.25
716190,519272,Cash,Paid,100.67
716191,519273,Cash,Paid,35.0
716192,519274,UPI,Paid,129.94
716193,519276,UPI,Paid,129.87
716194,519277,UPI,Paid,67.16
716195,519278,Card,Paid,41.83
716196,519279,Card,Paid,59.08
716197,519280,UPI,Paid,90.34
716198,519281,UPI,Paid,158.83
716199,519282,Wallet,Paid,40.2
716200,519283,UPI,Paid,123.4
716201,519284,UPI,Paid,96.71
716202,519286,Cash,Paid,77.66
716203,519287,UPI,Paid,65.16
716204,519288,Card,Paid,225.81
716205,519289,UPI,Paid,104.56
716206,519290,Cash,Paid,78.69
716207,519291,UPI,Paid,77.09
716208,519292,Card,Paid,99.88
716209,519293,UPI,Paid,77.24
716210,519294,UPI,Paid,35.0
716211,519296,UPI,Paid,164.53
716212,519297,Cash,Paid,141.32
716213,519299,Card,Paid,185.85
716214,519300,UPI,Paid,48.5
716215,519302,UPI,Paid,104.32
716216,519303,Cash,Paid,64.96
716217,519304,UPI,Paid,109.19
716218,519305,Cash,Failed,70.47
716219,519306,Wallet,Paid,198.71
716220,519307,UPI,Paid,301.23
716221,519308,UPI,Paid,80.29
716222,519309,Card,Paid,147.02
716223,519310,Card,Paid,171.32
716224,519311,Card,Paid,81.84
716225,519312,Card,Paid,46.24
716226,519314,UPI,Paid,45.08
716227,519317,Card,Paid,109.13
716228,519318,Cash,Paid,105.79
716229,519320,UPI,Paid,120.04
716230,519321,Wallet,Paid,71.9
716231,519323,Card,Paid,165.19
716232,519324,UPI,Paid,114.38
716233,519325,UPI,Paid,35.0
716234,519326,Card,Paid,62.6
716235,519327,UPI,Paid,116.09
716236,519328,UPI,Paid,217.23
716237,519329,UPI,Paid,133.94
716238,519330,Card,Failed,35.0
716239,519331,UPI,Paid,154.65
716240,519334,Cash,Paid,47.79
716241,519335,UPI,Paid,135.22
716242,519337,UPI,Paid,58.01
716243,519338,Cash,Paid,173.57
716244,519339,Card,Paid,35.0
716245,519340,Cash,Paid,108.75
716246,519341,Card,Paid,115.92
716247,519342,Card,Paid,47.01
716248,519343,UPI,Paid,241.86
716249,519345,UPI,Paid,116.72
716250,519346,Card,Paid,108.33
716251,519347,Cash,Paid,108.09
716252,519348,UPI,Paid,185.1
716253,519349,Card,Paid,104.67
716254,519350,UPI,Paid,138.81
716255,519351,UPI,Paid,66.68
716256,519352,Cash,Paid,35.0
716257,519354,Wallet,Paid,52.6
716258,519355,Cash,Paid,133.44
716259,519356,UPI,Paid,44.04
716260,519357,UPI,Paid,254.79
716261,519358,Cash,Paid,141.63
716262,519359,Card,Paid,126.16
716263,519361,UPI,Paid,151.18
716264,519362,UPI,Paid,75.04
716265,519363,Cash,Paid,124.83
716266,519364,Wallet,Paid,179.38
716267,519365,Cash,Paid,84.99
716268,519366,UPI,Paid,73.94
716269,519367,Cash,Paid,153.33
716270,519368,UPI,Paid,249.43
716271,519369,Card,Paid,169.06
716272,519370,UPI,Paid,80.92
716273,519371,UPI,Paid,128.6
716274,519372,Card,Paid,191.26
716275,519373,Cash,Paid,103.48
716276,519374,Cash,Paid,134.44
716277,519375,Wallet,Paid,77.76
716278,519376,UPI,Paid,142.62
716279,519377,UPI,Paid,295.85
716280,519378,Card,Paid,134.96
716281,519379,UPI,Paid,274.32
716282,519380,UPI,Paid,134.44
716283,519381,UPI,Paid,307.04
716284,519382,Cash,Paid,113.61
716285,519383,UPI,Paid,73.42
716286,519384,UPI,Paid,51.81
716287,519385,UPI,Paid,121.35
716288,519386,Card,Failed,163.45
716289,519388,Cash,Paid,67.08
716290,519389,Cash,Paid,91.91
716291,519391,UPI,Paid,219.76
716292,519393,UPI,Paid,70.58
716293,519394,UPI,Paid,76.76
716294,519396,Cash,Paid,119.04
716295,519397,Card,Paid,138.61
716296,519399,Cash,Paid,119.18
716297,519400,Card,Paid,240.65
716298,519401,Cash,Paid,119.58
716299,519402,UPI,Paid,54.0
716300,519403,UPI,Paid,56.76
716301,519404,Cash,Paid,44.43
716302,519405,UPI,Paid,182.09
716303,519406,UPI,Paid,42.31
716304,519408,UPI,Paid,89.06
716305,519409,Card,Paid,81.28
716306,519410,Cash,Paid,129.86
716307,519413,Card,Paid,83.66
716308,519414,Wallet,Paid,203.3
716309,519415,Cash,Paid,133.38
716310,519416,Cash,Paid,83.62
716311,519417,UPI,Paid,74.2
716312,519418,UPI,Paid,252.84
716313,519419,Card,Paid,132.32
716314,519420,UPI,Paid,100.39
716315,519421,Cash,Paid,122.24
716316,519423,UPI,Paid,120.52
716317,519425,UPI,Paid,169.25
716318,519426,UPI,Paid,169.01
716319,519428,Cash,Paid,301.12
716320,519429,UPI,Paid,173.75
716321,519430,UPI,Paid,87.56
716322,519431,Cash,Paid,100.98
716323,519432,UPI,Paid,139.05
716324,519433,UPI,Paid,131.24
716325,519434,Card,Paid,163.16
716326,519435,Card,Paid,371.74
716327,519436,UPI,Paid,91.69
716328,519437,Cash,Paid,67.72
716329,519438,Wallet,Paid,35.0
716330,519439,Cash,Paid,38.37
716331,519440,UPI,Paid,69.83
716332,519441,UPI,Paid,313.53
716333,519442,Cash,Paid,196.18
716334,519443,Cash,Paid,210.81
716335,519444,UPI,Paid,212.23
716336,519445,UPI,Paid,85.09
716337,519447,UPI,Paid,252.63
716338,519448,Card,Paid,134.33
716339,519450,UPI,Paid,179.37
716340,519451,UPI,Paid,255.03
716341,519452,Card,Paid,56.12
716342,519453,Card,Paid,159.8
716343,519454,Card,Paid,76.9
716344,519455,UPI,Paid,54.56
716345,519456,UPI,Paid,62.16
716346,519457,Cash,Paid,239.98
716347,519458,UPI,Paid,51.87
716348,519459,Wallet,Paid,42.32
716349,519460,UPI,Paid,285.6
716350,519461,Card,Paid,79.62
716351,519462,Cash,Paid,79.91
716352,519463,UPI,Failed,97.38
716353,519464,Card,Paid,99.86
716354,519465,UPI,Paid,59.74
716355,519467,Card,Paid,147.87
716356,519468,UPI,Paid,51.47
716357,519469,Card,Paid,250.37
716358,519470,UPI,Paid,86.63
716359,519471,UPI,Paid,130.37
716360,519472,UPI,Paid,125.77
716361,519473,Card,Paid,44.01
716362,519474,UPI,Paid,143.49
716363,519475,Card,Paid,121.96
716364,519476,Card,Paid,131.72
716365,519478,UPI,Paid,97.6
716366,519479,UPI,Paid,42.88
716367,519480,UPI,Paid,35.0
716368,519481,Card,Paid,134.84
716369,519482,UPI,Paid,102.05
716370,519483,UPI,Paid,56.76
716371,519484,UPI,Paid,191.52
716372,519485,UPI,Paid,73.19
716373,519486,UPI,Failed,66.78
716374,519487,UPI,Paid,62.72
716375,519489,UPI,Paid,126.51
716376,519490,UPI,Paid,128.6
716377,519491,Cash,Paid,155.91
716378,519492,UPI,Paid,57.36
716379,519493,UPI,Paid,76.58
716380,519497,UPI,Paid,153.86
716381,519498,UPI,Paid,260.74
716382,519499,Card,Paid,186.26
716383,519500,Wallet,Paid,91.85
716384,519501,UPI,Paid,324.6
716385,519502,Card,Paid,80.65
716386,519503,UPI,Paid,59.01
716387,519504,Cash,Paid,69.81
716388,519505,Card,Paid,73.54
716389,519507,UPI,Paid,80.29
716390,519508,UPI,Paid,345.13
716391,519509,Card,Paid,84.52
716392,519510,UPI,Paid,85.57
716393,519511,Cash,Paid,73.01
716394,519512,Cash,Paid,78.19
716395,519513,Card,Paid,60.7
716396,519514,UPI,Paid,80.71
716397,519515,Card,Paid,100.39
716398,519517,UPI,Paid,100.95
716399,519520,UPI,Paid,85.26
716400,519521,Cash,Paid,257.63
716401,519523,Card,Paid,113.67
716402,519525,UPI,Paid,104.39
716403,519526,UPI,Paid,41.58
716404,519527,Cash,Paid,77.28
716405,519528,Card,Paid,210.16
716406,519529,UPI,Paid,110.99
716407,519531,UPI,Paid,45.3
716408,519532,Card,Paid,194.12
716409,519533,UPI,Paid,98.97
716410,519534,UPI,Paid,162.11
716411,519535,UPI,Paid,44.78
716412,519536,Cash,Paid,71.34
716413,519537,UPI,Paid,69.52
716414,519538,Cash,Paid,263.52
716415,519539,Cash,Paid,64.2
716416,519541,UPI,Paid,128.66
716417,519543,UPI,Paid,117.39
716418,519544,UPI,Paid,71.92
716419,519546,UPI,Paid,105.76
716420,519547,UPI,Paid,35.0
716421,519549,Cash,Paid,168.87
716422,519550,Cash,Paid,72.66
716423,519551,UPI,Paid,101.83
716424,519552,Cash,Paid,80.07
716425,519553,UPI,Paid,183.68
716426,519554,Wallet,Paid,200.28
716427,519556,Cash,Paid,105.63
716428,519557,Cash,Failed,35.0
716429,519558,UPI,Paid,86.3
716430,519559,UPI,Paid,215.03
716431,519560,Wallet,Paid,72.47
716432,519562,Card,Paid,35.0
716433,519563,Wallet,Paid,73.63
716434,519564,UPI,Failed,119.53
716435,519565,UPI,Paid,152.13
716436,519566,UPI,Paid,47.0
716437,519567,Card,Paid,88.39
716438,519568,UPI,Paid,117.42
716439,519569,UPI,Paid,57.77
716440,519570,UPI,Paid,104.94
716441,519571,Cash,Paid,116.24
716442,519572,Wallet,Paid,152.47
716443,519573,Cash,Paid,112.74
716444,519574,Cash,Paid,35.0
716445,519575,Card,Paid,67.04
716446,519576,UPI,Failed,76.33
716447,519577,Card,Paid,73.8
716448,519579,UPI,Paid,129.54
716449,519580,UPI,Paid,52.61
716450,519581,UPI,Paid,174.46
716451,519582,UPI,Paid,65.16
716452,519583,UPI,Paid,85.88
716453,519585,Card,Paid,247.94
716454,519587,UPI,Paid,129.91
716455,519588,Card,Paid,89.02
716456,519589,UPI,Paid,68.46
716457,519590,Cash,Paid,83.17
716458,519591,Card,Paid,140.54
716459,519592,Cash,Paid,54.63
716460,519593,UPI,Paid,87.71
716461,519594,UPI,Paid,40.37
716462,519595,UPI,Paid,75.54
716463,519596,UPI,Paid,405.58
716464,519598,Card,Paid,105.5
716465,519600,Cash,Paid,50.63
716466,519602,UPI,Paid,114.14
716467,519603,UPI,Paid,54.22
716468,519606,Card,Paid,45.87
716469,519607,UPI,Paid,179.04
716470,519608,UPI,Paid,140.93
716471,519609,UPI,Paid,98.81
716472,519610,Cash,Paid,123.79
716473,519611,Wallet,Paid,55.99
716474,519612,UPI,Paid,129.61
716475,519613,UPI,Paid,163.29
716476,519614,UPI,Paid,204.97
716477,519615,UPI,Paid,85.86
716478,519616,Card,Paid,110.42
716479,519617,Card,Paid,215.4
716480,519618,UPI,Paid,93.09
716481,519620,UPI,Paid,163.22
716482,519621,Card,Paid,129.11
716483,519622,Card,Paid,66.44
716484,519623,Card,Paid,183.76
716485,519624,UPI,Paid,83.36
716486,519625,UPI,Paid,117.77
716487,519626,Card,Paid,72.36
716488,519627,UPI,Paid,141.36
716489,519628,UPI,Paid,66.03
716490,519629,Card,Paid,36.19
716491,519630,Cash,Paid,199.58
716492,519631,Card,Paid,94.26
716493,519632,Cash,Paid,85.46
716494,519635,UPI,Paid,379.17
716495,519636,Cash,Paid,111.38
716496,519638,UPI,Paid,60.84
716497,519639,UPI,Paid,132.42
716498,519641,Card,Paid,115.66
716499,519642,Cash,Paid,298.12
716500,519643,Cash,Paid,48.95
716501,519644,UPI,Paid,155.66
716502,519645,Card,Paid,205.34
716503,519646,Card,Paid,239.75
716504,519647,UPI,Paid,52.32
716505,519648,Card,Paid,76.9
716506,519650,UPI,Paid,76.81
716507,519651,UPI,Paid,112.78
716508,519652,UPI,Paid,99.1
716509,519653,UPI,Paid,59.18
716510,519654,UPI,Paid,133.48
716511,519655,UPI,Paid,95.17
716512,519656,UPI,Paid,92.2
716513,519657,Card,Paid,53.62
716514,519658,UPI,Paid,175.11
716515,519660,UPI,Paid,35.0
716516,519662,UPI,Paid,55.17
716517,519663,UPI,Paid,154.35
716518,519664,UPI,Paid,155.93
716519,519665,Card,Paid,182.0
716520,519666,Card,Paid,75.96
716521,519667,UPI,Paid,137.43
716522,519668,Wallet,Paid,90.32
716523,519669,Card,Paid,53.89
716524,519670,UPI,Paid,46.61
716525,519671,UPI,Paid,180.41
716526,519672,Card,Paid,77.38
716527,519674,UPI,Failed,291.97
716528,519676,UPI,Paid,54.32
716529,519679,Cash,Paid,159.2
716530,519680,Card,Paid,169.3
716531,519681,Cash,Paid,260.21
716532,519682,Cash,Paid,108.58
716533,519683,UPI,Paid,120.59
716534,519684,Card,Paid,121.04
716535,519686,UPI,Failed,134.71
716536,519687,UPI,Paid,78.93
716537,519688,Card,Paid,178.4
716538,519689,UPI,Paid,55.08
716539,519690,Cash,Paid,167.9
716540,519691,UPI,Paid,106.89
716541,519692,UPI,Paid,113.98
716542,519693,UPI,Paid,48.08
716543,519696,Card,Paid,184.25
716544,519697,Wallet,Paid,102.68
716545,519698,UPI,Paid,108.49
716546,519699,UPI,Paid,58.67
716547,519702,UPI,Paid,321.46
716548,519703,Card,Paid,354.57
716549,519704,UPI,Paid,85.56
716550,519705,UPI,Paid,234.92
716551,519706,Wallet,Paid,128.01
716552,519707,UPI,Paid,38.06
716553,519708,UPI,Paid,81.45
716554,519709,UPI,Paid,106.45
716555,519710,UPI,Paid,64.3
716556,519711,UPI,Paid,112.57
716557,519712,Card,Paid,209.52
716558,519713,UPI,Paid,292.01
716559,519714,Card,Paid,67.78
716560,519715,UPI,Paid,60.78
716561,519716,Cash,Paid,244.67
716562,519719,Cash,Paid,222.81
716563,519720,Card,Paid,103.68
716564,519721,Card,Paid,90.27
716565,519722,Cash,Paid,139.1
716566,519724,UPI,Paid,106.39
716567,519725,UPI,Paid,175.7
716568,519726,UPI,Paid,43.04
716569,519727,Card,Paid,64.3
716570,519728,UPI,Paid,100.0
716571,519729,Wallet,Paid,107.67
716572,519730,Cash,Paid,353.41
716573,519732,Cash,Paid,101.79
716574,519733,UPI,Paid,64.85
716575,519734,Cash,Paid,184.27
716576,519735,Cash,Paid,191.14
716577,519736,Card,Paid,139.62
716578,519737,Card,Paid,182.5
716579,519738,Cash,Paid,141.09
716580,519739,UPI,Paid,42.4
716581,519741,UPI,Paid,126.12
716582,519742,Cash,Paid,51.86
716583,519744,Cash,Paid,188.42
716584,519745,Cash,Paid,35.0
716585,519746,UPI,Paid,133.82
716586,519747,Card,Paid,62.73
716587,519748,Cash,Paid,128.86
716588,519749,Card,Paid,92.96
716589,519751,Card,Paid,60.19
716590,519752,UPI,Paid,166.86
716591,519754,Cash,Paid,125.36
716592,519755,UPI,Paid,85.62
716593,519756,UPI,Paid,96.83
716594,519757,Cash,Paid,210.64
716595,519758,UPI,Paid,89.3
716596,519759,Cash,Paid,67.19
716597,519760,Wallet,Paid,313.91
716598,519761,Cash,Paid,118.47
716599,519762,Wallet,Paid,70.17
716600,519763,UPI,Paid,221.14
716601,519764,UPI,Paid,90.87
716602,519765,Card,Paid,220.42
716603,519767,Cash,Paid,217.81
716604,519770,UPI,Paid,36.59
716605,519771,UPI,Paid,155.51
716606,519772,Card,Paid,37.19
716607,519773,Cash,Paid,172.49
716608,519774,UPI,Paid,80.51
716609,519775,UPI,Paid,267.86
716610,519777,UPI,Paid,121.62
716611,519778,UPI,Paid,79.11
716612,519779,Wallet,Paid,111.51
716613,519780,UPI,Paid,99.17
716614,519781,Cash,Paid,295.87
716615,519782,UPI,Paid,40.35
716616,519783,UPI,Paid,225.41
716617,519784,Card,Paid,146.84
716618,519785,UPI,Paid,170.56
716619,519786,Card,Paid,93.03
716620,519787,Cash,Paid,131.95
716621,519789,UPI,Paid,179.56
716622,519790,UPI,Paid,92.71
716623,519791,Card,Paid,442.53
716624,519793,Cash,Paid,161.32
716625,519794,Cash,Paid,211.34
716626,519795,Card,Paid,107.99
716627,519797,UPI,Paid,96.41
716628,519798,UPI,Paid,35.0
716629,519799,Card,Paid,97.58
716630,519800,Cash,Paid,104.04
716631,519801,Cash,Paid,119.24
716632,519803,UPI,Paid,147.02
716633,519805,UPI,Paid,132.46
716634,519806,Card,Paid,57.94
716635,519807,UPI,Paid,72.21
716636,519808,Card,Paid,50.96
716637,519809,Cash,Paid,123.26
716638,519810,UPI,Paid,242.73
716639,519811,UPI,Paid,174.81
716640,519812,Cash,Paid,183.09
716641,519814,UPI,Paid,163.76
716642,519815,UPI,Paid,76.95
716643,519816,UPI,Paid,100.9
716644,519817,Cash,Paid,120.28
716645,519818,Card,Paid,59.2
716646,519819,Cash,Paid,35.0
716647,519820,UPI,Paid,58.77
716648,519821,UPI,Paid,364.19
716649,519822,Card,Paid,189.87
716650,519823,Card,Paid,84.82
716651,519825,UPI,Paid,75.14
716652,519826,Card,Paid,132.58
716653,519827,UPI,Paid,35.0
716654,519828,Wallet,Paid,68.85
716655,519829,UPI,Paid,537.01
716656,519830,UPI,Paid,275.73
716657,519832,Cash,Paid,35.0
716658,519833,Wallet,Paid,114.98
716659,519834,Cash,Paid,135.85
716660,519835,Card,Failed,145.44
716661,519836,UPI,Paid,122.45
716662,519837,UPI,Paid,66.77
716663,519838,Cash,Paid,67.97
716664,519839,UPI,Failed,274.65
716665,519840,Card,Paid,104.64
716666,519842,Cash,Paid,70.48
716667,519843,UPI,Paid,35.0
716668,519844,UPI,Paid,72.62
716669,519846,Card,Paid,103.83
716670,519847,Card,Paid,114.8
716671,519849,Cash,Paid,124.32
716672,519851,UPI,Paid,72.95
716673,519852,Cash,Paid,216.72
716674,519853,Card,Paid,35.0
716675,519854,UPI,Paid,144.05
716676,519855,Card,Paid,158.23
716677,519857,UPI,Paid,359.52
716678,519858,UPI,Paid,35.0
716679,519859,Cash,Paid,80.72
716680,519860,UPI,Paid,144.78
716681,519861,Card,Paid,124.68
716682,519862,UPI,Paid,44.13
716683,519864,UPI,Paid,186.62
716684,519865,Card,Paid,59.18
716685,519866,Card,Paid,231.66
716686,519867,Card,Paid,235.41
716687,519868,Wallet,Paid,83.12
716688,519869,Card,Paid,47.08
716689,519870,Card,Paid,55.22
716690,519872,UPI,Paid,76.96
716691,519873,UPI,Paid,35.0
716692,519874,Card,Paid,82.13
716693,519875,Card,Paid,142.18
716694,519876,Card,Paid,85.69
716695,519877,UPI,Paid,120.83
716696,519878,UPI,Paid,53.34
716697,519879,UPI,Paid,68.61
716698,519880,UPI,Paid,229.81
716699,519881,Card,Paid,101.76
716700,519882,UPI,Failed,47.93
716701,519883,UPI,Paid,137.49
716702,519884,Cash,Paid,147.29
716703,519886,Cash,Paid,74.27
716704,519887,UPI,Paid,63.65
716705,519888,Card,Paid,88.83
716706,519889,UPI,Paid,176.94
716707,519890,Cash,Paid,104.95
716708,519893,UPI,Paid,40.05
716709,519894,Card,Paid,342.25
716710,519896,Wallet,Paid,67.37
716711,519897,Card,Paid,72.96
716712,519898,UPI,Paid,154.73
716713,519899,Card,Paid,80.22
716714,519900,UPI,Paid,72.73
716715,519901,Cash,Paid,125.72
716716,519903,Card,Paid,172.37
716717,519904,UPI,Paid,108.23
716718,519905,UPI,Failed,130.03
716719,519906,Card,Paid,125.65
716720,519909,UPI,Paid,274.74
716721,519912,UPI,Paid,52.49
716722,519913,UPI,Paid,67.78
716723,519914,Card,Paid,175.2
716724,519915,Wallet,Paid,214.11
716725,519916,Card,Paid,297.68
716726,519917,UPI,Failed,165.27
716727,519919,UPI,Paid,72.51
716728,519920,Cash,Paid,169.73
716729,519922,UPI,Paid,227.71
716730,519923,Cash,Paid,69.03
716731,519924,UPI,Paid,168.18
716732,519925,UPI,Paid,128.78
716733,519926,Cash,Paid,163.21
716734,519927,UPI,Paid,214.98
716735,519928,UPI,Paid,149.28
716736,519929,UPI,Paid,35.0
716737,519930,UPI,Paid,57.46
716738,519931,Card,Paid,113.98
716739,519934,Card,Paid,39.87
716740,519935,UPI,Paid,90.45
716741,519936,UPI,Paid,204.72
716742,519937,UPI,Paid,150.75
716743,519938,Cash,Paid,88.84
716744,519939,Cash,Paid,83.28
716745,519940,UPI,Paid,67.68
716746,519941,UPI,Paid,112.48
716747,519942,UPI,Paid,184.52
716748,519944,Card,Paid,43.18
716749,519945,Cash,Paid,172.63
716750,519946,Card,Paid,204.1
716751,519947,Card,Paid,120.49
716752,519948,Card,Paid,90.12
716753,519949,UPI,Paid,82.84
716754,519950,Wallet,Paid,44.24
716755,519952,UPI,Paid,167.9
716756,519953,Cash,Paid,87.09
716757,519954,Cash,Paid,79.33
716758,519955,Card,Paid,35.0
716759,519956,Card,Paid,82.16
716760,519960,UPI,Paid,50.59
716761,519961,Card,Paid,68.54
716762,519962,UPI,Paid,170.43
716763,519963,Cash,Paid,113.23
716764,519964,Card,Paid,97.82
716765,519965,Cash,Paid,67.95
716766,519966,UPI,Paid,98.79
716767,519967,Card,Paid,205.46
716768,519968,Wallet,Paid,72.38
716769,519969,Card,Paid,87.38
716770,519970,Card,Paid,48.53
716771,519971,UPI,Paid,122.88
716772,519974,UPI,Paid,90.93
716773,519975,UPI,Paid,97.03
716774,519976,UPI,Paid,86.42
716775,519977,UPI,Paid,65.86
716776,519978,UPI,Paid,35.0
716777,519979,UPI,Paid,142.59
716778,519980,UPI,Paid,98.49
716779,519981,Card,Paid,176.31
716780,519982,UPI,Paid,77.88
716781,519983,UPI,Paid,142.89
716782,519984,Card,Paid,205.61
716783,519985,UPI,Paid,39.75
716784,519987,UPI,Paid,310.09
716785,519990,Wallet,Paid,99.91
716786,519991,Card,Paid,53.37
716787,519992,Wallet,Paid,61.98
716788,519993,UPI,Paid,112.15
716789,519994,Card,Paid,122.57
716790,519995,Card,Paid,119.41
716791,519996,UPI,Paid,49.34
716792,519997,Cash,Failed,260.08
716793,519998,Cash,Paid,151.66
716794,519999,UPI,Paid,379.87
716795,520000,Cash,Paid,49.0
